# Blender 4.4.3
# www.blender.org
mtllib Queen.mtl
o CheckerQueen
v -0.136788 0.110824 -0.148695
v -0.134292 0.111382 -0.156929
v -0.136530 0.111382 -0.148575
v -0.134575 0.110824 -0.156953
v -0.135320 0.110824 -0.165471
v -0.135045 0.111382 -0.165544
v -0.138700 0.111382 -0.173382
v -0.138933 0.110824 -0.173219
v -0.144816 0.111382 -0.179498
v -0.144979 0.110824 -0.179265
v -0.152654 0.111382 -0.183153
v -0.152727 0.110824 -0.182878
v -0.161269 0.111382 -0.183906
v -0.161245 0.110824 -0.183623
v -0.169623 0.111382 -0.181668
v -0.169503 0.110824 -0.181411
v -0.176507 0.110824 -0.176507
v -0.176707 0.111382 -0.176707
v -0.181411 0.110824 -0.169503
v -0.181668 0.111382 -0.169623
v -0.183623 0.110824 -0.161245
v -0.183906 0.111382 -0.161269
v -0.182878 0.110824 -0.152727
v -0.183153 0.111382 -0.152654
v -0.179265 0.110824 -0.144979
v -0.179498 0.111382 -0.144816
v -0.173219 0.110824 -0.138933
v -0.173382 0.111382 -0.138700
v -0.165471 0.110824 -0.135320
v -0.165544 0.111382 -0.135045
v -0.156929 0.111382 -0.134292
v -0.156953 0.110824 -0.134575
v -0.148695 0.110824 -0.136788
v -0.148575 0.111382 -0.136530
v -0.137189 0.110382 -0.148882
v -0.135015 0.110382 -0.156992
v -0.135747 0.110382 -0.165356
v -0.139296 0.110382 -0.172966
v -0.145232 0.110382 -0.178902
v -0.152842 0.110382 -0.182451
v -0.161206 0.110382 -0.183183
v -0.169316 0.110382 -0.181010
v -0.176194 0.110382 -0.176194
v -0.181010 0.110382 -0.169316
v -0.183183 0.110382 -0.161206
v -0.182451 0.110382 -0.152842
v -0.178902 0.110382 -0.145232
v -0.172966 0.110382 -0.139296
v -0.165356 0.110382 -0.135747
v -0.156992 0.110382 -0.135015
v -0.148882 0.110382 -0.137189
v -0.135571 0.110098 -0.157041
v -0.137694 0.110098 -0.149118
v -0.136286 0.110098 -0.165212
v -0.139752 0.110098 -0.172646
v -0.145552 0.110098 -0.178446
v -0.152986 0.110098 -0.181912
v -0.161157 0.110098 -0.182627
v -0.169080 0.110098 -0.180504
v -0.175800 0.110098 -0.175800
v -0.180504 0.110098 -0.169080
v -0.182627 0.110098 -0.161157
v -0.181912 0.110098 -0.152986
v -0.178446 0.110098 -0.145552
v -0.172646 0.110098 -0.139752
v -0.165212 0.110098 -0.136286
v -0.157041 0.110098 -0.135571
v -0.149118 0.110098 -0.137694
v -0.181757 0.112000 -0.169664
v -0.176777 0.112000 -0.176777
v -0.184004 0.112000 -0.161278
v -0.183247 0.112000 -0.152629
v -0.179578 0.112000 -0.144760
v -0.173438 0.112000 -0.138620
v -0.165569 0.112000 -0.134951
v -0.156920 0.112000 -0.134194
v -0.148534 0.112000 -0.136441
v -0.141421 0.112000 -0.141421
v -0.141529 0.111235 -0.141529
v -0.141836 0.110586 -0.141836
v -0.142294 0.110152 -0.142294
v -0.142836 0.110000 -0.142836
v -0.149379 0.110000 -0.138254
v -0.157094 0.110000 -0.136187
v -0.165052 0.110000 -0.136883
v -0.172291 0.110000 -0.140259
v -0.177940 0.110000 -0.145907
v -0.181315 0.110000 -0.153146
v -0.182012 0.110000 -0.161104
v -0.179944 0.110000 -0.168819
v -0.175362 0.110000 -0.175362
v -0.168819 0.110000 -0.179944
v -0.161104 0.110000 -0.182012
v -0.153146 0.110000 -0.181315
v -0.145907 0.110000 -0.177940
v -0.140259 0.110000 -0.172291
v -0.136883 0.110000 -0.165052
v -0.136187 0.110000 -0.157094
v -0.138254 0.110000 -0.149379
v -0.136441 0.112000 -0.148534
v -0.134194 0.112000 -0.156920
v -0.134951 0.112000 -0.165569
v -0.138620 0.112000 -0.173438
v -0.144760 0.112000 -0.179578
v -0.152629 0.112000 -0.183247
v -0.161278 0.112000 -0.184004
v -0.169664 0.112000 -0.181757
v 0.015824 0.110824 -0.206141
v 0.016007 0.111382 -0.205924
v 0.008517 0.111382 -0.201600
v 0.008420 0.110824 -0.201867
v 0.021320 0.110824 -0.212691
v 0.021566 0.111382 -0.212549
v 0.024244 0.110824 -0.220725
v 0.024524 0.111382 -0.220676
v 0.024244 0.110824 -0.229275
v 0.024524 0.111382 -0.229324
v 0.021566 0.111382 -0.237451
v 0.021320 0.110824 -0.237309
v 0.016007 0.111382 -0.244076
v 0.015824 0.110824 -0.243859
v 0.008517 0.111382 -0.248400
v 0.008420 0.110824 -0.248133
v 0.000000 0.111382 -0.249902
v 0.000000 0.110824 -0.249618
v -0.008420 0.110824 -0.248133
v -0.008517 0.111382 -0.248400
v -0.015824 0.110824 -0.243859
v -0.016007 0.111382 -0.244076
v -0.021320 0.110824 -0.237309
v -0.021566 0.111382 -0.237451
v -0.024244 0.110824 -0.229275
v -0.024524 0.111382 -0.229324
v -0.024244 0.110824 -0.220725
v -0.024524 0.111382 -0.220676
v -0.021566 0.111382 -0.212549
v -0.021320 0.110824 -0.212691
v -0.016007 0.111382 -0.205924
v -0.015824 0.110824 -0.206141
v -0.008517 0.111382 -0.201600
v -0.008420 0.110824 -0.201867
v 0.008269 0.110382 -0.202282
v 0.015540 0.110382 -0.206480
v 0.020937 0.110382 -0.212912
v 0.023808 0.110382 -0.220802
v 0.023808 0.110382 -0.229198
v 0.020937 0.110382 -0.237088
v 0.015540 0.110382 -0.243520
v 0.008269 0.110382 -0.247718
v 0.000000 0.110382 -0.249176
v -0.008269 0.110382 -0.247718
v -0.015540 0.110382 -0.243520
v -0.020937 0.110382 -0.237088
v -0.023808 0.110382 -0.229198
v -0.023808 0.110382 -0.220802
v -0.020937 0.110382 -0.212912
v -0.015540 0.110382 -0.206480
v -0.008269 0.110382 -0.202282
v 0.015181 0.110098 -0.206908
v 0.008078 0.110098 -0.202806
v 0.020454 0.110098 -0.213191
v 0.023259 0.110098 -0.220899
v 0.023259 0.110098 -0.229101
v 0.020454 0.110098 -0.236809
v 0.015181 0.110098 -0.243092
v 0.008078 0.110098 -0.247194
v 0.000000 0.110098 -0.248618
v -0.008078 0.110098 -0.247194
v -0.015181 0.110098 -0.243092
v -0.020454 0.110098 -0.236809
v -0.023259 0.110098 -0.229101
v -0.023259 0.110098 -0.220899
v -0.020454 0.110098 -0.213191
v -0.015181 0.110098 -0.206908
v -0.008078 0.110098 -0.202806
v -0.008551 0.112000 -0.248492
v -0.000000 0.112000 -0.250000
v -0.016070 0.112000 -0.244151
v -0.021651 0.112000 -0.237500
v -0.024620 0.112000 -0.229341
v -0.024620 0.112000 -0.220659
v -0.021651 0.112000 -0.212500
v -0.016070 0.112000 -0.205849
v -0.008551 0.112000 -0.201508
v 0.000000 0.112000 -0.200000
v 0.000000 0.111235 -0.200152
v 0.000000 0.110586 -0.200586
v 0.000000 0.110152 -0.201235
v 0.000000 0.110000 -0.202000
v -0.007866 0.110000 -0.203387
v -0.014784 0.110000 -0.207381
v -0.019919 0.110000 -0.213500
v -0.022651 0.110000 -0.221006
v -0.022651 0.110000 -0.228994
v -0.019919 0.110000 -0.236500
v -0.014784 0.110000 -0.242619
v -0.007866 0.110000 -0.246613
v 0.000000 0.110000 -0.248000
v 0.007866 0.110000 -0.246613
v 0.014784 0.110000 -0.242619
v 0.019919 0.110000 -0.236500
v 0.022651 0.110000 -0.228994
v 0.022651 0.110000 -0.221006
v 0.019919 0.110000 -0.213500
v 0.014784 0.110000 -0.207381
v 0.007866 0.110000 -0.203387
v 0.008551 0.112000 -0.201508
v 0.016070 0.112000 -0.205849
v 0.021651 0.112000 -0.212500
v 0.024620 0.112000 -0.220659
v 0.024620 0.112000 -0.229341
v 0.021651 0.112000 -0.237500
v 0.016070 0.112000 -0.244151
v 0.008551 0.112000 -0.248492
v 0.148695 0.110824 -0.136788
v 0.156929 0.111382 -0.134292
v 0.148575 0.111382 -0.136530
v 0.156953 0.110824 -0.134575
v 0.165471 0.110824 -0.135320
v 0.165544 0.111382 -0.135045
v 0.173382 0.111382 -0.138700
v 0.173219 0.110824 -0.138933
v 0.179498 0.111382 -0.144816
v 0.179265 0.110824 -0.144979
v 0.183153 0.111382 -0.152654
v 0.182878 0.110824 -0.152727
v 0.183906 0.111382 -0.161269
v 0.183623 0.110824 -0.161245
v 0.181668 0.111382 -0.169623
v 0.181411 0.110824 -0.169503
v 0.176507 0.110824 -0.176507
v 0.176707 0.111382 -0.176707
v 0.169503 0.110824 -0.181411
v 0.169623 0.111382 -0.181668
v 0.161245 0.110824 -0.183623
v 0.161269 0.111382 -0.183906
v 0.152727 0.110824 -0.182878
v 0.152654 0.111382 -0.183153
v 0.144979 0.110824 -0.179265
v 0.144816 0.111382 -0.179498
v 0.138933 0.110824 -0.173219
v 0.138700 0.111382 -0.173382
v 0.135320 0.110824 -0.165471
v 0.135045 0.111382 -0.165544
v 0.134292 0.111382 -0.156929
v 0.134575 0.110824 -0.156953
v 0.136788 0.110824 -0.148695
v 0.136530 0.111382 -0.148575
v 0.148882 0.110382 -0.137189
v 0.156992 0.110382 -0.135015
v 0.165356 0.110382 -0.135747
v 0.172966 0.110382 -0.139296
v 0.178902 0.110382 -0.145232
v 0.182451 0.110382 -0.152842
v 0.183183 0.110382 -0.161206
v 0.181010 0.110382 -0.169316
v 0.176194 0.110382 -0.176194
v 0.169316 0.110382 -0.181010
v 0.161206 0.110382 -0.183183
v 0.152842 0.110382 -0.182451
v 0.145232 0.110382 -0.178902
v 0.139296 0.110382 -0.172966
v 0.135747 0.110382 -0.165356
v 0.135015 0.110382 -0.156992
v 0.137189 0.110382 -0.148882
v 0.157041 0.110098 -0.135571
v 0.149118 0.110098 -0.137694
v 0.165212 0.110098 -0.136286
v 0.172646 0.110098 -0.139752
v 0.178446 0.110098 -0.145552
v 0.181912 0.110098 -0.152986
v 0.182627 0.110098 -0.161157
v 0.180504 0.110098 -0.169080
v 0.175800 0.110098 -0.175800
v 0.169080 0.110098 -0.180504
v 0.161157 0.110098 -0.182627
v 0.152986 0.110098 -0.181912
v 0.145552 0.110098 -0.178446
v 0.139752 0.110098 -0.172646
v 0.136286 0.110098 -0.165212
v 0.135571 0.110098 -0.157041
v 0.137694 0.110098 -0.149118
v 0.169664 0.112000 -0.181757
v 0.176777 0.112000 -0.176777
v 0.161278 0.112000 -0.184004
v 0.152629 0.112000 -0.183247
v 0.144760 0.112000 -0.179578
v 0.138620 0.112000 -0.173438
v 0.134951 0.112000 -0.165569
v 0.134194 0.112000 -0.156920
v 0.136441 0.112000 -0.148534
v 0.141421 0.112000 -0.141421
v 0.141529 0.111235 -0.141529
v 0.141836 0.110586 -0.141836
v 0.142294 0.110152 -0.142294
v 0.142836 0.110000 -0.142836
v 0.138254 0.110000 -0.149379
v 0.136187 0.110000 -0.157094
v 0.136883 0.110000 -0.165052
v 0.140259 0.110000 -0.172291
v 0.145907 0.110000 -0.177940
v 0.153146 0.110000 -0.181315
v 0.161104 0.110000 -0.182012
v 0.168819 0.110000 -0.179944
v 0.175362 0.110000 -0.175362
v 0.179944 0.110000 -0.168819
v 0.182012 0.110000 -0.161104
v 0.181315 0.110000 -0.153146
v 0.177940 0.110000 -0.145907
v 0.172291 0.110000 -0.140259
v 0.165052 0.110000 -0.136883
v 0.157094 0.110000 -0.136187
v 0.149379 0.110000 -0.138254
v 0.148534 0.112000 -0.136441
v 0.156920 0.112000 -0.134194
v 0.165569 0.112000 -0.134951
v 0.173438 0.112000 -0.138620
v 0.179578 0.112000 -0.144760
v 0.183247 0.112000 -0.152629
v 0.184004 0.112000 -0.161278
v 0.181757 0.112000 -0.169664
v 0.206141 0.110824 0.015824
v 0.205924 0.111382 0.016007
v 0.201600 0.111382 0.008517
v 0.201867 0.110824 0.008420
v 0.212691 0.110824 0.021320
v 0.212549 0.111382 0.021566
v 0.220725 0.110824 0.024244
v 0.220676 0.111382 0.024524
v 0.229275 0.110824 0.024244
v 0.229324 0.111382 0.024524
v 0.237451 0.111382 0.021566
v 0.237309 0.110824 0.021320
v 0.244076 0.111382 0.016007
v 0.243859 0.110824 0.015824
v 0.248400 0.111382 0.008517
v 0.248133 0.110824 0.008420
v 0.249902 0.111382 0.000000
v 0.249618 0.110824 0.000000
v 0.248133 0.110824 -0.008420
v 0.248400 0.111382 -0.008517
v 0.243859 0.110824 -0.015824
v 0.244076 0.111382 -0.016007
v 0.237309 0.110824 -0.021320
v 0.237451 0.111382 -0.021566
v 0.229275 0.110824 -0.024244
v 0.229324 0.111382 -0.024524
v 0.220725 0.110824 -0.024244
v 0.220676 0.111382 -0.024524
v 0.212549 0.111382 -0.021566
v 0.212691 0.110824 -0.021320
v 0.205924 0.111382 -0.016007
v 0.206141 0.110824 -0.015824
v 0.201600 0.111382 -0.008517
v 0.201867 0.110824 -0.008420
v 0.202282 0.110382 0.008269
v 0.206480 0.110382 0.015540
v 0.212912 0.110382 0.020937
v 0.220802 0.110382 0.023808
v 0.229198 0.110382 0.023808
v 0.237088 0.110382 0.020937
v 0.243520 0.110382 0.015540
v 0.247718 0.110382 0.008269
v 0.249176 0.110382 0.000000
v 0.247718 0.110382 -0.008269
v 0.243520 0.110382 -0.015540
v 0.237088 0.110382 -0.020937
v 0.229198 0.110382 -0.023808
v 0.220802 0.110382 -0.023808
v 0.212912 0.110382 -0.020937
v 0.206480 0.110382 -0.015540
v 0.202282 0.110382 -0.008269
v 0.206908 0.110098 0.015181
v 0.202806 0.110098 0.008078
v 0.213191 0.110098 0.020454
v 0.220899 0.110098 0.023259
v 0.229101 0.110098 0.023259
v 0.236809 0.110098 0.020454
v 0.243092 0.110098 0.015181
v 0.247194 0.110098 0.008078
v 0.248618 0.110098 0.000000
v 0.247194 0.110098 -0.008078
v 0.243092 0.110098 -0.015181
v 0.236809 0.110098 -0.020454
v 0.229101 0.110098 -0.023259
v 0.220899 0.110098 -0.023259
v 0.213191 0.110098 -0.020454
v 0.206908 0.110098 -0.015181
v 0.202806 0.110098 -0.008078
v 0.248492 0.112000 -0.008551
v 0.250000 0.112000 -0.000000
v 0.244151 0.112000 -0.016070
v 0.237500 0.112000 -0.021651
v 0.229341 0.112000 -0.024620
v 0.220659 0.112000 -0.024620
v 0.212500 0.112000 -0.021651
v 0.205849 0.112000 -0.016070
v 0.201508 0.112000 -0.008551
v 0.200000 0.112000 0.000000
v 0.200152 0.111235 0.000000
v 0.200586 0.110586 0.000000
v 0.201235 0.110152 0.000000
v 0.202000 0.110000 0.000000
v 0.203387 0.110000 -0.007866
v 0.207381 0.110000 -0.014784
v 0.213500 0.110000 -0.019919
v 0.221006 0.110000 -0.022651
v 0.228994 0.110000 -0.022651
v 0.236500 0.110000 -0.019919
v 0.242619 0.110000 -0.014784
v 0.246613 0.110000 -0.007866
v 0.248000 0.110000 0.000000
v 0.246613 0.110000 0.007866
v 0.242619 0.110000 0.014784
v 0.236500 0.110000 0.019919
v 0.228994 0.110000 0.022651
v 0.221006 0.110000 0.022651
v 0.213500 0.110000 0.019919
v 0.207381 0.110000 0.014784
v 0.203387 0.110000 0.007866
v 0.201508 0.112000 0.008551
v 0.205849 0.112000 0.016070
v 0.212500 0.112000 0.021651
v 0.220659 0.112000 0.024620
v 0.229341 0.112000 0.024620
v 0.237500 0.112000 0.021651
v 0.244151 0.112000 0.016070
v 0.248492 0.112000 0.008551
v 0.136788 0.110824 0.148695
v 0.134292 0.111382 0.156929
v 0.136530 0.111382 0.148575
v 0.134575 0.110824 0.156953
v 0.135320 0.110824 0.165471
v 0.135045 0.111382 0.165544
v 0.138700 0.111382 0.173382
v 0.138933 0.110824 0.173219
v 0.144816 0.111382 0.179498
v 0.144979 0.110824 0.179265
v 0.152654 0.111382 0.183153
v 0.152727 0.110824 0.182878
v 0.161269 0.111382 0.183906
v 0.161245 0.110824 0.183623
v 0.169623 0.111382 0.181668
v 0.169503 0.110824 0.181411
v 0.176507 0.110824 0.176507
v 0.176707 0.111382 0.176707
v 0.181411 0.110824 0.169503
v 0.181668 0.111382 0.169623
v 0.183623 0.110824 0.161245
v 0.183906 0.111382 0.161269
v 0.182878 0.110824 0.152727
v 0.183153 0.111382 0.152654
v 0.179265 0.110824 0.144979
v 0.179498 0.111382 0.144816
v 0.173219 0.110824 0.138933
v 0.173382 0.111382 0.138700
v 0.165471 0.110824 0.135320
v 0.165544 0.111382 0.135045
v 0.156929 0.111382 0.134292
v 0.156953 0.110824 0.134575
v 0.148695 0.110824 0.136788
v 0.148575 0.111382 0.136530
v 0.137189 0.110382 0.148882
v 0.135015 0.110382 0.156992
v 0.135747 0.110382 0.165356
v 0.139296 0.110382 0.172966
v 0.145232 0.110382 0.178902
v 0.152842 0.110382 0.182451
v 0.161206 0.110382 0.183183
v 0.169316 0.110382 0.181010
v 0.176194 0.110382 0.176194
v 0.181010 0.110382 0.169316
v 0.183183 0.110382 0.161206
v 0.182451 0.110382 0.152842
v 0.178902 0.110382 0.145232
v 0.172966 0.110382 0.139296
v 0.165356 0.110382 0.135747
v 0.156992 0.110382 0.135015
v 0.148882 0.110382 0.137189
v 0.135571 0.110098 0.157041
v 0.137694 0.110098 0.149118
v 0.136286 0.110098 0.165212
v 0.139752 0.110098 0.172646
v 0.145552 0.110098 0.178446
v 0.152986 0.110098 0.181912
v 0.161157 0.110098 0.182627
v 0.169080 0.110098 0.180504
v 0.175800 0.110098 0.175800
v 0.180504 0.110098 0.169080
v 0.182627 0.110098 0.161157
v 0.181912 0.110098 0.152986
v 0.178446 0.110098 0.145552
v 0.172646 0.110098 0.139752
v 0.165212 0.110098 0.136286
v 0.157041 0.110098 0.135571
v 0.149118 0.110098 0.137694
v 0.181757 0.112000 0.169664
v 0.176777 0.112000 0.176777
v 0.184004 0.112000 0.161278
v 0.183247 0.112000 0.152629
v 0.179578 0.112000 0.144760
v 0.173438 0.112000 0.138620
v 0.165569 0.112000 0.134951
v 0.156920 0.112000 0.134194
v 0.148534 0.112000 0.136441
v 0.141421 0.112000 0.141421
v 0.141529 0.111235 0.141529
v 0.141836 0.110586 0.141836
v 0.142294 0.110152 0.142294
v 0.142836 0.110000 0.142836
v 0.149379 0.110000 0.138254
v 0.157094 0.110000 0.136187
v 0.165052 0.110000 0.136883
v 0.172291 0.110000 0.140259
v 0.177940 0.110000 0.145907
v 0.181315 0.110000 0.153146
v 0.182012 0.110000 0.161104
v 0.179944 0.110000 0.168819
v 0.175362 0.110000 0.175362
v 0.168819 0.110000 0.179944
v 0.161104 0.110000 0.182012
v 0.153146 0.110000 0.181315
v 0.145907 0.110000 0.177940
v 0.140259 0.110000 0.172291
v 0.136883 0.110000 0.165052
v 0.136187 0.110000 0.157094
v 0.138254 0.110000 0.149379
v 0.136441 0.112000 0.148534
v 0.134194 0.112000 0.156920
v 0.134951 0.112000 0.165569
v 0.138620 0.112000 0.173438
v 0.144760 0.112000 0.179578
v 0.152629 0.112000 0.183247
v 0.161278 0.112000 0.184004
v 0.169664 0.112000 0.181757
v -0.015824 0.110824 0.206141
v -0.016007 0.111382 0.205924
v -0.008517 0.111382 0.201600
v -0.008420 0.110824 0.201867
v -0.021320 0.110824 0.212691
v -0.021566 0.111382 0.212549
v -0.024244 0.110824 0.220725
v -0.024524 0.111382 0.220676
v -0.024244 0.110824 0.229275
v -0.024524 0.111382 0.229324
v -0.021566 0.111382 0.237451
v -0.021320 0.110824 0.237309
v -0.016007 0.111382 0.244076
v -0.015824 0.110824 0.243859
v -0.008517 0.111382 0.248400
v -0.008420 0.110824 0.248133
v -0.000000 0.111382 0.249902
v -0.000000 0.110824 0.249618
v 0.008420 0.110824 0.248133
v 0.008517 0.111382 0.248400
v 0.015824 0.110824 0.243859
v 0.016007 0.111382 0.244076
v 0.021320 0.110824 0.237309
v 0.021566 0.111382 0.237451
v 0.024244 0.110824 0.229275
v 0.024524 0.111382 0.229324
v 0.024244 0.110824 0.220725
v 0.024524 0.111382 0.220676
v 0.021566 0.111382 0.212549
v 0.021320 0.110824 0.212691
v 0.016007 0.111382 0.205924
v 0.015824 0.110824 0.206141
v 0.008517 0.111382 0.201600
v 0.008420 0.110824 0.201867
v -0.008269 0.110382 0.202282
v -0.015540 0.110382 0.206480
v -0.020937 0.110382 0.212912
v -0.023808 0.110382 0.220802
v -0.023808 0.110382 0.229198
v -0.020937 0.110382 0.237088
v -0.015540 0.110382 0.243520
v -0.008269 0.110382 0.247718
v -0.000000 0.110382 0.249176
v 0.008269 0.110382 0.247718
v 0.015540 0.110382 0.243520
v 0.020937 0.110382 0.237088
v 0.023808 0.110382 0.229198
v 0.023808 0.110382 0.220802
v 0.020937 0.110382 0.212912
v 0.015540 0.110382 0.206480
v 0.008269 0.110382 0.202282
v -0.015181 0.110098 0.206908
v -0.008078 0.110098 0.202806
v -0.020454 0.110098 0.213191
v -0.023259 0.110098 0.220899
v -0.023259 0.110098 0.229101
v -0.020454 0.110098 0.236809
v -0.015181 0.110098 0.243092
v -0.008078 0.110098 0.247194
v -0.000000 0.110098 0.248618
v 0.008078 0.110098 0.247194
v 0.015181 0.110098 0.243092
v 0.020454 0.110098 0.236809
v 0.023259 0.110098 0.229101
v 0.023259 0.110098 0.220899
v 0.020454 0.110098 0.213191
v 0.015181 0.110098 0.206908
v 0.008078 0.110098 0.202806
v 0.008551 0.112000 0.248492
v 0.000000 0.112000 0.250000
v 0.016070 0.112000 0.244151
v 0.021651 0.112000 0.237500
v 0.024620 0.112000 0.229341
v 0.024620 0.112000 0.220659
v 0.021651 0.112000 0.212500
v 0.016070 0.112000 0.205849
v 0.008551 0.112000 0.201508
v -0.000000 0.112000 0.200000
v -0.000000 0.111235 0.200152
v -0.000000 0.110586 0.200586
v -0.000000 0.110152 0.201235
v -0.000000 0.110000 0.202000
v 0.007866 0.110000 0.203387
v 0.014784 0.110000 0.207381
v 0.019919 0.110000 0.213500
v 0.022651 0.110000 0.221006
v 0.022651 0.110000 0.228994
v 0.019919 0.110000 0.236500
v 0.014784 0.110000 0.242619
v 0.007866 0.110000 0.246613
v -0.000000 0.110000 0.248000
v -0.007866 0.110000 0.246613
v -0.014784 0.110000 0.242619
v -0.019919 0.110000 0.236500
v -0.022651 0.110000 0.228994
v -0.022651 0.110000 0.221006
v -0.019919 0.110000 0.213500
v -0.014784 0.110000 0.207381
v -0.007866 0.110000 0.203387
v -0.008551 0.112000 0.201508
v -0.016070 0.112000 0.205849
v -0.021651 0.112000 0.212500
v -0.024620 0.112000 0.220659
v -0.024620 0.112000 0.229341
v -0.021651 0.112000 0.237500
v -0.016070 0.112000 0.244151
v -0.008551 0.112000 0.248492
v -0.148695 0.110824 0.136788
v -0.156929 0.111382 0.134292
v -0.148575 0.111382 0.136530
v -0.156953 0.110824 0.134575
v -0.165471 0.110824 0.135320
v -0.165544 0.111382 0.135045
v -0.173382 0.111382 0.138700
v -0.173219 0.110824 0.138933
v -0.179498 0.111382 0.144816
v -0.179265 0.110824 0.144979
v -0.183153 0.111382 0.152654
v -0.182878 0.110824 0.152727
v -0.183906 0.111382 0.161269
v -0.183623 0.110824 0.161245
v -0.181668 0.111382 0.169623
v -0.181411 0.110824 0.169503
v -0.176507 0.110824 0.176507
v -0.176707 0.111382 0.176707
v -0.169503 0.110824 0.181411
v -0.169623 0.111382 0.181668
v -0.161245 0.110824 0.183623
v -0.161269 0.111382 0.183906
v -0.152727 0.110824 0.182878
v -0.152654 0.111382 0.183153
v -0.144979 0.110824 0.179265
v -0.144816 0.111382 0.179498
v -0.138933 0.110824 0.173219
v -0.138700 0.111382 0.173382
v -0.135320 0.110824 0.165471
v -0.135045 0.111382 0.165544
v -0.134292 0.111382 0.156929
v -0.134575 0.110824 0.156953
v -0.136788 0.110824 0.148695
v -0.136530 0.111382 0.148575
v -0.148882 0.110382 0.137189
v -0.156992 0.110382 0.135015
v -0.165356 0.110382 0.135747
v -0.172966 0.110382 0.139296
v -0.178902 0.110382 0.145232
v -0.182451 0.110382 0.152842
v -0.183183 0.110382 0.161206
v -0.181010 0.110382 0.169316
v -0.176194 0.110382 0.176194
v -0.169316 0.110382 0.181010
v -0.161206 0.110382 0.183183
v -0.152842 0.110382 0.182451
v -0.145232 0.110382 0.178902
v -0.139296 0.110382 0.172966
v -0.135747 0.110382 0.165356
v -0.135015 0.110382 0.156992
v -0.137189 0.110382 0.148882
v -0.157041 0.110098 0.135571
v -0.149118 0.110098 0.137694
v -0.165212 0.110098 0.136286
v -0.172646 0.110098 0.139752
v -0.178446 0.110098 0.145552
v -0.181912 0.110098 0.152986
v -0.182627 0.110098 0.161157
v -0.180504 0.110098 0.169080
v -0.175800 0.110098 0.175800
v -0.169080 0.110098 0.180504
v -0.161157 0.110098 0.182627
v -0.152986 0.110098 0.181912
v -0.145552 0.110098 0.178446
v -0.139752 0.110098 0.172646
v -0.136286 0.110098 0.165212
v -0.135571 0.110098 0.157041
v -0.137694 0.110098 0.149118
v -0.169664 0.112000 0.181757
v -0.176777 0.112000 0.176777
v -0.161278 0.112000 0.184004
v -0.152629 0.112000 0.183247
v -0.144760 0.112000 0.179578
v -0.138620 0.112000 0.173438
v -0.134951 0.112000 0.165569
v -0.134194 0.112000 0.156920
v -0.136441 0.112000 0.148534
v -0.141421 0.112000 0.141421
v -0.141529 0.111235 0.141529
v -0.141836 0.110586 0.141836
v -0.142294 0.110152 0.142294
v -0.142836 0.110000 0.142836
v -0.138254 0.110000 0.149379
v -0.136187 0.110000 0.157094
v -0.136883 0.110000 0.165052
v -0.140259 0.110000 0.172291
v -0.145907 0.110000 0.177940
v -0.153146 0.110000 0.181315
v -0.161104 0.110000 0.182012
v -0.168819 0.110000 0.179944
v -0.175362 0.110000 0.175362
v -0.179944 0.110000 0.168819
v -0.182012 0.110000 0.161104
v -0.181315 0.110000 0.153146
v -0.177940 0.110000 0.145907
v -0.172291 0.110000 0.140259
v -0.165052 0.110000 0.136883
v -0.157094 0.110000 0.136187
v -0.149379 0.110000 0.138254
v -0.148534 0.112000 0.136441
v -0.156920 0.112000 0.134194
v -0.165569 0.112000 0.134951
v -0.173438 0.112000 0.138620
v -0.179578 0.112000 0.144760
v -0.183247 0.112000 0.152629
v -0.184004 0.112000 0.161278
v -0.181757 0.112000 0.169664
v -0.154735 0.149373 -0.153093
v -0.156805 0.149373 -0.152038
v -0.160260 0.149373 -0.151766
v -0.162470 0.149373 -0.152484
v -0.164349 0.149373 -0.153849
v -0.165714 0.149373 -0.155729
v -0.166432 0.149373 -0.157938
v -0.166160 0.149373 -0.161393
v -0.165105 0.149373 -0.163463
v -0.164349 0.149373 -0.164349
v -0.159099 0.190000 -0.159099
v -0.163463 0.149373 -0.165105
v -0.161393 0.149373 -0.166160
v -0.157938 0.149373 -0.166432
v -0.155729 0.149373 -0.165714
v -0.153849 0.149373 -0.164349
v -0.152484 0.149373 -0.162470
v -0.151766 0.149373 -0.160260
v -0.152038 0.149373 -0.156805
v -0.153093 0.149373 -0.154735
v -0.165714 0.149373 -0.162470
v -0.166432 0.149373 -0.160260
v -0.166523 0.149373 -0.159099
v -0.166160 0.149373 -0.156805
v -0.165105 0.149373 -0.154735
v -0.163463 0.149373 -0.153093
v -0.161393 0.149373 -0.152038
v -0.159099 0.149373 -0.151675
v -0.157938 0.149373 -0.151766
v -0.155729 0.149373 -0.152484
v -0.153849 0.149373 -0.153849
v -0.152484 0.149373 -0.155729
v -0.151766 0.149373 -0.157938
v -0.151675 0.149373 -0.159099
v -0.152038 0.149373 -0.161393
v -0.153093 0.149373 -0.163463
v -0.154735 0.149373 -0.165105
v -0.156805 0.149373 -0.166160
v -0.159099 0.149373 -0.166523
v -0.160260 0.149373 -0.166432
v -0.162470 0.149373 -0.165714
v -0.001161 0.149373 -0.217667
v -0.003370 0.149373 -0.218385
v -0.006006 0.149373 -0.220636
v -0.007061 0.149373 -0.222706
v -0.007424 0.149373 -0.225000
v -0.007061 0.149373 -0.227294
v -0.006006 0.149373 -0.229364
v -0.003370 0.149373 -0.231615
v -0.001161 0.149373 -0.232333
v -0.000000 0.149373 -0.232424
v -0.000000 0.190000 -0.225000
v 0.001161 0.149373 -0.232333
v 0.003370 0.149373 -0.231615
v 0.006006 0.149373 -0.229364
v 0.007061 0.149373 -0.227294
v 0.007424 0.149373 -0.225000
v 0.007061 0.149373 -0.222706
v 0.006006 0.149373 -0.220636
v 0.003370 0.149373 -0.218385
v 0.001161 0.149373 -0.217667
v -0.002294 0.149373 -0.232061
v -0.004364 0.149373 -0.231006
v -0.005250 0.149373 -0.230250
v -0.006615 0.149373 -0.228370
v -0.007333 0.149373 -0.226161
v -0.007333 0.149373 -0.223839
v -0.006615 0.149373 -0.221630
v -0.005250 0.149373 -0.219750
v -0.004364 0.149373 -0.218994
v -0.002294 0.149373 -0.217939
v -0.000000 0.149373 -0.217576
v 0.002294 0.149373 -0.217939
v 0.004364 0.149373 -0.218994
v 0.005250 0.149373 -0.219750
v 0.006615 0.149373 -0.221630
v 0.007333 0.149373 -0.223839
v 0.007333 0.149373 -0.226161
v 0.006615 0.149373 -0.228370
v 0.005250 0.149373 -0.230250
v 0.004364 0.149373 -0.231006
v 0.002294 0.149373 -0.232061
v 0.153093 0.149373 -0.154735
v 0.152038 0.149373 -0.156805
v 0.151766 0.149373 -0.160260
v 0.152484 0.149373 -0.162470
v 0.153849 0.149373 -0.164349
v 0.155729 0.149373 -0.165714
v 0.157938 0.149373 -0.166432
v 0.161393 0.149373 -0.166160
v 0.163463 0.149373 -0.165105
v 0.164349 0.149373 -0.164349
v 0.159099 0.190000 -0.159099
v 0.165105 0.149373 -0.163463
v 0.166160 0.149373 -0.161393
v 0.166432 0.149373 -0.157938
v 0.165714 0.149373 -0.155729
v 0.164349 0.149373 -0.153849
v 0.162470 0.149373 -0.152484
v 0.160260 0.149373 -0.151766
v 0.156805 0.149373 -0.152038
v 0.154735 0.149373 -0.153093
v 0.162470 0.149373 -0.165714
v 0.160260 0.149373 -0.166432
v 0.159099 0.149373 -0.166523
v 0.156805 0.149373 -0.166160
v 0.154735 0.149373 -0.165105
v 0.153093 0.149373 -0.163463
v 0.152038 0.149373 -0.161393
v 0.151675 0.149373 -0.159099
v 0.151766 0.149373 -0.157938
v 0.152484 0.149373 -0.155729
v 0.153849 0.149373 -0.153849
v 0.155729 0.149373 -0.152484
v 0.157938 0.149373 -0.151766
v 0.159099 0.149373 -0.151675
v 0.161393 0.149373 -0.152038
v 0.163463 0.149373 -0.153093
v 0.165105 0.149373 -0.154735
v 0.166160 0.149373 -0.156805
v 0.166523 0.149373 -0.159099
v 0.166432 0.149373 -0.160260
v 0.165714 0.149373 -0.162470
v 0.217667 0.149373 -0.001161
v 0.218385 0.149373 -0.003370
v 0.220636 0.149373 -0.006006
v 0.222706 0.149373 -0.007061
v 0.225000 0.149373 -0.007424
v 0.227294 0.149373 -0.007061
v 0.229364 0.149373 -0.006006
v 0.231615 0.149373 -0.003370
v 0.232333 0.149373 -0.001161
v 0.232424 0.149373 -0.000000
v 0.225000 0.190000 -0.000000
v 0.232333 0.149373 0.001161
v 0.231615 0.149373 0.003370
v 0.229364 0.149373 0.006006
v 0.227294 0.149373 0.007061
v 0.225000 0.149373 0.007424
v 0.222706 0.149373 0.007061
v 0.220636 0.149373 0.006006
v 0.218385 0.149373 0.003370
v 0.217667 0.149373 0.001161
v 0.232061 0.149373 -0.002294
v 0.231006 0.149373 -0.004364
v 0.230250 0.149373 -0.005250
v 0.228370 0.149373 -0.006615
v 0.226161 0.149373 -0.007333
v 0.223839 0.149373 -0.007333
v 0.221630 0.149373 -0.006615
v 0.219750 0.149373 -0.005250
v 0.218994 0.149373 -0.004364
v 0.217939 0.149373 -0.002294
v 0.217576 0.149373 -0.000000
v 0.217939 0.149373 0.002294
v 0.218994 0.149373 0.004364
v 0.219750 0.149373 0.005250
v 0.221630 0.149373 0.006615
v 0.223839 0.149373 0.007333
v 0.226161 0.149373 0.007333
v 0.228370 0.149373 0.006615
v 0.230250 0.149373 0.005250
v 0.231006 0.149373 0.004364
v 0.232061 0.149373 0.002294
v 0.154735 0.149373 0.153093
v 0.156805 0.149373 0.152038
v 0.160260 0.149373 0.151766
v 0.162470 0.149373 0.152484
v 0.164349 0.149373 0.153849
v 0.165714 0.149373 0.155729
v 0.166432 0.149373 0.157938
v 0.166160 0.149373 0.161393
v 0.165105 0.149373 0.163463
v 0.164349 0.149373 0.164349
v 0.159099 0.190000 0.159099
v 0.163463 0.149373 0.165105
v 0.161393 0.149373 0.166160
v 0.157938 0.149373 0.166432
v 0.155729 0.149373 0.165714
v 0.153849 0.149373 0.164349
v 0.152484 0.149373 0.162470
v 0.151766 0.149373 0.160260
v 0.152038 0.149373 0.156805
v 0.153093 0.149373 0.154735
v 0.165714 0.149373 0.162470
v 0.166432 0.149373 0.160260
v 0.166523 0.149373 0.159099
v 0.166160 0.149373 0.156805
v 0.165105 0.149373 0.154735
v 0.163463 0.149373 0.153093
v 0.161393 0.149373 0.152038
v 0.159099 0.149373 0.151675
v 0.157938 0.149373 0.151766
v 0.155729 0.149373 0.152484
v 0.153849 0.149373 0.153849
v 0.152484 0.149373 0.155729
v 0.151766 0.149373 0.157938
v 0.151675 0.149373 0.159099
v 0.152038 0.149373 0.161393
v 0.153093 0.149373 0.163463
v 0.154735 0.149373 0.165105
v 0.156805 0.149373 0.166160
v 0.159099 0.149373 0.166523
v 0.160260 0.149373 0.166432
v 0.162470 0.149373 0.165714
v 0.001161 0.149373 0.217667
v 0.003370 0.149373 0.218385
v 0.006006 0.149373 0.220636
v 0.007061 0.149373 0.222706
v 0.007424 0.149373 0.225000
v 0.007061 0.149373 0.227294
v 0.006006 0.149373 0.229364
v 0.003370 0.149373 0.231615
v 0.001161 0.149373 0.232333
v 0.000000 0.149373 0.232424
v 0.000000 0.190000 0.225000
v -0.001161 0.149373 0.232333
v -0.003370 0.149373 0.231615
v -0.006006 0.149373 0.229364
v -0.007061 0.149373 0.227294
v -0.007424 0.149373 0.225000
v -0.007061 0.149373 0.222706
v -0.006006 0.149373 0.220636
v -0.003370 0.149373 0.218385
v -0.001161 0.149373 0.217667
v 0.002294 0.149373 0.232061
v 0.004364 0.149373 0.231006
v 0.005250 0.149373 0.230250
v 0.006615 0.149373 0.228370
v 0.007333 0.149373 0.226161
v 0.007333 0.149373 0.223839
v 0.006615 0.149373 0.221630
v 0.005250 0.149373 0.219750
v 0.004364 0.149373 0.218994
v 0.002294 0.149373 0.217939
v 0.000000 0.149373 0.217576
v -0.002294 0.149373 0.217939
v -0.004364 0.149373 0.218994
v -0.005250 0.149373 0.219750
v -0.006615 0.149373 0.221630
v -0.007333 0.149373 0.223839
v -0.007333 0.149373 0.226161
v -0.006615 0.149373 0.228370
v -0.005250 0.149373 0.230250
v -0.004364 0.149373 0.231006
v -0.002294 0.149373 0.232061
v -0.153093 0.149373 0.154735
v -0.152038 0.149373 0.156805
v -0.151766 0.149373 0.160260
v -0.152484 0.149373 0.162470
v -0.153849 0.149373 0.164349
v -0.155729 0.149373 0.165714
v -0.157938 0.149373 0.166432
v -0.161393 0.149373 0.166160
v -0.163463 0.149373 0.165105
v -0.164349 0.149373 0.164349
v -0.159099 0.190000 0.159099
v -0.165105 0.149373 0.163463
v -0.166160 0.149373 0.161393
v -0.166432 0.149373 0.157938
v -0.165714 0.149373 0.155729
v -0.164349 0.149373 0.153849
v -0.162470 0.149373 0.152484
v -0.160260 0.149373 0.151766
v -0.156805 0.149373 0.152038
v -0.154735 0.149373 0.153093
v -0.162470 0.149373 0.165714
v -0.160260 0.149373 0.166432
v -0.159099 0.149373 0.166523
v -0.156805 0.149373 0.166160
v -0.154735 0.149373 0.165105
v -0.153093 0.149373 0.163463
v -0.152038 0.149373 0.161393
v -0.151675 0.149373 0.159099
v -0.151766 0.149373 0.157938
v -0.152484 0.149373 0.155729
v -0.153849 0.149373 0.153849
v -0.155729 0.149373 0.152484
v -0.157938 0.149373 0.151766
v -0.159099 0.149373 0.151675
v -0.161393 0.149373 0.152038
v -0.163463 0.149373 0.153093
v -0.165105 0.149373 0.154735
v -0.166160 0.149373 0.156805
v -0.166523 0.149373 0.159099
v -0.166432 0.149373 0.160260
v -0.165714 0.149373 0.162470
v -0.145958 0.110000 -0.152971
v -0.144654 0.110000 -0.157835
v -0.145093 0.110000 -0.162852
v -0.147221 0.110000 -0.167416
v -0.150782 0.110000 -0.170977
v -0.155346 0.110000 -0.173105
v -0.160363 0.110000 -0.173544
v -0.165227 0.110000 -0.172240
v -0.169352 0.110000 -0.169352
v -0.172240 0.110000 -0.165227
v -0.173544 0.110000 -0.160363
v -0.173105 0.110000 -0.155346
v -0.170977 0.110000 -0.150782
v -0.167416 0.110000 -0.147221
v -0.148846 0.110000 -0.148846
v -0.152971 0.110000 -0.145958
v -0.157835 0.110000 -0.144654
v -0.162852 0.110000 -0.145093
v 0.004959 0.110000 -0.211374
v 0.009320 0.110000 -0.213892
v 0.012557 0.110000 -0.217750
v 0.014280 0.110000 -0.222482
v 0.014280 0.110000 -0.227518
v 0.012557 0.110000 -0.232250
v 0.009320 0.110000 -0.236108
v 0.004959 0.110000 -0.238626
v 0.000000 0.110000 -0.239500
v -0.004959 0.110000 -0.238626
v -0.009320 0.110000 -0.236108
v -0.012557 0.110000 -0.232250
v -0.014280 0.110000 -0.227518
v -0.014280 0.110000 -0.222482
v 0.000000 0.110000 -0.210500
v -0.004959 0.110000 -0.211374
v -0.009320 0.110000 -0.213892
v -0.012557 0.110000 -0.217750
v 0.152971 0.110000 -0.145958
v 0.157835 0.110000 -0.144654
v 0.162852 0.110000 -0.145093
v 0.167416 0.110000 -0.147221
v 0.170977 0.110000 -0.150782
v 0.173105 0.110000 -0.155346
v 0.173544 0.110000 -0.160363
v 0.172240 0.110000 -0.165227
v 0.169352 0.110000 -0.169352
v 0.165227 0.110000 -0.172240
v 0.160363 0.110000 -0.173544
v 0.155346 0.110000 -0.173105
v 0.150782 0.110000 -0.170977
v 0.147221 0.110000 -0.167416
v 0.148846 0.110000 -0.148846
v 0.145958 0.110000 -0.152971
v 0.144654 0.110000 -0.157835
v 0.145093 0.110000 -0.162852
v 0.211374 0.110000 0.004959
v 0.213892 0.110000 0.009320
v 0.217750 0.110000 0.012557
v 0.222482 0.110000 0.014280
v 0.227518 0.110000 0.014280
v 0.232250 0.110000 0.012557
v 0.236108 0.110000 0.009320
v 0.238626 0.110000 0.004959
v 0.239500 0.110000 0.000000
v 0.238626 0.110000 -0.004959
v 0.236108 0.110000 -0.009320
v 0.232250 0.110000 -0.012557
v 0.227518 0.110000 -0.014280
v 0.222482 0.110000 -0.014280
v 0.210500 0.110000 0.000000
v 0.211374 0.110000 -0.004959
v 0.213892 0.110000 -0.009320
v 0.217750 0.110000 -0.012557
v 0.145958 0.110000 0.152971
v 0.144654 0.110000 0.157835
v 0.145093 0.110000 0.162852
v 0.147221 0.110000 0.167416
v 0.150782 0.110000 0.170977
v 0.155346 0.110000 0.173105
v 0.160363 0.110000 0.173544
v 0.165227 0.110000 0.172240
v 0.169352 0.110000 0.169352
v 0.172240 0.110000 0.165227
v 0.173544 0.110000 0.160363
v 0.173105 0.110000 0.155346
v 0.170977 0.110000 0.150782
v 0.167416 0.110000 0.147221
v 0.148846 0.110000 0.148846
v 0.152971 0.110000 0.145958
v 0.157835 0.110000 0.144654
v 0.162852 0.110000 0.145093
v -0.004959 0.110000 0.211374
v -0.009320 0.110000 0.213892
v -0.012557 0.110000 0.217750
v -0.014280 0.110000 0.222482
v -0.014280 0.110000 0.227518
v -0.012557 0.110000 0.232250
v -0.009320 0.110000 0.236108
v -0.004959 0.110000 0.238626
v -0.000000 0.110000 0.239500
v 0.004959 0.110000 0.238626
v 0.009320 0.110000 0.236108
v 0.012557 0.110000 0.232250
v 0.014280 0.110000 0.227518
v 0.014280 0.110000 0.222482
v -0.000000 0.110000 0.210500
v 0.004959 0.110000 0.211374
v 0.009320 0.110000 0.213892
v 0.012557 0.110000 0.217750
v -0.152971 0.110000 0.145958
v -0.157835 0.110000 0.144654
v -0.162852 0.110000 0.145093
v -0.167416 0.110000 0.147221
v -0.170977 0.110000 0.150782
v -0.173105 0.110000 0.155346
v -0.173544 0.110000 0.160363
v -0.172240 0.110000 0.165227
v -0.169352 0.110000 0.169352
v -0.165227 0.110000 0.172240
v -0.160363 0.110000 0.173544
v -0.155346 0.110000 0.173105
v -0.150782 0.110000 0.170977
v -0.147221 0.110000 0.167416
v -0.148846 0.110000 0.148846
v -0.145958 0.110000 0.152971
v -0.144654 0.110000 0.157835
v -0.145093 0.110000 0.162852
v -0.147681 0.108618 -0.153775
v -0.146549 0.108618 -0.158001
v -0.146266 0.109176 -0.157976
v -0.147424 0.109176 -0.153655
v -0.146930 0.108618 -0.162360
v -0.146656 0.109176 -0.162433
v -0.148779 0.108618 -0.166325
v -0.148547 0.109176 -0.166488
v -0.151873 0.108618 -0.169419
v -0.151710 0.109176 -0.169651
v -0.155838 0.108618 -0.171268
v -0.155765 0.109176 -0.171542
v -0.160197 0.108618 -0.171649
v -0.160222 0.109176 -0.171932
v -0.164423 0.108618 -0.170517
v -0.164543 0.109176 -0.170774
v -0.168007 0.108618 -0.168007
v -0.168208 0.109176 -0.168208
v -0.170517 0.108618 -0.164423
v -0.170774 0.109176 -0.164543
v -0.171649 0.108618 -0.160197
v -0.171932 0.109176 -0.160222
v -0.171268 0.108618 -0.155838
v -0.171542 0.109176 -0.155765
v -0.169419 0.108618 -0.151873
v -0.169651 0.109176 -0.151710
v -0.166325 0.108618 -0.148779
v -0.166488 0.109176 -0.148547
v -0.162360 0.108618 -0.146930
v -0.162433 0.109176 -0.146656
v -0.158001 0.108618 -0.146549
v -0.157976 0.109176 -0.146266
v -0.153775 0.108618 -0.147681
v -0.153655 0.109176 -0.147424
v -0.147023 0.109618 -0.153468
v -0.145825 0.109618 -0.157938
v -0.146229 0.109618 -0.162548
v -0.148184 0.109618 -0.166742
v -0.151456 0.109618 -0.170014
v -0.155650 0.109618 -0.171969
v -0.160260 0.109618 -0.172373
v -0.164730 0.109618 -0.171175
v -0.168521 0.109618 -0.168521
v -0.171175 0.109618 -0.164730
v -0.172373 0.109618 -0.160260
v -0.171969 0.109618 -0.155650
v -0.170014 0.109618 -0.151456
v -0.166742 0.109618 -0.148184
v -0.162548 0.109618 -0.146229
v -0.157938 0.109618 -0.145825
v -0.153468 0.109618 -0.147023
v -0.146518 0.109902 -0.153232
v -0.145270 0.109902 -0.157889
v -0.145690 0.109902 -0.162692
v -0.147728 0.109902 -0.167061
v -0.151137 0.109902 -0.170470
v -0.155506 0.109902 -0.172508
v -0.160309 0.109902 -0.172928
v -0.164966 0.109902 -0.171680
v -0.168915 0.109902 -0.168915
v -0.171680 0.109902 -0.164966
v -0.172928 0.109902 -0.160309
v -0.172508 0.109902 -0.155506
v -0.170470 0.109902 -0.151137
v -0.167061 0.109902 -0.147728
v -0.162692 0.109902 -0.145690
v -0.157889 0.109902 -0.145270
v -0.153232 0.109902 -0.146518
v -0.150153 0.108765 -0.150153
v -0.150260 0.108000 -0.150260
v -0.147770 0.108000 -0.153816
v -0.146647 0.108000 -0.158010
v -0.147025 0.108000 -0.162334
v -0.148860 0.108000 -0.166269
v -0.151929 0.108000 -0.169338
v -0.155864 0.108000 -0.171173
v -0.160188 0.108000 -0.171551
v -0.164382 0.108000 -0.170428
v -0.167938 0.108000 -0.167938
v -0.170428 0.108000 -0.164382
v -0.171551 0.108000 -0.160188
v -0.171173 0.108000 -0.155864
v -0.169338 0.108000 -0.151929
v -0.166269 0.108000 -0.148860
v -0.162334 0.108000 -0.147025
v -0.158010 0.108000 -0.146647
v -0.153816 0.108000 -0.147770
v -0.149846 0.109414 -0.149846
v -0.149387 0.109848 -0.149387
v 0.004309 0.108618 -0.213162
v 0.008098 0.108618 -0.215349
v 0.004406 0.109176 -0.212895
v 0.008280 0.109176 -0.215132
v 0.010910 0.108618 -0.218701
v 0.011156 0.109176 -0.218559
v 0.012406 0.108618 -0.222812
v 0.012686 0.109176 -0.222763
v 0.012406 0.108618 -0.227188
v 0.012686 0.109176 -0.227237
v 0.010910 0.108618 -0.231299
v 0.011156 0.109176 -0.231441
v 0.008098 0.108618 -0.234651
v 0.008280 0.109176 -0.234868
v 0.004309 0.108618 -0.236838
v 0.004406 0.109176 -0.237105
v 0.000000 0.108618 -0.237598
v 0.000000 0.109176 -0.237882
v -0.004309 0.108618 -0.236838
v -0.004406 0.109176 -0.237105
v -0.008098 0.108618 -0.234651
v -0.008280 0.109176 -0.234868
v -0.010910 0.108618 -0.231299
v -0.011156 0.109176 -0.231441
v -0.012406 0.108618 -0.227188
v -0.012686 0.109176 -0.227237
v -0.012406 0.108618 -0.222812
v -0.012686 0.109176 -0.222763
v -0.010910 0.108618 -0.218701
v -0.011156 0.109176 -0.218559
v -0.008098 0.108618 -0.215349
v -0.008280 0.109176 -0.215132
v -0.004309 0.108618 -0.213162
v -0.004406 0.109176 -0.212895
v 0.004557 0.109618 -0.212479
v 0.008565 0.109618 -0.214793
v 0.011539 0.109618 -0.218338
v 0.013122 0.109618 -0.222686
v 0.013122 0.109618 -0.227314
v 0.011539 0.109618 -0.231662
v 0.008565 0.109618 -0.235207
v 0.004557 0.109618 -0.237521
v 0.000000 0.109618 -0.238324
v -0.004557 0.109618 -0.237521
v -0.008565 0.109618 -0.235207
v -0.011539 0.109618 -0.231662
v -0.013122 0.109618 -0.227314
v -0.013122 0.109618 -0.222686
v -0.011539 0.109618 -0.218338
v -0.008565 0.109618 -0.214793
v -0.004557 0.109618 -0.212479
v 0.004748 0.109902 -0.211955
v 0.008923 0.109902 -0.214366
v 0.012022 0.109902 -0.218059
v 0.013671 0.109902 -0.222589
v 0.013671 0.109902 -0.227411
v 0.012022 0.109902 -0.231941
v 0.008923 0.109902 -0.235634
v 0.004748 0.109902 -0.238045
v 0.000000 0.109902 -0.238882
v -0.004748 0.109902 -0.238045
v -0.008923 0.109902 -0.235634
v -0.012022 0.109902 -0.231941
v -0.013671 0.109902 -0.227411
v -0.013671 0.109902 -0.222589
v -0.012022 0.109902 -0.218059
v -0.008923 0.109902 -0.214366
v -0.004748 0.109902 -0.211955
v 0.000000 0.108765 -0.212348
v 0.000000 0.108000 -0.212500
v 0.004275 0.108000 -0.213254
v 0.008035 0.108000 -0.215424
v 0.010825 0.108000 -0.218750
v 0.012310 0.108000 -0.222829
v 0.012310 0.108000 -0.227171
v 0.010825 0.108000 -0.231250
v 0.008035 0.108000 -0.234576
v 0.004275 0.108000 -0.236746
v 0.000000 0.108000 -0.237500
v -0.004275 0.108000 -0.236746
v -0.008035 0.108000 -0.234576
v -0.010825 0.108000 -0.231250
v -0.012310 0.108000 -0.227171
v -0.012310 0.108000 -0.222829
v -0.010825 0.108000 -0.218750
v -0.008035 0.108000 -0.215424
v -0.004275 0.108000 -0.213254
v 0.000000 0.109414 -0.211914
v 0.000000 0.109848 -0.211265
v 0.153775 0.108618 -0.147681
v 0.158001 0.108618 -0.146549
v 0.157976 0.109176 -0.146266
v 0.153655 0.109176 -0.147424
v 0.162360 0.108618 -0.146930
v 0.162433 0.109176 -0.146656
v 0.166325 0.108618 -0.148779
v 0.166488 0.109176 -0.148547
v 0.169419 0.108618 -0.151873
v 0.169651 0.109176 -0.151710
v 0.171268 0.108618 -0.155838
v 0.171542 0.109176 -0.155765
v 0.171649 0.108618 -0.160197
v 0.171932 0.109176 -0.160222
v 0.170517 0.108618 -0.164423
v 0.170774 0.109176 -0.164543
v 0.168007 0.108618 -0.168007
v 0.168208 0.109176 -0.168208
v 0.164423 0.108618 -0.170517
v 0.164543 0.109176 -0.170774
v 0.160197 0.108618 -0.171649
v 0.160222 0.109176 -0.171932
v 0.155838 0.108618 -0.171268
v 0.155765 0.109176 -0.171542
v 0.151873 0.108618 -0.169419
v 0.151710 0.109176 -0.169651
v 0.148779 0.108618 -0.166325
v 0.148547 0.109176 -0.166488
v 0.146930 0.108618 -0.162360
v 0.146656 0.109176 -0.162433
v 0.146549 0.108618 -0.158001
v 0.146266 0.109176 -0.157976
v 0.147681 0.108618 -0.153775
v 0.147424 0.109176 -0.153655
v 0.153468 0.109618 -0.147023
v 0.157938 0.109618 -0.145825
v 0.162548 0.109618 -0.146229
v 0.166742 0.109618 -0.148184
v 0.170014 0.109618 -0.151456
v 0.171969 0.109618 -0.155650
v 0.172373 0.109618 -0.160260
v 0.171175 0.109618 -0.164730
v 0.168521 0.109618 -0.168521
v 0.164730 0.109618 -0.171175
v 0.160260 0.109618 -0.172373
v 0.155650 0.109618 -0.171969
v 0.151456 0.109618 -0.170014
v 0.148184 0.109618 -0.166742
v 0.146229 0.109618 -0.162548
v 0.145825 0.109618 -0.157938
v 0.147023 0.109618 -0.153468
v 0.153232 0.109902 -0.146518
v 0.157889 0.109902 -0.145270
v 0.162692 0.109902 -0.145690
v 0.167061 0.109902 -0.147728
v 0.170470 0.109902 -0.151137
v 0.172508 0.109902 -0.155506
v 0.172928 0.109902 -0.160309
v 0.171680 0.109902 -0.164966
v 0.168915 0.109902 -0.168915
v 0.164966 0.109902 -0.171680
v 0.160309 0.109902 -0.172928
v 0.155506 0.109902 -0.172508
v 0.151137 0.109902 -0.170470
v 0.147728 0.109902 -0.167061
v 0.145690 0.109902 -0.162692
v 0.145270 0.109902 -0.157889
v 0.146518 0.109902 -0.153232
v 0.150153 0.108765 -0.150153
v 0.150260 0.108000 -0.150260
v 0.153816 0.108000 -0.147770
v 0.158010 0.108000 -0.146647
v 0.162334 0.108000 -0.147025
v 0.166269 0.108000 -0.148860
v 0.169338 0.108000 -0.151929
v 0.171173 0.108000 -0.155864
v 0.171551 0.108000 -0.160188
v 0.170428 0.108000 -0.164382
v 0.167938 0.108000 -0.167938
v 0.164382 0.108000 -0.170428
v 0.160188 0.108000 -0.171551
v 0.155864 0.108000 -0.171173
v 0.151929 0.108000 -0.169338
v 0.148860 0.108000 -0.166269
v 0.147025 0.108000 -0.162334
v 0.146647 0.108000 -0.158010
v 0.147770 0.108000 -0.153816
v 0.149846 0.109414 -0.149846
v 0.149387 0.109848 -0.149387
v 0.213162 0.108618 0.004309
v 0.215349 0.108618 0.008098
v 0.212895 0.109176 0.004406
v 0.215132 0.109176 0.008280
v 0.218701 0.108618 0.010910
v 0.218559 0.109176 0.011156
v 0.222812 0.108618 0.012406
v 0.222763 0.109176 0.012686
v 0.227188 0.108618 0.012406
v 0.227237 0.109176 0.012686
v 0.231299 0.108618 0.010910
v 0.231441 0.109176 0.011156
v 0.234651 0.108618 0.008098
v 0.234868 0.109176 0.008280
v 0.236838 0.108618 0.004309
v 0.237105 0.109176 0.004406
v 0.237598 0.108618 0.000000
v 0.237882 0.109176 0.000000
v 0.236838 0.108618 -0.004309
v 0.237105 0.109176 -0.004406
v 0.234651 0.108618 -0.008098
v 0.234868 0.109176 -0.008280
v 0.231299 0.108618 -0.010910
v 0.231441 0.109176 -0.011156
v 0.227188 0.108618 -0.012406
v 0.227237 0.109176 -0.012686
v 0.222812 0.108618 -0.012406
v 0.222763 0.109176 -0.012686
v 0.218701 0.108618 -0.010910
v 0.218559 0.109176 -0.011156
v 0.215349 0.108618 -0.008098
v 0.215132 0.109176 -0.008280
v 0.213162 0.108618 -0.004309
v 0.212895 0.109176 -0.004406
v 0.212479 0.109618 0.004557
v 0.214793 0.109618 0.008565
v 0.218338 0.109618 0.011539
v 0.222686 0.109618 0.013122
v 0.227314 0.109618 0.013122
v 0.231662 0.109618 0.011539
v 0.235207 0.109618 0.008565
v 0.237521 0.109618 0.004557
v 0.238324 0.109618 0.000000
v 0.237521 0.109618 -0.004557
v 0.235207 0.109618 -0.008565
v 0.231662 0.109618 -0.011539
v 0.227314 0.109618 -0.013122
v 0.222686 0.109618 -0.013122
v 0.218338 0.109618 -0.011539
v 0.214793 0.109618 -0.008565
v 0.212479 0.109618 -0.004557
v 0.211955 0.109902 0.004748
v 0.214366 0.109902 0.008923
v 0.218059 0.109902 0.012022
v 0.222589 0.109902 0.013671
v 0.227411 0.109902 0.013671
v 0.231941 0.109902 0.012022
v 0.235634 0.109902 0.008923
v 0.238045 0.109902 0.004748
v 0.238882 0.109902 0.000000
v 0.238045 0.109902 -0.004748
v 0.235634 0.109902 -0.008923
v 0.231941 0.109902 -0.012022
v 0.227411 0.109902 -0.013671
v 0.222589 0.109902 -0.013671
v 0.218059 0.109902 -0.012022
v 0.214366 0.109902 -0.008923
v 0.211955 0.109902 -0.004748
v 0.212348 0.108765 0.000000
v 0.212500 0.108000 0.000000
v 0.213254 0.108000 0.004275
v 0.215424 0.108000 0.008035
v 0.218750 0.108000 0.010825
v 0.222829 0.108000 0.012310
v 0.227171 0.108000 0.012310
v 0.231250 0.108000 0.010825
v 0.234576 0.108000 0.008035
v 0.236746 0.108000 0.004275
v 0.237500 0.108000 0.000000
v 0.236746 0.108000 -0.004275
v 0.234576 0.108000 -0.008035
v 0.231250 0.108000 -0.010825
v 0.227171 0.108000 -0.012310
v 0.222829 0.108000 -0.012310
v 0.218750 0.108000 -0.010825
v 0.215424 0.108000 -0.008035
v 0.213254 0.108000 -0.004275
v 0.211914 0.109414 0.000000
v 0.211265 0.109848 0.000000
v 0.147681 0.108618 0.153775
v 0.146549 0.108618 0.158001
v 0.146266 0.109176 0.157976
v 0.147424 0.109176 0.153655
v 0.146930 0.108618 0.162360
v 0.146656 0.109176 0.162433
v 0.148779 0.108618 0.166325
v 0.148547 0.109176 0.166488
v 0.151873 0.108618 0.169419
v 0.151710 0.109176 0.169651
v 0.155838 0.108618 0.171268
v 0.155765 0.109176 0.171542
v 0.160197 0.108618 0.171649
v 0.160222 0.109176 0.171932
v 0.164423 0.108618 0.170517
v 0.164543 0.109176 0.170774
v 0.168007 0.108618 0.168007
v 0.168208 0.109176 0.168208
v 0.170517 0.108618 0.164423
v 0.170774 0.109176 0.164543
v 0.171649 0.108618 0.160197
v 0.171932 0.109176 0.160222
v 0.171268 0.108618 0.155838
v 0.171542 0.109176 0.155765
v 0.169419 0.108618 0.151873
v 0.169651 0.109176 0.151710
v 0.166325 0.108618 0.148779
v 0.166488 0.109176 0.148547
v 0.162360 0.108618 0.146930
v 0.162433 0.109176 0.146656
v 0.158001 0.108618 0.146549
v 0.157976 0.109176 0.146266
v 0.153775 0.108618 0.147681
v 0.153655 0.109176 0.147424
v 0.147023 0.109618 0.153468
v 0.145825 0.109618 0.157938
v 0.146229 0.109618 0.162548
v 0.148184 0.109618 0.166742
v 0.151456 0.109618 0.170014
v 0.155650 0.109618 0.171969
v 0.160260 0.109618 0.172373
v 0.164730 0.109618 0.171175
v 0.168521 0.109618 0.168521
v 0.171175 0.109618 0.164730
v 0.172373 0.109618 0.160260
v 0.171969 0.109618 0.155650
v 0.170014 0.109618 0.151456
v 0.166742 0.109618 0.148184
v 0.162548 0.109618 0.146229
v 0.157938 0.109618 0.145825
v 0.153468 0.109618 0.147023
v 0.146518 0.109902 0.153232
v 0.145270 0.109902 0.157889
v 0.145690 0.109902 0.162692
v 0.147728 0.109902 0.167061
v 0.151137 0.109902 0.170470
v 0.155506 0.109902 0.172508
v 0.160309 0.109902 0.172928
v 0.164966 0.109902 0.171680
v 0.168915 0.109902 0.168915
v 0.171680 0.109902 0.164966
v 0.172928 0.109902 0.160309
v 0.172508 0.109902 0.155506
v 0.170470 0.109902 0.151137
v 0.167061 0.109902 0.147728
v 0.162692 0.109902 0.145690
v 0.157889 0.109902 0.145270
v 0.153232 0.109902 0.146518
v 0.150153 0.108765 0.150153
v 0.150260 0.108000 0.150260
v 0.147770 0.108000 0.153816
v 0.146647 0.108000 0.158010
v 0.147025 0.108000 0.162334
v 0.148860 0.108000 0.166269
v 0.151929 0.108000 0.169338
v 0.155864 0.108000 0.171173
v 0.160188 0.108000 0.171551
v 0.164382 0.108000 0.170428
v 0.167938 0.108000 0.167938
v 0.170428 0.108000 0.164382
v 0.171551 0.108000 0.160188
v 0.171173 0.108000 0.155864
v 0.169338 0.108000 0.151929
v 0.166269 0.108000 0.148860
v 0.162334 0.108000 0.147025
v 0.158010 0.108000 0.146647
v 0.153816 0.108000 0.147770
v 0.149846 0.109414 0.149846
v 0.149387 0.109848 0.149387
v -0.004309 0.108618 0.213162
v -0.008098 0.108618 0.215349
v -0.004406 0.109176 0.212895
v -0.008280 0.109176 0.215132
v -0.010910 0.108618 0.218701
v -0.011156 0.109176 0.218559
v -0.012406 0.108618 0.222812
v -0.012686 0.109176 0.222763
v -0.012406 0.108618 0.227188
v -0.012686 0.109176 0.227237
v -0.010910 0.108618 0.231299
v -0.011156 0.109176 0.231441
v -0.008098 0.108618 0.234651
v -0.008280 0.109176 0.234868
v -0.004309 0.108618 0.236838
v -0.004406 0.109176 0.237105
v -0.000000 0.108618 0.237598
v -0.000000 0.109176 0.237882
v 0.004309 0.108618 0.236838
v 0.004406 0.109176 0.237105
v 0.008098 0.108618 0.234651
v 0.008280 0.109176 0.234868
v 0.010910 0.108618 0.231299
v 0.011156 0.109176 0.231441
v 0.012406 0.108618 0.227188
v 0.012686 0.109176 0.227237
v 0.012406 0.108618 0.222812
v 0.012686 0.109176 0.222763
v 0.010910 0.108618 0.218701
v 0.011156 0.109176 0.218559
v 0.008098 0.108618 0.215349
v 0.008280 0.109176 0.215132
v 0.004309 0.108618 0.213162
v 0.004406 0.109176 0.212895
v -0.004557 0.109618 0.212479
v -0.008565 0.109618 0.214793
v -0.011539 0.109618 0.218338
v -0.013122 0.109618 0.222686
v -0.013122 0.109618 0.227314
v -0.011539 0.109618 0.231662
v -0.008565 0.109618 0.235207
v -0.004557 0.109618 0.237521
v -0.000000 0.109618 0.238324
v 0.004557 0.109618 0.237521
v 0.008565 0.109618 0.235207
v 0.011539 0.109618 0.231662
v 0.013122 0.109618 0.227314
v 0.013122 0.109618 0.222686
v 0.011539 0.109618 0.218338
v 0.008565 0.109618 0.214793
v 0.004557 0.109618 0.212479
v -0.004748 0.109902 0.211955
v -0.008923 0.109902 0.214366
v -0.012022 0.109902 0.218059
v -0.013671 0.109902 0.222589
v -0.013671 0.109902 0.227411
v -0.012022 0.109902 0.231941
v -0.008923 0.109902 0.235634
v -0.004748 0.109902 0.238045
v -0.000000 0.109902 0.238882
v 0.004748 0.109902 0.238045
v 0.008923 0.109902 0.235634
v 0.012022 0.109902 0.231941
v 0.013671 0.109902 0.227411
v 0.013671 0.109902 0.222589
v 0.012022 0.109902 0.218059
v 0.008923 0.109902 0.214366
v 0.004748 0.109902 0.211955
v -0.000000 0.108765 0.212348
v -0.000000 0.108000 0.212500
v -0.004275 0.108000 0.213254
v -0.008035 0.108000 0.215424
v -0.010825 0.108000 0.218750
v -0.012310 0.108000 0.222829
v -0.012310 0.108000 0.227171
v -0.010825 0.108000 0.231250
v -0.008035 0.108000 0.234576
v -0.004275 0.108000 0.236746
v -0.000000 0.108000 0.237500
v 0.004275 0.108000 0.236746
v 0.008035 0.108000 0.234576
v 0.010825 0.108000 0.231250
v 0.012310 0.108000 0.227171
v 0.012310 0.108000 0.222829
v 0.010825 0.108000 0.218750
v 0.008035 0.108000 0.215424
v 0.004275 0.108000 0.213254
v -0.000000 0.109414 0.211914
v -0.000000 0.109848 0.211265
v -0.153775 0.108618 0.147681
v -0.158001 0.108618 0.146549
v -0.157976 0.109176 0.146266
v -0.153655 0.109176 0.147424
v -0.162360 0.108618 0.146930
v -0.162433 0.109176 0.146656
v -0.166325 0.108618 0.148779
v -0.166488 0.109176 0.148547
v -0.169419 0.108618 0.151873
v -0.169651 0.109176 0.151710
v -0.171268 0.108618 0.155838
v -0.171542 0.109176 0.155765
v -0.171649 0.108618 0.160197
v -0.171932 0.109176 0.160222
v -0.170517 0.108618 0.164423
v -0.170774 0.109176 0.164543
v -0.168007 0.108618 0.168007
v -0.168208 0.109176 0.168208
v -0.164423 0.108618 0.170517
v -0.164543 0.109176 0.170774
v -0.160197 0.108618 0.171649
v -0.160222 0.109176 0.171932
v -0.155838 0.108618 0.171268
v -0.155765 0.109176 0.171542
v -0.151873 0.108618 0.169419
v -0.151710 0.109176 0.169651
v -0.148779 0.108618 0.166325
v -0.148547 0.109176 0.166488
v -0.146930 0.108618 0.162360
v -0.146656 0.109176 0.162433
v -0.146549 0.108618 0.158001
v -0.146266 0.109176 0.157976
v -0.147681 0.108618 0.153775
v -0.147424 0.109176 0.153655
v -0.153468 0.109618 0.147023
v -0.157938 0.109618 0.145825
v -0.162548 0.109618 0.146229
v -0.166742 0.109618 0.148184
v -0.170014 0.109618 0.151456
v -0.171969 0.109618 0.155650
v -0.172373 0.109618 0.160260
v -0.171175 0.109618 0.164730
v -0.168521 0.109618 0.168521
v -0.164730 0.109618 0.171175
v -0.160260 0.109618 0.172373
v -0.155650 0.109618 0.171969
v -0.151456 0.109618 0.170014
v -0.148184 0.109618 0.166742
v -0.146229 0.109618 0.162548
v -0.145825 0.109618 0.157938
v -0.147023 0.109618 0.153468
v -0.153232 0.109902 0.146518
v -0.157889 0.109902 0.145270
v -0.162692 0.109902 0.145690
v -0.167061 0.109902 0.147728
v -0.170470 0.109902 0.151137
v -0.172508 0.109902 0.155506
v -0.172928 0.109902 0.160309
v -0.171680 0.109902 0.164966
v -0.168915 0.109902 0.168915
v -0.164966 0.109902 0.171680
v -0.160309 0.109902 0.172928
v -0.155506 0.109902 0.172508
v -0.151137 0.109902 0.170470
v -0.147728 0.109902 0.167061
v -0.145690 0.109902 0.162692
v -0.145270 0.109902 0.157889
v -0.146518 0.109902 0.153232
v -0.150153 0.108765 0.150153
v -0.150260 0.108000 0.150260
v -0.153816 0.108000 0.147770
v -0.158010 0.108000 0.146647
v -0.162334 0.108000 0.147025
v -0.166269 0.108000 0.148860
v -0.169338 0.108000 0.151929
v -0.171173 0.108000 0.155864
v -0.171551 0.108000 0.160188
v -0.170428 0.108000 0.164382
v -0.167938 0.108000 0.167938
v -0.164382 0.108000 0.170428
v -0.160188 0.108000 0.171551
v -0.155864 0.108000 0.171173
v -0.151929 0.108000 0.169338
v -0.148860 0.108000 0.166269
v -0.147025 0.108000 0.162334
v -0.146647 0.108000 0.158010
v -0.147770 0.108000 0.153816
v -0.149846 0.109414 0.149846
v -0.149387 0.109848 0.149387
v -0.150260 0.099367 -0.150260
v -0.152408 0.099690 -0.148541
v -0.156376 0.101229 -0.146899
v -0.160543 0.103131 -0.146683
v -0.164528 0.104555 -0.147840
v -0.168035 0.104987 -0.150358
v -0.170513 0.104212 -0.154004
v -0.171571 0.102547 -0.158258
v -0.171123 0.100724 -0.162517
v -0.169315 0.099536 -0.166302
v -0.166764 0.099458 -0.168973
v -0.162928 0.100562 -0.170998
v -0.158734 0.102340 -0.171594
v -0.154647 0.103994 -0.170779
v -0.151013 0.104926 -0.168631
v -0.148227 0.104731 -0.165267
v -0.146759 0.103361 -0.161090
v -0.146822 0.101398 -0.156751
v -0.148312 0.099797 -0.152782
v 0.000000 0.099367 -0.212500
v -0.002734 0.099690 -0.212803
v -0.006701 0.101229 -0.214448
v -0.009800 0.103131 -0.217241
v -0.011800 0.104555 -0.220877
v -0.012499 0.104987 -0.225137
v -0.011674 0.104212 -0.229468
v -0.009414 0.102547 -0.233224
v -0.006086 0.100724 -0.235918
v -0.002132 0.099536 -0.237317
v 0.001561 0.099458 -0.237402
v 0.005706 0.100561 -0.236122
v 0.009093 0.102340 -0.233577
v 0.011407 0.103994 -0.230112
v 0.012458 0.104926 -0.226023
v 0.012050 0.104731 -0.221675
v 0.010134 0.103362 -0.217682
v 0.007022 0.101399 -0.214658
v 0.003161 0.099798 -0.212906
v 0.150260 0.099367 -0.150260
v 0.148541 0.099690 -0.152408
v 0.146899 0.101229 -0.156376
v 0.146683 0.103131 -0.160543
v 0.147840 0.104555 -0.164528
v 0.150358 0.104987 -0.168035
v 0.154004 0.104212 -0.170513
v 0.158258 0.102547 -0.171571
v 0.162517 0.100724 -0.171123
v 0.166302 0.099536 -0.169315
v 0.168973 0.099458 -0.166764
v 0.170998 0.100562 -0.162928
v 0.171594 0.102340 -0.158734
v 0.170779 0.103994 -0.154647
v 0.168631 0.104926 -0.151013
v 0.165267 0.104731 -0.148227
v 0.161090 0.103361 -0.146759
v 0.156751 0.101398 -0.146822
v 0.152782 0.099797 -0.148312
v 0.212500 0.099367 0.000000
v 0.212803 0.099690 -0.002734
v 0.214448 0.101229 -0.006701
v 0.217241 0.103131 -0.009800
v 0.220877 0.104555 -0.011800
v 0.225137 0.104987 -0.012499
v 0.229468 0.104212 -0.011674
v 0.233224 0.102547 -0.009414
v 0.235918 0.100724 -0.006086
v 0.237317 0.099536 -0.002132
v 0.237402 0.099458 0.001561
v 0.236122 0.100561 0.005706
v 0.233577 0.102340 0.009093
v 0.230112 0.103994 0.011407
v 0.226023 0.104926 0.012458
v 0.221675 0.104731 0.012050
v 0.217682 0.103362 0.010134
v 0.214658 0.101399 0.007022
v 0.212906 0.099798 0.003161
v 0.150260 0.099367 0.150260
v 0.152408 0.099690 0.148541
v 0.156376 0.101229 0.146899
v 0.160543 0.103131 0.146683
v 0.164528 0.104555 0.147840
v 0.168035 0.104987 0.150358
v 0.170513 0.104212 0.154004
v 0.171571 0.102547 0.158258
v 0.171123 0.100724 0.162517
v 0.169315 0.099536 0.166302
v 0.166764 0.099458 0.168973
v 0.162928 0.100562 0.170998
v 0.158734 0.102340 0.171594
v 0.154647 0.103994 0.170779
v 0.151013 0.104926 0.168631
v 0.148227 0.104731 0.165267
v 0.146759 0.103361 0.161090
v 0.146822 0.101398 0.156751
v 0.148312 0.099797 0.152782
v -0.000000 0.099367 0.212500
v 0.002734 0.099690 0.212803
v 0.006701 0.101229 0.214448
v 0.009800 0.103131 0.217241
v 0.011800 0.104555 0.220877
v 0.012499 0.104987 0.225137
v 0.011674 0.104212 0.229468
v 0.009414 0.102547 0.233224
v 0.006086 0.100724 0.235918
v 0.002132 0.099536 0.237317
v -0.001561 0.099458 0.237402
v -0.005706 0.100561 0.236122
v -0.009093 0.102340 0.233577
v -0.011407 0.103994 0.230112
v -0.012458 0.104926 0.226023
v -0.012050 0.104731 0.221675
v -0.010134 0.103362 0.217682
v -0.007022 0.101399 0.214658
v -0.003161 0.099798 0.212906
v -0.150260 0.099367 0.150260
v -0.148541 0.099690 0.152408
v -0.146899 0.101229 0.156376
v -0.146683 0.103131 0.160543
v -0.147840 0.104555 0.164528
v -0.150358 0.104987 0.168035
v -0.154004 0.104212 0.170513
v -0.158258 0.102547 0.171571
v -0.162517 0.100724 0.171123
v -0.166302 0.099536 0.169315
v -0.168973 0.099458 0.166764
v -0.170998 0.100562 0.162928
v -0.171594 0.102340 0.158734
v -0.170779 0.103994 0.154647
v -0.168631 0.104926 0.151013
v -0.165267 0.104731 0.148227
v -0.161090 0.103361 0.146759
v -0.156751 0.101398 0.146822
v -0.152782 0.099797 0.148312
v -0.147803 0.096237 -0.151254
v -0.147130 0.096380 -0.152208
v -0.147811 0.097361 -0.152446
v -0.148413 0.097213 -0.151564
v -0.146274 0.096670 -0.153657
v -0.147058 0.097663 -0.153790
v -0.145350 0.097194 -0.155738
v -0.146271 0.098208 -0.155723
v -0.144421 0.098441 -0.160011
v -0.145582 0.099497 -0.159693
v -0.144941 0.099758 -0.164975
v -0.146269 0.100845 -0.164261
v -0.147107 0.100354 -0.169093
v -0.148358 0.101448 -0.168022
v -0.150546 0.100106 -0.171964
v -0.151494 0.101200 -0.170718
v -0.154906 0.099150 -0.173464
v -0.155470 0.100228 -0.172262
v -0.159850 0.097783 -0.173438
v -0.160036 0.098819 -0.172429
v -0.164873 0.096547 -0.171705
v -0.164706 0.097535 -0.170969
v -0.167041 0.096214 -0.170311
v -0.166716 0.097189 -0.169718
v -0.169055 0.096117 -0.168515
v -0.168572 0.097088 -0.168077
v -0.170765 0.096291 -0.166412
v -0.170128 0.097269 -0.166134
v -0.171468 0.096468 -0.165297
v -0.170759 0.097453 -0.165100
v -0.172287 0.096797 -0.163682
v -0.171480 0.097796 -0.163598
v -0.173350 0.097652 -0.160326
v -0.172364 0.098683 -0.160478
v -0.173510 0.099071 -0.155209
v -0.172316 0.100147 -0.155748
v -0.171981 0.100101 -0.150576
v -0.170734 0.101196 -0.151522
v -0.169039 0.100352 -0.147065
v -0.167973 0.101445 -0.148319
v -0.165098 0.099784 -0.144978
v -0.164373 0.100872 -0.146308
v -0.160452 0.098571 -0.144396
v -0.160101 0.099630 -0.145578
v -0.155438 0.097113 -0.145463
v -0.155445 0.098123 -0.146364
v -0.152036 0.096351 -0.147244
v -0.152287 0.097331 -0.147913
v -0.150210 0.096139 -0.148657
v -0.150604 0.097111 -0.149185
v -0.149439 0.096114 -0.149380
v -0.149897 0.097085 -0.149844
v -0.148830 0.098320 -0.151713
v -0.148284 0.098481 -0.152525
v -0.147605 0.098811 -0.153766
v -0.146905 0.099410 -0.155558
v -0.146335 0.100845 -0.159269
v -0.147081 0.102386 -0.163614
v -0.149168 0.103095 -0.167284
v -0.152236 0.102792 -0.169965
v -0.156041 0.101662 -0.171524
v -0.160337 0.100079 -0.171761
v -0.164688 0.098670 -0.170462
v -0.166551 0.098293 -0.169318
v -0.168265 0.098183 -0.167808
v -0.169694 0.098380 -0.166012
v -0.170270 0.098580 -0.165053
v -0.170925 0.098954 -0.163659
v -0.171707 0.099929 -0.160750
v -0.171581 0.101569 -0.156304
v -0.169981 0.102786 -0.152263
v -0.167236 0.103091 -0.149128
v -0.163722 0.102418 -0.147120
v -0.159653 0.100995 -0.146339
v -0.155300 0.099316 -0.146987
v -0.152378 0.098448 -0.148377
v -0.150831 0.098208 -0.149533
v -0.150184 0.098180 -0.150135
v -0.149572 0.096402 -0.149572
v -0.148787 0.095306 -0.148787
v -0.147015 0.095434 -0.150789
v -0.146260 0.095582 -0.151817
v -0.145285 0.095886 -0.153372
v -0.144196 0.096439 -0.155599
v -0.142974 0.097788 -0.160195
v -0.143671 0.099521 -0.166780
v -0.147462 0.099946 -0.172107
v -0.154515 0.098532 -0.174987
v -0.160647 0.096824 -0.174509
v -0.166344 0.095558 -0.171927
v -0.168467 0.095333 -0.170297
v -0.170127 0.095323 -0.168657
v -0.171585 0.095488 -0.166839
v -0.172374 0.095672 -0.165640
v -0.173311 0.096015 -0.163907
v -0.174597 0.096917 -0.160304
v -0.174956 0.098598 -0.154267
v -0.171548 0.099987 -0.146819
v -0.166323 0.099428 -0.143514
v -0.160263 0.097808 -0.142966
v -0.154162 0.096069 -0.144859
v -0.151631 0.095552 -0.146390
v -0.149659 0.095332 -0.147961
v -0.148819 0.095306 -0.148755
v -0.150088 0.097826 -0.150088
v 0.002415 0.096235 -0.211462
v 0.003541 0.096372 -0.211653
v 0.003231 0.097354 -0.212304
v 0.002205 0.097210 -0.212113
v 0.005123 0.096650 -0.212054
v 0.004671 0.097642 -0.212702
v 0.007163 0.097143 -0.212818
v 0.006520 0.098155 -0.213460
v 0.010729 0.098328 -0.215018
v 0.009716 0.099380 -0.215621
v 0.013989 0.099679 -0.218824
v 0.012570 0.100765 -0.219276
v 0.015507 0.100340 -0.223252
v 0.013870 0.101434 -0.223405
v 0.015232 0.100151 -0.227728
v 0.013664 0.101246 -0.227540
v 0.013323 0.099239 -0.231905
v 0.012048 0.100319 -0.231468
v 0.009914 0.097888 -0.235447
v 0.009038 0.098927 -0.234871
v 0.005211 0.096617 -0.237878
v 0.004776 0.097608 -0.237242
v 0.002312 0.096214 -0.238544
v 0.002122 0.097189 -0.237895
v -0.000383 0.096117 -0.238698
v -0.000351 0.097088 -0.238047
v -0.003079 0.096291 -0.238420
v -0.002825 0.097269 -0.237774
v -0.004365 0.096468 -0.238129
v -0.004003 0.097453 -0.237488
v -0.006086 0.096798 -0.237566
v -0.005574 0.097796 -0.236936
v -0.009210 0.097652 -0.235944
v -0.008405 0.098683 -0.235354
v -0.012941 0.099071 -0.232439
v -0.011716 0.100147 -0.231976
v -0.015136 0.100101 -0.228082
v -0.013585 0.101196 -0.227869
v -0.015538 0.100352 -0.223518
v -0.013897 0.101445 -0.223651
v -0.014226 0.099784 -0.219256
v -0.012774 0.100872 -0.219684
v -0.011353 0.098570 -0.215559
v -0.010269 0.099630 -0.216147
v -0.007053 0.097113 -0.212769
v -0.006420 0.098123 -0.213411
v -0.003387 0.096351 -0.211623
v -0.003091 0.097331 -0.212273
v -0.001098 0.096139 -0.211331
v -0.001003 0.097111 -0.211983
v -0.000041 0.096114 -0.211297
v -0.000038 0.097085 -0.211949
v 0.002017 0.098317 -0.212513
v 0.002957 0.098473 -0.212694
v 0.004275 0.098788 -0.213073
v 0.005968 0.099351 -0.213795
v 0.008905 0.100713 -0.215862
v 0.011548 0.102294 -0.219399
v 0.012777 0.103078 -0.223459
v 0.012601 0.102846 -0.227538
v 0.011109 0.101766 -0.231359
v 0.008332 0.100199 -0.234622
v 0.004403 0.098750 -0.236876
v 0.001956 0.098293 -0.237495
v -0.000324 0.098183 -0.237639
v -0.002605 0.098380 -0.237380
v -0.003690 0.098581 -0.237109
v -0.005139 0.098954 -0.236586
v -0.007749 0.099929 -0.235082
v -0.010803 0.101569 -0.231849
v -0.012529 0.102786 -0.227861
v -0.012804 0.103091 -0.223703
v -0.011739 0.102418 -0.219798
v -0.009414 0.100995 -0.216368
v -0.005877 0.099316 -0.213749
v -0.002829 0.098448 -0.212666
v -0.000917 0.098208 -0.212389
v -0.000035 0.098180 -0.212357
v 0.000000 0.096402 -0.211526
v 0.000000 0.095306 -0.210417
v 0.002641 0.095431 -0.210576
v 0.003874 0.095574 -0.210762
v 0.005612 0.095864 -0.211153
v 0.007862 0.096385 -0.211905
v 0.011844 0.097663 -0.214118
v 0.015958 0.099353 -0.218766
v 0.017483 0.099986 -0.225171
v 0.014560 0.098568 -0.232886
v 0.010049 0.096900 -0.236845
v 0.003947 0.095558 -0.239193
v 0.001294 0.095333 -0.239542
v -0.001041 0.095323 -0.239557
v -0.003357 0.095488 -0.239302
v -0.004763 0.095672 -0.239012
v -0.006651 0.096015 -0.238449
v -0.010107 0.096917 -0.236810
v -0.014630 0.098598 -0.232796
v -0.017486 0.099988 -0.225111
v -0.016125 0.099426 -0.219081
v -0.012225 0.097806 -0.214410
v -0.006571 0.096067 -0.211438
v -0.003705 0.095552 -0.210733
v -0.001200 0.095332 -0.210449
v -0.000045 0.095306 -0.210417
v 0.000000 0.097826 -0.212257
v 0.151254 0.096237 -0.147803
v 0.152208 0.096380 -0.147130
v 0.152446 0.097361 -0.147811
v 0.151564 0.097213 -0.148413
v 0.153657 0.096670 -0.146274
v 0.153790 0.097663 -0.147058
v 0.155738 0.097194 -0.145350
v 0.155723 0.098208 -0.146271
v 0.160011 0.098441 -0.144421
v 0.159693 0.099497 -0.145582
v 0.164975 0.099758 -0.144941
v 0.164261 0.100845 -0.146269
v 0.169093 0.100354 -0.147107
v 0.168022 0.101448 -0.148358
v 0.171964 0.100106 -0.150546
v 0.170718 0.101200 -0.151494
v 0.173464 0.099150 -0.154906
v 0.172262 0.100228 -0.155470
v 0.173438 0.097783 -0.159850
v 0.172429 0.098819 -0.160036
v 0.171705 0.096547 -0.164873
v 0.170969 0.097535 -0.164706
v 0.170311 0.096214 -0.167041
v 0.169718 0.097189 -0.166716
v 0.168515 0.096117 -0.169055
v 0.168077 0.097088 -0.168572
v 0.166412 0.096291 -0.170765
v 0.166134 0.097269 -0.170128
v 0.165297 0.096468 -0.171468
v 0.165100 0.097453 -0.170759
v 0.163682 0.096797 -0.172287
v 0.163598 0.097796 -0.171480
v 0.160326 0.097652 -0.173350
v 0.160478 0.098683 -0.172364
v 0.155209 0.099071 -0.173510
v 0.155748 0.100147 -0.172316
v 0.150576 0.100101 -0.171981
v 0.151522 0.101196 -0.170734
v 0.147065 0.100352 -0.169039
v 0.148319 0.101445 -0.167973
v 0.144978 0.099784 -0.165098
v 0.146308 0.100872 -0.164373
v 0.144396 0.098571 -0.160452
v 0.145578 0.099630 -0.160101
v 0.145463 0.097113 -0.155438
v 0.146364 0.098123 -0.155445
v 0.147244 0.096351 -0.152036
v 0.147913 0.097331 -0.152287
v 0.148657 0.096139 -0.150210
v 0.149185 0.097111 -0.150604
v 0.149380 0.096114 -0.149439
v 0.149844 0.097085 -0.149897
v 0.151713 0.098320 -0.148830
v 0.152525 0.098481 -0.148284
v 0.153766 0.098811 -0.147605
v 0.155558 0.099410 -0.146905
v 0.159269 0.100845 -0.146335
v 0.163614 0.102386 -0.147081
v 0.167284 0.103095 -0.149168
v 0.169965 0.102792 -0.152236
v 0.171524 0.101662 -0.156041
v 0.171761 0.100079 -0.160337
v 0.170462 0.098670 -0.164688
v 0.169318 0.098293 -0.166551
v 0.167808 0.098183 -0.168265
v 0.166012 0.098380 -0.169694
v 0.165053 0.098580 -0.170270
v 0.163659 0.098954 -0.170925
v 0.160750 0.099929 -0.171707
v 0.156304 0.101569 -0.171581
v 0.152263 0.102786 -0.169981
v 0.149128 0.103091 -0.167236
v 0.147120 0.102418 -0.163722
v 0.146339 0.100995 -0.159653
v 0.146987 0.099316 -0.155300
v 0.148377 0.098448 -0.152378
v 0.149533 0.098208 -0.150831
v 0.150135 0.098180 -0.150184
v 0.149572 0.096402 -0.149572
v 0.148787 0.095306 -0.148787
v 0.150789 0.095434 -0.147015
v 0.151817 0.095582 -0.146260
v 0.153372 0.095886 -0.145285
v 0.155599 0.096439 -0.144196
v 0.160195 0.097788 -0.142974
v 0.166780 0.099521 -0.143671
v 0.172107 0.099946 -0.147462
v 0.174987 0.098532 -0.154515
v 0.174509 0.096824 -0.160647
v 0.171927 0.095558 -0.166344
v 0.170297 0.095333 -0.168467
v 0.168657 0.095323 -0.170127
v 0.166839 0.095488 -0.171585
v 0.165640 0.095672 -0.172374
v 0.163907 0.096015 -0.173311
v 0.160304 0.096917 -0.174597
v 0.154267 0.098598 -0.174956
v 0.146819 0.099987 -0.171548
v 0.143514 0.099428 -0.166323
v 0.142966 0.097808 -0.160263
v 0.144859 0.096069 -0.154162
v 0.146390 0.095552 -0.151631
v 0.147961 0.095332 -0.149659
v 0.148755 0.095306 -0.148819
v 0.150088 0.097826 -0.150088
v 0.211462 0.096235 0.002415
v 0.211653 0.096372 0.003541
v 0.212304 0.097354 0.003231
v 0.212113 0.097210 0.002205
v 0.212054 0.096650 0.005123
v 0.212702 0.097642 0.004671
v 0.212818 0.097143 0.007163
v 0.213460 0.098155 0.006520
v 0.215018 0.098328 0.010729
v 0.215621 0.099380 0.009716
v 0.218824 0.099679 0.013989
v 0.219276 0.100765 0.012570
v 0.223252 0.100340 0.015507
v 0.223405 0.101434 0.013870
v 0.227728 0.100151 0.015232
v 0.227540 0.101246 0.013664
v 0.231905 0.099239 0.013323
v 0.231468 0.100319 0.012048
v 0.235447 0.097888 0.009914
v 0.234871 0.098927 0.009038
v 0.237878 0.096617 0.005211
v 0.237242 0.097608 0.004776
v 0.238544 0.096214 0.002312
v 0.237895 0.097189 0.002122
v 0.238698 0.096117 -0.000383
v 0.238047 0.097088 -0.000351
v 0.238420 0.096291 -0.003079
v 0.237774 0.097269 -0.002825
v 0.238129 0.096468 -0.004365
v 0.237488 0.097453 -0.004003
v 0.237566 0.096798 -0.006086
v 0.236936 0.097796 -0.005574
v 0.235944 0.097652 -0.009210
v 0.235354 0.098683 -0.008405
v 0.232439 0.099071 -0.012941
v 0.231976 0.100147 -0.011716
v 0.228082 0.100101 -0.015136
v 0.227869 0.101196 -0.013585
v 0.223518 0.100352 -0.015538
v 0.223651 0.101445 -0.013897
v 0.219256 0.099784 -0.014226
v 0.219684 0.100872 -0.012774
v 0.215559 0.098570 -0.011353
v 0.216147 0.099630 -0.010269
v 0.212769 0.097113 -0.007053
v 0.213411 0.098123 -0.006420
v 0.211623 0.096351 -0.003387
v 0.212273 0.097331 -0.003091
v 0.211331 0.096139 -0.001098
v 0.211983 0.097111 -0.001003
v 0.211297 0.096114 -0.000041
v 0.211949 0.097085 -0.000038
v 0.212513 0.098317 0.002017
v 0.212694 0.098473 0.002957
v 0.213073 0.098788 0.004275
v 0.213795 0.099351 0.005968
v 0.215862 0.100713 0.008905
v 0.219399 0.102294 0.011548
v 0.223459 0.103078 0.012777
v 0.227538 0.102846 0.012601
v 0.231359 0.101766 0.011109
v 0.234622 0.100199 0.008332
v 0.236876 0.098750 0.004403
v 0.237495 0.098293 0.001956
v 0.237639 0.098183 -0.000324
v 0.237380 0.098380 -0.002605
v 0.237109 0.098581 -0.003690
v 0.236586 0.098954 -0.005139
v 0.235082 0.099929 -0.007749
v 0.231849 0.101569 -0.010803
v 0.227861 0.102786 -0.012529
v 0.223703 0.103091 -0.012804
v 0.219798 0.102418 -0.011739
v 0.216368 0.100995 -0.009414
v 0.213749 0.099316 -0.005877
v 0.212666 0.098448 -0.002829
v 0.212389 0.098208 -0.000917
v 0.212357 0.098180 -0.000035
v 0.211526 0.096402 0.000000
v 0.210417 0.095306 0.000000
v 0.210576 0.095431 0.002641
v 0.210762 0.095574 0.003874
v 0.211153 0.095864 0.005612
v 0.211905 0.096385 0.007862
v 0.214118 0.097663 0.011844
v 0.218766 0.099353 0.015958
v 0.225171 0.099986 0.017483
v 0.232886 0.098568 0.014560
v 0.236845 0.096900 0.010049
v 0.239193 0.095558 0.003947
v 0.239542 0.095333 0.001294
v 0.239557 0.095323 -0.001041
v 0.239302 0.095488 -0.003357
v 0.239012 0.095672 -0.004763
v 0.238449 0.096015 -0.006651
v 0.236810 0.096917 -0.010107
v 0.232796 0.098598 -0.014630
v 0.225111 0.099988 -0.017486
v 0.219081 0.099426 -0.016125
v 0.214410 0.097806 -0.012225
v 0.211438 0.096067 -0.006571
v 0.210733 0.095552 -0.003705
v 0.210449 0.095332 -0.001200
v 0.210417 0.095306 -0.000045
v 0.212257 0.097826 0.000000
v 0.147803 0.096237 0.151254
v 0.147130 0.096380 0.152208
v 0.147811 0.097361 0.152446
v 0.148413 0.097213 0.151564
v 0.146274 0.096670 0.153657
v 0.147058 0.097663 0.153790
v 0.145350 0.097194 0.155738
v 0.146271 0.098208 0.155723
v 0.144421 0.098441 0.160011
v 0.145582 0.099497 0.159693
v 0.144941 0.099758 0.164975
v 0.146269 0.100845 0.164261
v 0.147107 0.100354 0.169093
v 0.148358 0.101448 0.168022
v 0.150546 0.100106 0.171964
v 0.151494 0.101200 0.170718
v 0.154906 0.099150 0.173464
v 0.155470 0.100228 0.172262
v 0.159850 0.097783 0.173438
v 0.160036 0.098819 0.172429
v 0.164873 0.096547 0.171705
v 0.164706 0.097535 0.170969
v 0.167041 0.096214 0.170311
v 0.166716 0.097189 0.169718
v 0.169055 0.096117 0.168515
v 0.168572 0.097088 0.168077
v 0.170765 0.096291 0.166412
v 0.170128 0.097269 0.166134
v 0.171468 0.096468 0.165297
v 0.170759 0.097453 0.165100
v 0.172287 0.096797 0.163682
v 0.171480 0.097796 0.163598
v 0.173350 0.097652 0.160326
v 0.172364 0.098683 0.160478
v 0.173510 0.099071 0.155209
v 0.172316 0.100147 0.155748
v 0.171981 0.100101 0.150576
v 0.170734 0.101196 0.151522
v 0.169039 0.100352 0.147065
v 0.167973 0.101445 0.148319
v 0.165098 0.099784 0.144978
v 0.164373 0.100872 0.146308
v 0.160452 0.098571 0.144396
v 0.160101 0.099630 0.145578
v 0.155438 0.097113 0.145463
v 0.155445 0.098123 0.146364
v 0.152036 0.096351 0.147244
v 0.152287 0.097331 0.147913
v 0.150210 0.096139 0.148657
v 0.150604 0.097111 0.149185
v 0.149439 0.096114 0.149380
v 0.149897 0.097085 0.149844
v 0.148830 0.098320 0.151713
v 0.148284 0.098481 0.152525
v 0.147605 0.098811 0.153766
v 0.146905 0.099410 0.155558
v 0.146335 0.100845 0.159269
v 0.147081 0.102386 0.163614
v 0.149168 0.103095 0.167284
v 0.152236 0.102792 0.169965
v 0.156041 0.101662 0.171524
v 0.160337 0.100079 0.171761
v 0.164688 0.098670 0.170462
v 0.166551 0.098293 0.169318
v 0.168265 0.098183 0.167808
v 0.169694 0.098380 0.166012
v 0.170270 0.098580 0.165053
v 0.170925 0.098954 0.163659
v 0.171707 0.099929 0.160750
v 0.171581 0.101569 0.156304
v 0.169981 0.102786 0.152263
v 0.167236 0.103091 0.149128
v 0.163722 0.102418 0.147120
v 0.159653 0.100995 0.146339
v 0.155300 0.099316 0.146987
v 0.152378 0.098448 0.148377
v 0.150831 0.098208 0.149533
v 0.150184 0.098180 0.150135
v 0.149572 0.096402 0.149572
v 0.148787 0.095306 0.148787
v 0.147015 0.095434 0.150789
v 0.146260 0.095582 0.151817
v 0.145285 0.095886 0.153372
v 0.144196 0.096439 0.155599
v 0.142974 0.097788 0.160195
v 0.143671 0.099521 0.166780
v 0.147462 0.099946 0.172107
v 0.154515 0.098532 0.174987
v 0.160647 0.096824 0.174509
v 0.166344 0.095558 0.171927
v 0.168467 0.095333 0.170297
v 0.170127 0.095323 0.168657
v 0.171585 0.095488 0.166839
v 0.172374 0.095672 0.165640
v 0.173311 0.096015 0.163907
v 0.174597 0.096917 0.160304
v 0.174956 0.098598 0.154267
v 0.171548 0.099987 0.146819
v 0.166323 0.099428 0.143514
v 0.160263 0.097808 0.142966
v 0.154162 0.096069 0.144859
v 0.151631 0.095552 0.146390
v 0.149659 0.095332 0.147961
v 0.148819 0.095306 0.148755
v 0.150088 0.097826 0.150088
v -0.002415 0.096235 0.211462
v -0.003541 0.096372 0.211653
v -0.003231 0.097354 0.212304
v -0.002205 0.097210 0.212113
v -0.005123 0.096650 0.212054
v -0.004671 0.097642 0.212702
v -0.007163 0.097143 0.212818
v -0.006520 0.098155 0.213460
v -0.010729 0.098328 0.215018
v -0.009716 0.099380 0.215621
v -0.013989 0.099679 0.218824
v -0.012570 0.100765 0.219276
v -0.015507 0.100340 0.223252
v -0.013870 0.101434 0.223405
v -0.015232 0.100151 0.227728
v -0.013664 0.101246 0.227540
v -0.013323 0.099239 0.231905
v -0.012048 0.100319 0.231468
v -0.009914 0.097888 0.235447
v -0.009038 0.098927 0.234871
v -0.005211 0.096617 0.237878
v -0.004776 0.097608 0.237242
v -0.002312 0.096214 0.238544
v -0.002122 0.097189 0.237895
v 0.000383 0.096117 0.238698
v 0.000351 0.097088 0.238047
v 0.003079 0.096291 0.238420
v 0.002825 0.097269 0.237774
v 0.004365 0.096468 0.238129
v 0.004003 0.097453 0.237488
v 0.006086 0.096798 0.237566
v 0.005574 0.097796 0.236936
v 0.009210 0.097652 0.235944
v 0.008405 0.098683 0.235354
v 0.012941 0.099071 0.232439
v 0.011716 0.100147 0.231976
v 0.015136 0.100101 0.228082
v 0.013585 0.101196 0.227869
v 0.015538 0.100352 0.223518
v 0.013897 0.101445 0.223651
v 0.014226 0.099784 0.219256
v 0.012774 0.100872 0.219684
v 0.011353 0.098570 0.215559
v 0.010269 0.099630 0.216147
v 0.007053 0.097113 0.212769
v 0.006420 0.098123 0.213411
v 0.003387 0.096351 0.211623
v 0.003091 0.097331 0.212273
v 0.001098 0.096139 0.211331
v 0.001003 0.097111 0.211983
v 0.000041 0.096114 0.211297
v 0.000038 0.097085 0.211949
v -0.002017 0.098317 0.212513
v -0.002957 0.098473 0.212694
v -0.004275 0.098788 0.213073
v -0.005968 0.099351 0.213795
v -0.008905 0.100713 0.215862
v -0.011548 0.102294 0.219399
v -0.012777 0.103078 0.223459
v -0.012601 0.102846 0.227538
v -0.011109 0.101766 0.231359
v -0.008332 0.100199 0.234622
v -0.004403 0.098750 0.236876
v -0.001956 0.098293 0.237495
v 0.000324 0.098183 0.237639
v 0.002605 0.098380 0.237380
v 0.003690 0.098581 0.237109
v 0.005139 0.098954 0.236586
v 0.007749 0.099929 0.235082
v 0.010803 0.101569 0.231849
v 0.012529 0.102786 0.227861
v 0.012804 0.103091 0.223703
v 0.011739 0.102418 0.219798
v 0.009414 0.100995 0.216368
v 0.005877 0.099316 0.213749
v 0.002829 0.098448 0.212666
v 0.000917 0.098208 0.212389
v 0.000035 0.098180 0.212357
v -0.000000 0.096402 0.211526
v -0.000000 0.095306 0.210417
v -0.002641 0.095431 0.210576
v -0.003874 0.095574 0.210762
v -0.005612 0.095864 0.211153
v -0.007862 0.096385 0.211905
v -0.011844 0.097663 0.214118
v -0.015958 0.099353 0.218766
v -0.017483 0.099986 0.225171
v -0.014560 0.098568 0.232886
v -0.010049 0.096900 0.236845
v -0.003947 0.095558 0.239193
v -0.001294 0.095333 0.239542
v 0.001041 0.095323 0.239557
v 0.003357 0.095488 0.239302
v 0.004763 0.095672 0.239012
v 0.006651 0.096015 0.238449
v 0.010107 0.096917 0.236810
v 0.014630 0.098598 0.232796
v 0.017486 0.099988 0.225111
v 0.016125 0.099426 0.219081
v 0.012225 0.097806 0.214410
v 0.006571 0.096067 0.211438
v 0.003705 0.095552 0.210733
v 0.001200 0.095332 0.210449
v 0.000045 0.095306 0.210417
v -0.000000 0.097826 0.212257
v -0.151254 0.096237 0.147803
v -0.152208 0.096380 0.147130
v -0.152446 0.097361 0.147811
v -0.151564 0.097213 0.148413
v -0.153657 0.096670 0.146274
v -0.153790 0.097663 0.147058
v -0.155738 0.097194 0.145350
v -0.155723 0.098208 0.146271
v -0.160011 0.098441 0.144421
v -0.159693 0.099497 0.145582
v -0.164975 0.099758 0.144941
v -0.164261 0.100845 0.146269
v -0.169093 0.100354 0.147107
v -0.168022 0.101448 0.148358
v -0.171964 0.100106 0.150546
v -0.170718 0.101200 0.151494
v -0.173464 0.099150 0.154906
v -0.172262 0.100228 0.155470
v -0.173438 0.097783 0.159850
v -0.172429 0.098819 0.160036
v -0.171705 0.096547 0.164873
v -0.170969 0.097535 0.164706
v -0.170311 0.096214 0.167041
v -0.169718 0.097189 0.166716
v -0.168515 0.096117 0.169055
v -0.168077 0.097088 0.168572
v -0.166412 0.096291 0.170765
v -0.166134 0.097269 0.170128
v -0.165297 0.096468 0.171468
v -0.165100 0.097453 0.170759
v -0.163682 0.096797 0.172287
v -0.163598 0.097796 0.171480
v -0.160326 0.097652 0.173350
v -0.160478 0.098683 0.172364
v -0.155209 0.099071 0.173510
v -0.155748 0.100147 0.172316
v -0.150576 0.100101 0.171981
v -0.151522 0.101196 0.170734
v -0.147065 0.100352 0.169039
v -0.148319 0.101445 0.167973
v -0.144978 0.099784 0.165098
v -0.146308 0.100872 0.164373
v -0.144396 0.098571 0.160452
v -0.145578 0.099630 0.160101
v -0.145463 0.097113 0.155438
v -0.146364 0.098123 0.155445
v -0.147244 0.096351 0.152036
v -0.147913 0.097331 0.152287
v -0.148657 0.096139 0.150210
v -0.149185 0.097111 0.150604
v -0.149380 0.096114 0.149439
v -0.149844 0.097085 0.149897
v -0.151713 0.098320 0.148830
v -0.152525 0.098481 0.148284
v -0.153766 0.098811 0.147605
v -0.155558 0.099410 0.146905
v -0.159269 0.100845 0.146335
v -0.163614 0.102386 0.147081
v -0.167284 0.103095 0.149168
v -0.169965 0.102792 0.152236
v -0.171524 0.101662 0.156041
v -0.171761 0.100079 0.160337
v -0.170462 0.098670 0.164688
v -0.169318 0.098293 0.166551
v -0.167808 0.098183 0.168265
v -0.166012 0.098380 0.169694
v -0.165053 0.098580 0.170270
v -0.163659 0.098954 0.170925
v -0.160750 0.099929 0.171707
v -0.156304 0.101569 0.171581
v -0.152263 0.102786 0.169981
v -0.149128 0.103091 0.167236
v -0.147120 0.102418 0.163722
v -0.146339 0.100995 0.159653
v -0.146987 0.099316 0.155300
v -0.148377 0.098448 0.152378
v -0.149533 0.098208 0.150831
v -0.150135 0.098180 0.150184
v -0.149572 0.096402 0.149572
v -0.148787 0.095306 0.148787
v -0.150789 0.095434 0.147015
v -0.151817 0.095582 0.146260
v -0.153372 0.095886 0.145285
v -0.155599 0.096439 0.144196
v -0.160195 0.097788 0.142974
v -0.166780 0.099521 0.143671
v -0.172107 0.099946 0.147462
v -0.174987 0.098532 0.154515
v -0.174509 0.096824 0.160647
v -0.171927 0.095558 0.166344
v -0.170297 0.095333 0.168467
v -0.168657 0.095323 0.170127
v -0.166839 0.095488 0.171585
v -0.165640 0.095672 0.172374
v -0.163907 0.096015 0.173311
v -0.160304 0.096917 0.174597
v -0.154267 0.098598 0.174956
v -0.146819 0.099987 0.171548
v -0.143514 0.099428 0.166323
v -0.142966 0.097808 0.160263
v -0.144859 0.096069 0.154162
v -0.146390 0.095552 0.151631
v -0.147961 0.095332 0.149659
v -0.148755 0.095306 0.148819
v -0.150088 0.097826 0.150088
v -0.244499 0.083550 0.044370
v -0.232647 0.083550 0.087314
v -0.228583 0.091070 0.085789
v -0.240228 0.091070 0.043595
v -0.213318 0.083550 0.127452
v -0.209591 0.091070 0.125225
v -0.187132 0.083550 0.163493
v -0.183863 0.091070 0.160636
v -0.154932 0.083550 0.194279
v -0.152226 0.091070 0.190885
v -0.117753 0.083550 0.218821
v -0.115696 0.091070 0.214998
v -0.076788 0.083550 0.236330
v -0.075447 0.091070 0.232202
v -0.033356 0.083550 0.246243
v -0.032773 0.091070 0.241941
v 0.011149 0.083550 0.248242
v 0.010954 0.091070 0.243905
v 0.055295 0.083550 0.242262
v 0.054329 0.091070 0.238030
v 0.097664 0.083550 0.228496
v 0.095957 0.091070 0.224504
v 0.136894 0.083550 0.207385
v 0.134502 0.091070 0.203762
v 0.171724 0.083550 0.179609
v 0.168724 0.091070 0.176471
v 0.201035 0.083550 0.146060
v 0.197522 0.091070 0.143508
v 0.223884 0.083550 0.107817
v 0.219973 0.091070 0.105933
v 0.239537 0.083550 0.066108
v 0.235353 0.091070 0.064953
v 0.247492 0.083550 0.022275
v 0.243168 0.091070 0.021886
v 0.247492 0.083550 -0.022275
v 0.243168 0.091070 -0.021886
v 0.239537 0.083550 -0.066108
v 0.235353 0.091070 -0.064953
v 0.223884 0.083550 -0.107817
v 0.219973 0.091070 -0.105933
v 0.201035 0.083550 -0.146060
v 0.197522 0.091070 -0.143508
v 0.171724 0.083550 -0.179609
v 0.168724 0.091070 -0.176471
v 0.136894 0.083550 -0.207385
v 0.134502 0.091070 -0.203762
v 0.097664 0.083550 -0.228496
v 0.095957 0.091070 -0.224504
v 0.055295 0.083550 -0.242262
v 0.054329 0.091070 -0.238030
v 0.011149 0.083550 -0.248242
v 0.010954 0.091070 -0.243905
v -0.033356 0.083550 -0.246243
v -0.032773 0.091070 -0.241941
v -0.076788 0.083550 -0.236330
v -0.075447 0.091070 -0.232202
v -0.117753 0.083550 -0.218821
v -0.115696 0.091070 -0.214998
v -0.154932 0.083550 -0.194279
v -0.152226 0.091070 -0.190885
v -0.187132 0.083550 -0.163493
v -0.183863 0.091070 -0.160636
v -0.213318 0.083550 -0.127452
v -0.209591 0.091070 -0.125225
v -0.232647 0.083550 -0.087314
v -0.228583 0.091070 -0.085789
v -0.244499 0.083550 -0.044370
v -0.240228 0.091070 -0.043595
v -0.222356 0.096651 0.083452
v -0.233683 0.096651 0.042407
v -0.203882 0.096651 0.121814
v -0.178854 0.096651 0.156260
v -0.112544 0.096651 0.209141
v -0.148079 0.096651 0.185685
v -0.073392 0.096651 0.225876
v -0.031880 0.096651 0.235351
v 0.052849 0.096651 0.231545
v 0.010655 0.096651 0.237261
v 0.093343 0.096651 0.218388
v 0.130838 0.096651 0.198211
v 0.213980 0.096651 0.103047
v 0.192142 0.096651 0.139599
v 0.228941 0.096651 0.063184
v 0.236544 0.096651 0.021289
v 0.236544 0.096651 -0.021289
v 0.228941 0.096651 -0.063184
v 0.213980 0.096651 -0.103047
v 0.192142 0.096651 -0.139599
v 0.130838 0.096651 -0.198211
v 0.093343 0.096651 -0.218388
v 0.052849 0.096651 -0.231545
v 0.010655 0.096651 -0.237261
v -0.073392 0.096651 -0.225876
v -0.031880 0.096651 -0.235351
v -0.112544 0.096651 -0.209141
v -0.148079 0.096651 -0.185685
v -0.203882 0.096651 -0.121814
v -0.178854 0.096651 -0.156260
v -0.222356 0.096651 -0.083452
v -0.233683 0.096651 -0.042407
v -0.225656 0.099620 0.040950
v -0.214717 0.099620 0.080585
v -0.196878 0.099620 0.117629
v -0.142992 0.099620 0.179306
v -0.108678 0.099620 0.201957
v -0.070870 0.099620 0.218116
v -0.030785 0.099620 0.227266
v 0.090137 0.099620 0.210886
v 0.051033 0.099620 0.223591
v 0.126343 0.099620 0.191402
v 0.206629 0.099620 0.099507
v 0.185541 0.099620 0.134803
v 0.221076 0.099620 0.061013
v 0.228418 0.099620 0.020558
v 0.228418 0.099620 -0.020558
v 0.221076 0.099620 -0.061013
v 0.206629 0.099620 -0.099507
v 0.185541 0.099620 -0.134803
v 0.090137 0.099620 -0.210886
v 0.126343 0.099620 -0.191402
v 0.051033 0.099620 -0.223591
v -0.070870 0.099620 -0.218116
v -0.030785 0.099620 -0.227266
v -0.108678 0.099620 -0.201957
v -0.142992 0.099620 -0.179306
v -0.214717 0.099620 -0.080585
v -0.196878 0.099620 -0.117629
v -0.225656 0.099620 -0.040950
v -0.206588 0.099620 0.077534
v -0.217113 0.099620 0.039400
v -0.189424 0.099620 0.113176
v -0.104563 0.099620 0.194311
v -0.137579 0.099620 0.172518
v -0.068187 0.099620 0.209859
v -0.029620 0.099620 0.218662
v 0.086724 0.099620 0.202902
v 0.049101 0.099620 0.215126
v 0.121560 0.099620 0.184156
v 0.178517 0.099620 0.129700
v 0.198807 0.099620 0.095740
v 0.212707 0.099620 0.058703
v 0.219770 0.099620 0.019780
v 0.212707 0.099620 -0.058703
v 0.219770 0.099620 -0.019780
v 0.198807 0.099620 -0.095740
v 0.178517 0.099620 -0.129700
v 0.086724 0.099620 -0.202902
v 0.121560 0.099620 -0.184156
v 0.049101 0.099620 -0.215126
v -0.068187 0.099620 -0.209859
v -0.029620 0.099620 -0.218662
v -0.104563 0.099620 -0.194311
v -0.137579 0.099620 -0.172518
v -0.189424 0.099620 -0.113176
v -0.206588 0.099620 -0.077534
v -0.217113 0.099620 -0.039400
v -0.198950 0.096651 0.074667
v -0.209085 0.096651 0.037943
v -0.182420 0.096651 0.108991
v -0.100697 0.096651 0.187127
v -0.132492 0.096651 0.166139
v -0.065666 0.096651 0.202100
v -0.028525 0.096651 0.210577
v 0.047286 0.096651 0.207172
v 0.083518 0.096651 0.195400
v 0.117066 0.096651 0.177347
v 0.191456 0.096651 0.092200
v 0.171916 0.096651 0.124904
v 0.204842 0.096651 0.056533
v 0.211645 0.096651 0.019048
v 0.204842 0.096651 -0.056533
v 0.211645 0.096651 -0.019048
v 0.191456 0.096651 -0.092200
v 0.171916 0.096651 -0.124904
v 0.117066 0.096651 -0.177347
v 0.083518 0.096651 -0.195400
v 0.047286 0.096651 -0.207172
v -0.028525 0.096651 -0.210577
v -0.065666 0.096651 -0.202100
v -0.100697 0.096651 -0.187127
v -0.132492 0.096651 -0.166139
v -0.198950 0.096651 -0.074667
v -0.182420 0.096651 -0.108991
v -0.209085 0.096651 -0.037943
v -0.202541 0.091070 0.036756
v -0.192723 0.091070 0.072330
v -0.176711 0.091070 0.105580
v -0.160028 0.096651 0.139812
v -0.155019 0.091070 0.135436
v -0.128345 0.091070 0.160939
v -0.097545 0.091070 0.181270
v -0.063611 0.091070 0.195774
v -0.027632 0.091070 0.203986
v 0.009534 0.096651 0.212286
v 0.009235 0.091070 0.205642
v 0.045806 0.091070 0.200688
v 0.080904 0.091070 0.189284
v 0.113402 0.091070 0.171796
v 0.166535 0.091070 0.120995
v 0.185463 0.091070 0.089314
v 0.198431 0.091070 0.054763
v 0.205020 0.091070 0.018452
v 0.198431 0.091070 -0.054763
v 0.205020 0.091070 -0.018452
v 0.185463 0.091070 -0.089314
v 0.166535 0.091070 -0.120995
v 0.113402 0.091070 -0.171796
v 0.080904 0.091070 -0.189284
v 0.045806 0.091070 -0.200688
v 0.009534 0.096651 -0.212286
v 0.009235 0.091070 -0.205642
v -0.027632 0.091070 -0.203986
v -0.063611 0.091070 -0.195774
v -0.097545 0.091070 -0.181270
v -0.128345 0.091070 -0.160939
v -0.160028 0.096651 -0.139812
v -0.155019 0.091070 -0.135436
v -0.176711 0.091070 -0.105580
v -0.192723 0.091070 -0.072330
v -0.202541 0.091070 -0.036756
v -0.198269 0.083550 0.035981
v -0.188659 0.083550 0.070805
v -0.172984 0.083550 0.103353
v -0.151750 0.083550 0.132580
v -0.125638 0.083550 0.157545
v -0.095488 0.083550 0.177447
v -0.062269 0.083550 0.191645
v -0.027049 0.083550 0.199684
v 0.009041 0.083550 0.201305
v 0.044840 0.083550 0.196455
v 0.079198 0.083550 0.185292
v 0.111010 0.083550 0.168173
v 0.142254 0.091070 0.148787
v 0.139254 0.083550 0.145649
v 0.163023 0.083550 0.118443
v 0.181552 0.083550 0.087431
v 0.194246 0.083550 0.053608
v 0.200696 0.083550 0.018063
v 0.200696 0.083550 -0.018063
v 0.194246 0.083550 -0.053608
v 0.181552 0.083550 -0.087431
v 0.163023 0.083550 -0.118443
v 0.142254 0.091070 -0.148787
v 0.139254 0.083550 -0.145649
v 0.111010 0.083550 -0.168173
v 0.079198 0.083550 -0.185292
v 0.044840 0.083550 -0.196455
v 0.009041 0.083550 -0.201305
v -0.027049 0.083550 -0.199684
v -0.062269 0.083550 -0.191645
v -0.095488 0.083550 -0.177447
v -0.125638 0.083550 -0.157545
v -0.151750 0.083550 -0.132580
v -0.172984 0.083550 -0.103353
v -0.188659 0.083550 -0.070805
v -0.198269 0.083550 -0.035981
v -0.204829 0.089769 -0.000000
v -0.210417 0.095306 -0.000000
v -0.210591 0.095443 0.002763
v -0.210807 0.095608 0.004112
v -0.211282 0.095957 0.006067
v -0.212268 0.096620 0.008704
v -0.215243 0.098185 0.013196
v -0.221367 0.099822 0.017027
v -0.229133 0.099547 0.016678
v -0.235059 0.097738 0.012499
v -0.238217 0.096151 0.007269
v -0.239125 0.095601 0.004272
v -0.239524 0.095345 0.001545
v -0.239571 0.095314 0.000694
v -0.239583 0.095306 -0.000000
v -0.245171 0.089769 -0.000000
v -0.248762 0.082769 -0.000000
v -0.250000 0.075000 -0.000000
v -0.245982 0.075000 0.044639
v -0.234059 0.075000 0.087844
v -0.214612 0.075000 0.128225
v -0.188268 0.075000 0.164485
v -0.155872 0.075000 0.195458
v -0.118467 0.075000 0.220149
v -0.077254 0.075000 0.237764
v -0.033558 0.075000 0.247737
v 0.011216 0.075000 0.249748
v 0.055630 0.075000 0.243732
v 0.098256 0.075000 0.229882
v 0.137724 0.075000 0.208643
v 0.172766 0.075000 0.180699
v 0.202254 0.075000 0.146946
v 0.225242 0.075000 0.108471
v 0.240991 0.075000 0.066509
v 0.248994 0.075000 0.022410
v 0.248994 0.075000 -0.022410
v 0.240991 0.075000 -0.066509
v 0.225242 0.075000 -0.108471
v 0.202254 0.075000 -0.146946
v 0.172766 0.075000 -0.180699
v 0.137724 0.075000 -0.208643
v 0.098256 0.075000 -0.229882
v 0.055630 0.075000 -0.243732
v 0.011216 0.075000 -0.249748
v -0.033558 0.075000 -0.247737
v -0.077254 0.075000 -0.237764
v -0.118467 0.075000 -0.220149
v -0.155872 0.075000 -0.195458
v -0.188268 0.075000 -0.164485
v -0.214612 0.075000 -0.128225
v -0.234059 0.075000 -0.087844
v -0.245982 0.075000 -0.044639
v -0.239410 0.095419 -0.002640
v -0.239197 0.095556 -0.003930
v -0.238727 0.095848 -0.005805
v -0.237731 0.096428 -0.008395
v -0.234758 0.097865 -0.012834
v -0.228883 0.099592 -0.016769
v -0.221029 0.099778 -0.016926
v -0.214658 0.097923 -0.012532
v -0.211465 0.096086 -0.006655
v -0.210594 0.095445 -0.002786
v -0.210418 0.095307 -0.000258
v -0.201238 0.082769 -0.000000
v -0.200000 0.075000 -0.000000
v -0.196786 0.075000 -0.035711
v -0.187247 0.075000 -0.070275
v -0.171690 0.075000 -0.102580
v -0.150614 0.075000 -0.131588
v -0.124698 0.075000 -0.156366
v -0.094774 0.075000 -0.176119
v -0.061803 0.075000 -0.190211
v -0.026847 0.075000 -0.198190
v 0.008973 0.075000 -0.199799
v 0.044504 0.075000 -0.194986
v 0.078605 0.075000 -0.183906
v 0.110179 0.075000 -0.166915
v 0.138213 0.075000 -0.144559
v 0.161803 0.075000 -0.117557
v 0.180194 0.075000 -0.086777
v 0.192793 0.075000 -0.053207
v 0.199195 0.075000 -0.017928
v 0.199195 0.075000 0.017928
v 0.192793 0.075000 0.053207
v 0.180194 0.075000 0.086777
v 0.161803 0.075000 0.117557
v 0.138213 0.075000 0.144559
v 0.110179 0.075000 0.166915
v 0.078605 0.075000 0.183906
v 0.044504 0.075000 0.194986
v 0.008973 0.075000 0.199799
v -0.026847 0.075000 0.198190
v -0.061803 0.075000 0.190211
v -0.094774 0.075000 0.176119
v -0.124698 0.075000 0.156366
v -0.150614 0.075000 0.131588
v -0.171690 0.075000 0.102580
v -0.187247 0.075000 0.070275
v -0.196786 0.075000 0.035711
v -0.212346 0.097385 0.003416
v -0.211696 0.096402 0.003743
v -0.211476 0.096245 0.002519
v -0.212127 0.097221 0.002300
v -0.212823 0.097727 0.005022
v -0.212176 0.096732 0.005509
v -0.213795 0.098368 0.007159
v -0.213158 0.097348 0.007872
v -0.216604 0.099833 0.010702
v -0.216031 0.098767 0.011844
v -0.220468 0.101050 0.013116
v -0.220090 0.099960 0.014626
v -0.224615 0.101464 0.013959
v -0.224564 0.100370 0.015606
v -0.228996 0.099949 0.014835
v -0.228723 0.101042 0.013336
v -0.233021 0.098873 0.012480
v -0.232533 0.099944 0.011313
v -0.236295 0.097479 0.008660
v -0.235696 0.098504 0.007909
v -0.238254 0.096393 0.003870
v -0.237610 0.097375 0.003550
v -0.238643 0.096152 0.001418
v -0.237993 0.097124 0.001301
v -0.212527 0.098329 0.002104
v -0.212735 0.098507 0.003125
v -0.213189 0.098882 0.004596
v -0.214115 0.099587 0.006554
v -0.216808 0.101224 0.009813
v -0.220565 0.102627 0.012060
v -0.224656 0.103113 0.012865
v -0.228695 0.102605 0.012299
v -0.232384 0.101339 0.010431
v -0.235408 0.099732 0.007291
v -0.237225 0.098496 0.003273
v -0.237587 0.098223 0.001200
v -0.238474 0.096402 -0.000000
v -0.237743 0.097826 -0.000000
v -0.237500 0.099367 -0.000000
v -0.237381 0.099477 0.001720
v -0.236049 0.100619 0.005846
v -0.233463 0.102408 0.009199
v -0.229970 0.104044 0.011469
v -0.225861 0.104941 0.012470
v -0.221514 0.104699 0.012004
v -0.217548 0.103293 0.010036
v -0.214570 0.101327 0.006890
v -0.212866 0.099757 0.003004
v -0.212500 0.099367 -0.000000
v -0.212257 0.097826 -0.000000
v -0.211526 0.096402 -0.000000
v -0.250000 0.000000 -0.000000
v -0.245982 0.000000 0.044639
v -0.245982 0.050001 0.044639
v -0.250000 0.050001 -0.000000
v -0.234059 0.000000 0.087844
v -0.234059 0.050001 0.087844
v -0.214612 0.000000 0.128225
v -0.214612 0.050001 0.128225
v -0.188268 0.000000 0.164485
v -0.188268 0.050001 0.164485
v -0.155872 0.000000 0.195458
v -0.155872 0.050001 0.195458
v -0.118467 0.000000 0.220149
v -0.118467 0.050001 0.220149
v -0.077254 0.000000 0.237764
v -0.077254 0.050001 0.237764
v -0.033558 0.000000 0.247737
v -0.033558 0.050001 0.247737
v 0.011216 0.000000 0.249748
v 0.011216 0.050001 0.249748
v 0.055630 0.000000 0.243732
v 0.055630 0.050001 0.243732
v 0.098256 0.000000 0.229882
v 0.098256 0.050001 0.229882
v 0.137724 0.000000 0.208643
v 0.137724 0.050001 0.208643
v 0.172766 0.000000 0.180699
v 0.172766 0.050001 0.180699
v 0.202254 0.000000 0.146946
v 0.202254 0.050001 0.146946
v 0.225242 0.000000 0.108471
v 0.225242 0.050001 0.108471
v 0.240991 0.000000 0.066509
v 0.240991 0.050001 0.066509
v 0.248994 0.000000 0.022410
v 0.248994 0.050001 0.022410
v 0.248994 0.000000 -0.022410
v 0.248994 0.050001 -0.022410
v 0.240991 0.000000 -0.066509
v 0.240991 0.050001 -0.066509
v 0.225242 0.000000 -0.108471
v 0.225242 0.050001 -0.108471
v 0.202254 0.000000 -0.146946
v 0.202254 0.050001 -0.146946
v 0.172766 0.000000 -0.180699
v 0.172766 0.050001 -0.180699
v 0.137724 0.000000 -0.208643
v 0.137724 0.050001 -0.208643
v 0.098256 0.000000 -0.229882
v 0.098256 0.050001 -0.229882
v 0.055630 0.000000 -0.243732
v 0.055630 0.050001 -0.243732
v 0.011216 0.000000 -0.249748
v 0.011216 0.050001 -0.249748
v -0.033558 0.000000 -0.247737
v -0.033558 0.050001 -0.247737
v -0.077254 0.000000 -0.237764
v -0.077254 0.050001 -0.237764
v -0.118467 0.000000 -0.220149
v -0.118467 0.050001 -0.220149
v -0.155872 0.000000 -0.195458
v -0.155872 0.050001 -0.195458
v -0.188268 0.000000 -0.164485
v -0.188268 0.050001 -0.164485
v -0.214612 0.000000 -0.128225
v -0.214612 0.050001 -0.128225
v -0.234059 0.000000 -0.087844
v -0.234059 0.050001 -0.087844
v -0.245982 0.000000 -0.044639
v -0.245982 0.050001 -0.044639
v -0.250000 0.000000 -0.000000
v -0.250000 0.050001 -0.000000
v -0.250000 0.075000 -0.000000
v -0.250000 0.075000 -0.000000
v -0.237669 0.097337 -0.003307
v -0.238314 0.096356 -0.003604
v -0.238529 0.096224 -0.002422
v -0.237880 0.097199 -0.002223
v -0.237208 0.097629 -0.004873
v -0.237843 0.096637 -0.005317
v -0.236238 0.098204 -0.007013
v -0.236852 0.097190 -0.007669
v -0.233423 0.099589 -0.010571
v -0.233948 0.098528 -0.011637
v -0.229523 0.100868 -0.013040
v -0.229850 0.099777 -0.014483
v -0.225291 0.101450 -0.013954
v -0.225298 0.100355 -0.015595
v -0.220868 0.100095 -0.014932
v -0.221195 0.101187 -0.013377
v -0.216930 0.099107 -0.012664
v -0.217471 0.100181 -0.011421
v -0.213731 0.097676 -0.008906
v -0.214361 0.098707 -0.008089
v -0.211787 0.096467 -0.004145
v -0.212437 0.097452 -0.003781
v -0.211360 0.096161 -0.001499
v -0.212012 0.097133 -0.001369
v -0.237481 0.098304 -0.002049
v -0.237281 0.098454 -0.003048
v -0.236844 0.098773 -0.004492
v -0.235924 0.099402 -0.006464
v -0.233238 0.100938 -0.009746
v -0.229476 0.102400 -0.012026
v -0.225324 0.103094 -0.012864
v -0.221280 0.102788 -0.012307
v -0.217646 0.101621 -0.010479
v -0.214655 0.099962 -0.007408
v -0.212822 0.098581 -0.003460
v -0.212417 0.098233 -0.001253
v -0.212579 0.099453 -0.001402
v -0.213800 0.100664 -0.005550
v -0.216273 0.102561 -0.008949
v -0.219680 0.104202 -0.011311
v -0.223777 0.104981 -0.012440
v -0.228150 0.104574 -0.012096
v -0.232153 0.103121 -0.010251
v -0.235212 0.101258 -0.007209
v -0.237035 0.099790 -0.003376
v -0.194707 0.067275 0.040013
v -0.182667 0.067275 0.078389
v -0.179404 0.060305 0.076988
v -0.191229 0.060305 0.039299
v -0.163148 0.067275 0.113555
v -0.160234 0.060305 0.111526
v -0.136950 0.067275 0.144072
v -0.134504 0.060305 0.141498
v -0.105146 0.067275 0.168690
v -0.103267 0.060305 0.165677
v -0.069036 0.067275 0.186403
v -0.067803 0.060305 0.183073
v -0.030100 0.067275 0.196484
v -0.029563 0.060305 0.192974
v 0.010068 0.067275 0.198521
v 0.009888 0.060305 0.194975
v 0.049824 0.067275 0.192431
v 0.048934 0.060305 0.188993
v 0.087540 0.067275 0.178462
v 0.085976 0.060305 0.175274
v 0.121672 0.067275 0.157188
v 0.119499 0.060305 0.154380
v 0.150823 0.067275 0.129477
v 0.148129 0.060305 0.127164
v 0.173799 0.067275 0.096467
v 0.170695 0.060305 0.094743
v 0.189660 0.067275 0.059506
v 0.186272 0.060305 0.058443
v 0.197757 0.067275 0.020110
v 0.194224 0.060305 0.019751
v 0.197757 0.067275 -0.020110
v 0.194224 0.060305 -0.019751
v 0.189660 0.067275 -0.059506
v 0.186272 0.060305 -0.058443
v 0.173799 0.067275 -0.096467
v 0.170695 0.060305 -0.094743
v 0.150823 0.067275 -0.129477
v 0.148129 0.060305 -0.127164
v 0.121672 0.067275 -0.157188
v 0.119499 0.060305 -0.154380
v 0.087540 0.067275 -0.178462
v 0.085976 0.060305 -0.175274
v 0.049824 0.067275 -0.192431
v 0.048934 0.060305 -0.188993
v 0.010068 0.067275 -0.198521
v 0.009888 0.060305 -0.194975
v -0.030100 0.067275 -0.196484
v -0.029563 0.060305 -0.192974
v -0.069036 0.067275 -0.186403
v -0.067803 0.060305 -0.183073
v -0.105146 0.067275 -0.168690
v -0.103267 0.060305 -0.165677
v -0.136950 0.067275 -0.144072
v -0.134504 0.060305 -0.141498
v -0.163148 0.067275 -0.113555
v -0.160234 0.060305 -0.111526
v -0.182667 0.067275 -0.078389
v -0.179404 0.060305 -0.076988
v -0.194707 0.067275 -0.040013
v -0.191229 0.060305 -0.039299
v -0.174321 0.054775 0.074807
v -0.185812 0.054775 0.038185
v -0.155694 0.054775 0.108367
v -0.130693 0.054775 0.137489
v -0.100342 0.054775 0.160983
v -0.065882 0.054775 0.177887
v -0.028725 0.054775 0.187507
v 0.009608 0.054775 0.189451
v 0.047547 0.054775 0.183639
v 0.083540 0.054775 0.170309
v 0.116113 0.054775 0.150006
v 0.143932 0.054775 0.123562
v 0.165859 0.054775 0.092059
v 0.180995 0.054775 0.056788
v 0.188721 0.054775 0.019191
v 0.188721 0.054775 -0.019191
v 0.180995 0.054775 -0.056788
v 0.165859 0.054775 -0.092059
v 0.143932 0.054775 -0.123562
v 0.116113 0.054775 -0.150006
v 0.083540 0.054775 -0.170309
v 0.047547 0.054775 -0.183639
v 0.009608 0.054775 -0.189451
v -0.028725 0.054775 -0.187507
v -0.065882 0.054775 -0.177887
v -0.100342 0.054775 -0.160983
v -0.130693 0.054775 -0.137489
v -0.155694 0.054775 -0.108367
v -0.174321 0.054775 -0.074807
v -0.185812 0.054775 -0.038185
v -0.167917 0.051224 0.072059
v -0.178985 0.051224 0.036782
v -0.149974 0.051224 0.104385
v -0.125892 0.051224 0.132438
v -0.096655 0.051224 0.155069
v -0.063461 0.051224 0.171351
v -0.027670 0.051224 0.180618
v 0.009255 0.051224 0.182491
v 0.045801 0.051224 0.176892
v 0.080471 0.051224 0.164052
v 0.111847 0.051224 0.144495
v 0.138644 0.051224 0.119022
v 0.159765 0.051224 0.088677
v 0.174345 0.051224 0.054701
v 0.181788 0.051224 0.018486
v 0.181788 0.051224 -0.018486
v 0.174345 0.051224 -0.054701
v 0.159765 0.051224 -0.088677
v 0.138644 0.051224 -0.119022
v 0.111847 0.051224 -0.144495
v 0.080471 0.051224 -0.164052
v 0.045801 0.051224 -0.176892
v 0.009255 0.051224 -0.182491
v -0.027670 0.051224 -0.180618
v -0.063461 0.051224 -0.171351
v -0.096655 0.051224 -0.155069
v -0.125892 0.051224 -0.132438
v -0.149974 0.051224 -0.104385
v -0.167917 0.051224 -0.072059
v -0.178985 0.051224 -0.036782
v -0.198097 0.065433 -0.000000
v -0.192678 0.057322 -0.000000
v -0.184567 0.051903 -0.000000
v -0.175000 0.050000 -0.000000
v -0.171418 0.050000 -0.035227
v -0.160818 0.050000 -0.069012
v -0.143634 0.050000 -0.099972
v -0.120569 0.050000 -0.126839
v -0.092569 0.050000 -0.148513
v -0.060778 0.050000 -0.164107
v -0.026500 0.050000 -0.172982
v 0.008864 0.050000 -0.174775
v 0.043864 0.050000 -0.169413
v 0.077069 0.050000 -0.157116
v 0.107119 0.050000 -0.138386
v 0.132783 0.050000 -0.113990
v 0.153011 0.050000 -0.084928
v 0.166974 0.050000 -0.052389
v 0.174102 0.050000 -0.017704
v 0.174102 0.050000 0.017704
v 0.166974 0.050000 0.052389
v 0.153011 0.050000 0.084928
v 0.132783 0.050000 0.113990
v 0.107119 0.050000 0.138386
v 0.077069 0.050000 0.157116
v 0.043864 0.050000 0.169413
v 0.008864 0.050000 0.174775
v -0.026500 0.050000 0.172982
v -0.060778 0.050000 0.164107
v -0.092569 0.050000 0.148513
v -0.120569 0.050000 0.126839
v -0.143634 0.050000 0.099972
v -0.160818 0.050000 0.069012
v -0.171418 0.050000 0.035227
v -0.212500 0.108000 -0.000000
v -0.213254 0.108000 0.004275
v -0.215424 0.108000 0.008035
v -0.218750 0.108000 0.010825
v -0.222829 0.108000 0.012310
v -0.227171 0.108000 0.012310
v -0.231250 0.108000 0.010825
v -0.234576 0.108000 0.008035
v -0.236746 0.108000 0.004275
v -0.237500 0.108000 -0.000000
v -0.236746 0.108000 -0.004275
v -0.234576 0.108000 -0.008035
v -0.231250 0.108000 -0.010825
v -0.227171 0.108000 -0.012310
v -0.222829 0.108000 -0.012310
v -0.218750 0.108000 -0.010825
v -0.215424 0.108000 -0.008035
v -0.213254 0.108000 -0.004275
v -0.250000 0.000000 -0.000000
v -0.213162 0.108618 -0.004309
v -0.215349 0.108618 -0.008098
v -0.212895 0.109176 -0.004406
v -0.215132 0.109176 -0.008280
v -0.218701 0.108618 -0.010910
v -0.218559 0.109176 -0.011156
v -0.222812 0.108618 -0.012406
v -0.222763 0.109176 -0.012686
v -0.227188 0.108618 -0.012406
v -0.227237 0.109176 -0.012686
v -0.231299 0.108618 -0.010910
v -0.231441 0.109176 -0.011156
v -0.234651 0.108618 -0.008098
v -0.234868 0.109176 -0.008280
v -0.236838 0.108618 -0.004309
v -0.237105 0.109176 -0.004406
v -0.237598 0.108618 -0.000000
v -0.237882 0.109176 -0.000000
v -0.236838 0.108618 0.004309
v -0.237105 0.109176 0.004406
v -0.234651 0.108618 0.008098
v -0.234868 0.109176 0.008280
v -0.231299 0.108618 0.010910
v -0.231441 0.109176 0.011156
v -0.227188 0.108618 0.012406
v -0.227237 0.109176 0.012686
v -0.222812 0.108618 0.012406
v -0.222763 0.109176 0.012686
v -0.218701 0.108618 0.010910
v -0.218559 0.109176 0.011156
v -0.215349 0.108618 0.008098
v -0.215132 0.109176 0.008280
v -0.213162 0.108618 0.004309
v -0.212895 0.109176 0.004406
v -0.212479 0.109618 -0.004557
v -0.214793 0.109618 -0.008565
v -0.218338 0.109618 -0.011539
v -0.222686 0.109618 -0.013122
v -0.227314 0.109618 -0.013122
v -0.231662 0.109618 -0.011539
v -0.235207 0.109618 -0.008565
v -0.237521 0.109618 -0.004557
v -0.238324 0.109618 -0.000000
v -0.237521 0.109618 0.004557
v -0.235207 0.109618 0.008565
v -0.231662 0.109618 0.011539
v -0.227314 0.109618 0.013122
v -0.222686 0.109618 0.013122
v -0.218338 0.109618 0.011539
v -0.214793 0.109618 0.008565
v -0.212479 0.109618 0.004557
v -0.211955 0.109902 -0.004748
v -0.214366 0.109902 -0.008923
v -0.218059 0.109902 -0.012022
v -0.222589 0.109902 -0.013671
v -0.227411 0.109902 -0.013671
v -0.231941 0.109902 -0.012022
v -0.235634 0.109902 -0.008923
v -0.238045 0.109902 -0.004748
v -0.238882 0.109902 -0.000000
v -0.238045 0.109902 0.004748
v -0.235634 0.109902 0.008923
v -0.231941 0.109902 0.012022
v -0.227411 0.109902 0.013671
v -0.222589 0.109902 0.013671
v -0.218059 0.109902 0.012022
v -0.214366 0.109902 0.008923
v -0.211955 0.109902 0.004748
v -0.212348 0.108765 -0.000000
v -0.211914 0.109414 -0.000000
v -0.211265 0.109848 -0.000000
v -0.210500 0.110000 -0.000000
v -0.211374 0.110000 0.004959
v -0.213892 0.110000 0.009320
v -0.217750 0.110000 0.012557
v -0.222482 0.110000 0.014280
v -0.227518 0.110000 0.014280
v -0.232250 0.110000 0.012557
v -0.236108 0.110000 0.009320
v -0.238626 0.110000 0.004959
v -0.239500 0.110000 -0.000000
v -0.238626 0.110000 -0.004959
v -0.236108 0.110000 -0.009320
v -0.232250 0.110000 -0.012557
v -0.227518 0.110000 -0.014280
v -0.222482 0.110000 -0.014280
v -0.217750 0.110000 -0.012557
v -0.213892 0.110000 -0.009320
v -0.211374 0.110000 -0.004959
v -0.203387 0.110000 -0.007866
v -0.202000 0.110000 -0.000000
v -0.207381 0.110000 -0.014784
v -0.203387 0.110000 0.007866
v -0.213500 0.110000 -0.019919
v -0.207381 0.110000 0.014784
v -0.221006 0.110000 -0.022651
v -0.228994 0.110000 -0.022651
v -0.236500 0.110000 -0.019919
v -0.242619 0.110000 -0.014784
v -0.246613 0.110000 -0.007866
v -0.248000 0.110000 -0.000000
v -0.246613 0.110000 0.007866
v -0.242619 0.110000 0.014784
v -0.236500 0.110000 0.019919
v -0.228994 0.110000 0.022651
v -0.221006 0.110000 0.022651
v -0.213500 0.110000 0.019919
v -0.206141 0.110824 -0.015824
v -0.205924 0.111382 -0.016007
v -0.201600 0.111382 -0.008517
v -0.201867 0.110824 -0.008420
v -0.212691 0.110824 -0.021320
v -0.212549 0.111382 -0.021566
v -0.220725 0.110824 -0.024244
v -0.220676 0.111382 -0.024524
v -0.229275 0.110824 -0.024244
v -0.229324 0.111382 -0.024524
v -0.237451 0.111382 -0.021566
v -0.237309 0.110824 -0.021320
v -0.244076 0.111382 -0.016007
v -0.243859 0.110824 -0.015824
v -0.248400 0.111382 -0.008517
v -0.248133 0.110824 -0.008420
v -0.249902 0.111382 -0.000000
v -0.249618 0.110824 -0.000000
v -0.248133 0.110824 0.008420
v -0.248400 0.111382 0.008517
v -0.243859 0.110824 0.015824
v -0.244076 0.111382 0.016007
v -0.237309 0.110824 0.021320
v -0.237451 0.111382 0.021566
v -0.229275 0.110824 0.024244
v -0.229324 0.111382 0.024524
v -0.220725 0.110824 0.024244
v -0.220676 0.111382 0.024524
v -0.212549 0.111382 0.021566
v -0.212691 0.110824 0.021320
v -0.205924 0.111382 0.016007
v -0.206141 0.110824 0.015824
v -0.201600 0.111382 0.008517
v -0.201867 0.110824 0.008420
v -0.202282 0.110382 -0.008269
v -0.206480 0.110382 -0.015540
v -0.212912 0.110382 -0.020937
v -0.220802 0.110382 -0.023808
v -0.229198 0.110382 -0.023808
v -0.237088 0.110382 -0.020937
v -0.243520 0.110382 -0.015540
v -0.247718 0.110382 -0.008269
v -0.249176 0.110382 -0.000000
v -0.247718 0.110382 0.008269
v -0.243520 0.110382 0.015540
v -0.237088 0.110382 0.020937
v -0.229198 0.110382 0.023808
v -0.220802 0.110382 0.023808
v -0.212912 0.110382 0.020937
v -0.206480 0.110382 0.015540
v -0.202282 0.110382 0.008269
v -0.206908 0.110098 -0.015181
v -0.202806 0.110098 -0.008078
v -0.213191 0.110098 -0.020454
v -0.220899 0.110098 -0.023259
v -0.229101 0.110098 -0.023259
v -0.236809 0.110098 -0.020454
v -0.243092 0.110098 -0.015181
v -0.247194 0.110098 -0.008078
v -0.248618 0.110098 -0.000000
v -0.247194 0.110098 0.008078
v -0.243092 0.110098 0.015181
v -0.236809 0.110098 0.020454
v -0.229101 0.110098 0.023259
v -0.220899 0.110098 0.023259
v -0.213191 0.110098 0.020454
v -0.206908 0.110098 0.015181
v -0.202806 0.110098 0.008078
v -0.248492 0.112000 0.008551
v -0.250000 0.112000 0.000000
v -0.244151 0.112000 0.016070
v -0.237500 0.112000 0.021651
v -0.229341 0.112000 0.024620
v -0.220659 0.112000 0.024620
v -0.212500 0.112000 0.021651
v -0.205849 0.112000 0.016070
v -0.201508 0.112000 0.008551
v -0.200000 0.112000 -0.000000
v -0.200152 0.111235 -0.000000
v -0.200586 0.110586 -0.000000
v -0.201235 0.110152 -0.000000
v -0.201508 0.112000 -0.008551
v -0.205849 0.112000 -0.016070
v -0.212500 0.112000 -0.021651
v -0.220659 0.112000 -0.024620
v -0.229341 0.112000 -0.024620
v -0.237500 0.112000 -0.021651
v -0.244151 0.112000 -0.016070
v -0.248492 0.112000 -0.008551
v -0.217667 0.149373 0.001161
v -0.218385 0.149373 0.003370
v -0.220636 0.149373 0.006006
v -0.222706 0.149373 0.007061
v -0.225000 0.149373 0.007424
v -0.227294 0.149373 0.007061
v -0.229364 0.149373 0.006006
v -0.231615 0.149373 0.003370
v -0.232333 0.149373 0.001161
v -0.232424 0.149373 0.000000
v -0.225000 0.190000 0.000000
v -0.232333 0.149373 -0.001161
v -0.231615 0.149373 -0.003370
v -0.229364 0.149373 -0.006006
v -0.227294 0.149373 -0.007061
v -0.225000 0.149373 -0.007424
v -0.222706 0.149373 -0.007061
v -0.220636 0.149373 -0.006006
v -0.218385 0.149373 -0.003370
v -0.217667 0.149373 -0.001161
v -0.232061 0.149373 0.002294
v -0.231006 0.149373 0.004364
v -0.230250 0.149373 0.005250
v -0.228370 0.149373 0.006615
v -0.226161 0.149373 0.007333
v -0.223839 0.149373 0.007333
v -0.221630 0.149373 0.006615
v -0.219750 0.149373 0.005250
v -0.218994 0.149373 0.004364
v -0.217939 0.149373 0.002294
v -0.217576 0.149373 0.000000
v -0.217939 0.149373 -0.002294
v -0.218994 0.149373 -0.004364
v -0.219750 0.149373 -0.005250
v -0.221630 0.149373 -0.006615
v -0.223839 0.149373 -0.007333
v -0.226161 0.149373 -0.007333
v -0.228370 0.149373 -0.006615
v -0.230250 0.149373 -0.005250
v -0.231006 0.149373 -0.004364
v -0.232061 0.149373 -0.002294
vn 0.8633 -0.4485 0.2313
vn 0.8904 -0.4485 -0.0779
vn 0.8100 -0.4485 -0.3777
vn 0.8101 -0.4485 -0.3777
vn 0.6320 -0.4485 -0.6320
vn 0.3778 -0.4485 -0.8100
vn 0.3777 -0.4485 -0.8101
vn 0.0779 -0.4485 -0.8904
vn -0.2313 -0.4485 -0.8633
vn -0.2313 -0.4484 -0.8634
vn -0.5127 -0.4485 -0.7321
vn -0.7322 -0.4485 -0.5127
vn -0.8633 -0.4485 -0.2313
vn -0.8904 -0.4485 0.0779
vn -0.8100 -0.4485 0.3777
vn -0.8101 -0.4485 0.3777
vn -0.6320 -0.4485 0.6320
vn -0.3777 -0.4485 0.8101
vn -0.3777 -0.4485 0.8100
vn -0.0779 -0.4485 0.8904
vn 0.2313 -0.4485 0.8633
vn 0.6882 -0.7017 0.1844
vn 0.7098 -0.7017 -0.0621
vn 0.6458 -0.7017 -0.3011
vn 0.6457 -0.7017 -0.3011
vn 0.5038 -0.7017 -0.5038
vn 0.3011 -0.7017 -0.6457
vn 0.0621 -0.7017 -0.7098
vn -0.1844 -0.7017 -0.6882
vn -0.1844 -0.7016 -0.6882
vn -0.4087 -0.7017 -0.5837
vn -0.5836 -0.7017 -0.4087
vn -0.6882 -0.7017 -0.1844
vn -0.7098 -0.7017 0.0621
vn -0.6457 -0.7017 0.3011
vn -0.6458 -0.7017 0.3011
vn -0.5038 -0.7017 0.5038
vn -0.3011 -0.7017 0.6457
vn -0.3011 -0.7016 0.6458
vn -0.0621 -0.7016 0.7098
vn -0.0621 -0.7017 0.7098
vn 0.1844 -0.7016 0.6882
vn 0.1844 -0.7017 0.6882
vn 0.4439 -0.8882 0.1189
vn 0.4578 -0.8882 -0.0401
vn 0.4165 -0.8882 -0.1942
vn 0.3249 -0.8882 -0.3249
vn 0.1942 -0.8882 -0.4165
vn 0.0400 -0.8882 -0.4578
vn 0.0401 -0.8882 -0.4578
vn -0.1189 -0.8882 -0.4439
vn -0.2636 -0.8882 -0.3764
vn -0.3764 -0.8882 -0.2636
vn -0.4439 -0.8882 -0.1189
vn -0.4578 -0.8882 0.0400
vn -0.4578 -0.8882 0.0401
vn -0.4165 -0.8882 0.1942
vn -0.3250 -0.8882 0.3250
vn -0.3249 -0.8882 0.3249
vn -0.1942 -0.8882 0.4165
vn -0.0401 -0.8882 0.4578
vn 0.1189 -0.8882 0.4439
vn -0.8094 -0.1541 -0.5667
vn -0.9544 -0.1541 -0.2557
vn -0.9843 -0.1541 0.0861
vn -0.8955 -0.1541 0.4176
vn -0.6987 -0.1541 0.6987
vn -0.4176 -0.1541 0.8955
vn -0.0861 -0.1541 0.9843
vn 0.2557 -0.1541 0.9544
vn 0.5667 -0.1541 0.8094
vn 0.5652 -0.1923 0.8022
vn 0.4825 -0.5500 0.6817
vn 0.3253 -0.8279 0.4570
vn 0.1157 -0.9803 0.1601
vn 0.0911 -0.9873 0.1301
vn 0.0411 -0.9873 0.1534
vn -0.0138 -0.9873 0.1582
vn -0.0671 -0.9873 0.1439
vn -0.1123 -0.9873 0.1123
vn -0.1439 -0.9873 0.0671
vn -0.1582 -0.9873 0.0138
vn -0.1534 -0.9873 -0.0411
vn -0.1301 -0.9873 -0.0911
vn -0.0911 -0.9873 -0.1301
vn -0.0411 -0.9873 -0.1534
vn 0.0138 -0.9873 -0.1582
vn 0.0671 -0.9873 -0.1439
vn 0.1123 -0.9873 -0.1123
vn 0.1439 -0.9873 -0.0671
vn 0.1582 -0.9873 -0.0138
vn 0.1534 -0.9873 0.0411
vn 0.1301 -0.9873 0.0911
vn 0.1600 -0.9803 0.1157
vn 0.4569 -0.8279 0.3253
vn 0.6816 -0.5500 0.4825
vn 0.8022 -0.1923 0.5652
vn 0.8094 -0.1541 0.5667
vn 0.9544 -0.1541 0.2557
vn 0.9843 -0.1541 -0.0861
vn 0.8955 -0.1541 -0.4176
vn 0.6987 -0.1541 -0.6987
vn 0.4176 -0.1541 -0.8955
vn 0.0861 -0.1541 -0.9843
vn -0.2557 -0.1541 -0.9544
vn -0.5667 -0.1541 -0.8094
vn -0.2557 -0.1542 -0.9544
vn 0.7333 -0.4486 0.5109
vn 0.5851 -0.7019 0.4062
vn 0.3774 -0.8883 0.2616
vn -0.0861 -0.1542 0.9843
vn 0.5109 -0.4487 0.7333
vn 0.4062 -0.7019 0.5851
vn 0.2616 -0.8883 0.3774
vn 0.4469 -0.4485 0.7741
vn 0.4469 -0.4485 0.7740
vn 0.6847 -0.4485 0.5745
vn 0.8399 -0.4485 0.3057
vn 0.8938 -0.4485 -0.0000
vn 0.8399 -0.4485 -0.3057
vn 0.6847 -0.4485 -0.5745
vn 0.4469 -0.4485 -0.7741
vn 0.4469 -0.4485 -0.7740
vn 0.1552 -0.4485 -0.8802
vn -0.1552 -0.4485 -0.8802
vn -0.4469 -0.4485 -0.7741
vn -0.4469 -0.4485 -0.7740
vn -0.6847 -0.4485 -0.5745
vn -0.8399 -0.4485 -0.3057
vn -0.8938 -0.4485 -0.0000
vn -0.8399 -0.4485 0.3057
vn -0.6847 -0.4485 0.5745
vn -0.4469 -0.4485 0.7741
vn -0.4469 -0.4485 0.7740
vn 0.3562 -0.7017 0.6171
vn 0.3563 -0.7016 0.6171
vn 0.5458 -0.7017 0.4580
vn 0.5458 -0.7016 0.4580
vn 0.6695 -0.7017 0.2437
vn 0.7125 -0.7017 -0.0000
vn 0.6695 -0.7017 -0.2437
vn 0.5458 -0.7017 -0.4580
vn 0.3563 -0.7016 -0.6171
vn 0.3563 -0.7017 -0.6170
vn 0.1237 -0.7017 -0.7017
vn 0.1237 -0.7017 -0.7016
vn -0.1237 -0.7017 -0.7017
vn -0.1237 -0.7017 -0.7016
vn -0.3563 -0.7016 -0.6171
vn -0.3563 -0.7017 -0.6170
vn -0.5458 -0.7017 -0.4580
vn -0.6695 -0.7017 -0.2437
vn -0.7125 -0.7017 -0.0000
vn -0.6695 -0.7017 0.2437
vn -0.5458 -0.7017 0.4580
vn -0.5458 -0.7016 0.4580
vn -0.3562 -0.7017 0.6171
vn -0.3563 -0.7016 0.6171
vn 0.2298 -0.8882 0.3980
vn 0.3520 -0.8882 0.2954
vn 0.4318 -0.8882 0.1572
vn 0.4318 -0.8881 0.1572
vn 0.4595 -0.8882 -0.0000
vn 0.4318 -0.8882 -0.1572
vn 0.4318 -0.8881 -0.1572
vn 0.3520 -0.8882 -0.2954
vn 0.2298 -0.8882 -0.3980
vn 0.0798 -0.8882 -0.4525
vn 0.0798 -0.8881 -0.4526
vn -0.0798 -0.8882 -0.4525
vn -0.0798 -0.8881 -0.4526
vn -0.2298 -0.8882 -0.3980
vn -0.3520 -0.8882 -0.2954
vn -0.4318 -0.8882 -0.1572
vn -0.4318 -0.8881 -0.1572
vn -0.4595 -0.8882 -0.0000
vn -0.4318 -0.8882 0.1572
vn -0.4318 -0.8881 0.1572
vn -0.3520 -0.8882 0.2954
vn -0.2298 -0.8882 0.3980
vn -0.1716 -0.1541 -0.9730
vn -0.4940 -0.1542 -0.8557
vn -0.7569 -0.1541 -0.6351
vn -0.9285 -0.1541 -0.3379
vn -0.9881 -0.1541 -0.0000
vn -0.9285 -0.1541 0.3379
vn -0.7569 -0.1541 0.6351
vn -0.4940 -0.1541 0.8557
vn -0.1716 -0.1541 0.9730
vn -0.1676 -0.1924 0.9669
vn -0.1408 -0.5500 0.8232
vn -0.0931 -0.8278 0.5532
vn -0.0313 -0.9803 0.1950
vn -0.0276 -0.9873 0.1564
vn -0.0794 -0.9873 0.1375
vn -0.1216 -0.9873 0.1021
vn -0.1492 -0.9873 0.0543
vn -0.1588 -0.9873 -0.0000
vn -0.1492 -0.9873 -0.0543
vn -0.1216 -0.9873 -0.1021
vn -0.0794 -0.9873 -0.1375
vn -0.0276 -0.9873 -0.1564
vn 0.0276 -0.9873 -0.1564
vn 0.0794 -0.9873 -0.1375
vn 0.1216 -0.9873 -0.1021
vn 0.1492 -0.9873 -0.0543
vn 0.1588 -0.9873 -0.0000
vn 0.1492 -0.9873 0.0543
vn 0.1216 -0.9873 0.1021
vn 0.0794 -0.9873 0.1375
vn 0.0276 -0.9873 0.1564
vn 0.0313 -0.9803 0.1950
vn 0.0931 -0.8278 0.5532
vn 0.1408 -0.5500 0.8232
vn 0.1676 -0.1924 0.9669
vn 0.1716 -0.1541 0.9730
vn 0.4940 -0.1541 0.8557
vn 0.7569 -0.1541 0.6351
vn 0.9285 -0.1541 0.3379
vn 0.9881 -0.1541 -0.0000
vn 0.9285 -0.1541 -0.3379
vn 0.7569 -0.1541 -0.6351
vn 0.4940 -0.1541 -0.8557
vn 0.1716 -0.1541 -0.9730
vn 0.1573 -0.4486 0.8798
vn 0.1265 -0.7020 0.7009
vn 0.0819 -0.8883 0.4519
vn -0.4940 -0.1541 -0.8557
vn -0.1573 -0.4486 0.8798
vn -0.1265 -0.7020 0.7009
vn -0.0819 -0.8883 0.4519
vn -0.2313 -0.4485 0.8633
vn 0.0779 -0.4485 0.8904
vn 0.3777 -0.4485 0.8101
vn 0.3777 -0.4485 0.8100
vn 0.6320 -0.4485 0.6320
vn 0.8100 -0.4485 0.3777
vn 0.8101 -0.4485 0.3777
vn 0.8904 -0.4485 0.0779
vn 0.8633 -0.4485 -0.2313
vn 0.7321 -0.4485 -0.5127
vn 0.7322 -0.4484 -0.5127
vn 0.5127 -0.4485 -0.7321
vn 0.2313 -0.4485 -0.8633
vn 0.2313 -0.4484 -0.8634
vn -0.0779 -0.4485 -0.8904
vn -0.3778 -0.4485 -0.8100
vn -0.3777 -0.4485 -0.8101
vn -0.6320 -0.4485 -0.6320
vn -0.8100 -0.4485 -0.3777
vn -0.8101 -0.4485 -0.3777
vn -0.8904 -0.4485 -0.0779
vn -0.8633 -0.4485 0.2313
vn -0.1844 -0.7016 0.6882
vn -0.1844 -0.7017 0.6882
vn 0.0621 -0.7016 0.7098
vn 0.0621 -0.7017 0.7098
vn 0.3011 -0.7017 0.6457
vn 0.3011 -0.7016 0.6458
vn 0.5038 -0.7017 0.5038
vn 0.6457 -0.7017 0.3011
vn 0.6458 -0.7017 0.3011
vn 0.7098 -0.7017 0.0621
vn 0.6882 -0.7017 -0.1844
vn 0.5836 -0.7017 -0.4087
vn 0.4087 -0.7017 -0.5837
vn 0.1844 -0.7017 -0.6882
vn 0.1844 -0.7016 -0.6882
vn -0.0621 -0.7017 -0.7098
vn -0.3011 -0.7017 -0.6457
vn -0.5038 -0.7017 -0.5038
vn -0.6458 -0.7017 -0.3011
vn -0.6457 -0.7017 -0.3011
vn -0.7098 -0.7017 -0.0621
vn -0.6882 -0.7017 0.1844
vn -0.1189 -0.8882 0.4439
vn 0.0401 -0.8882 0.4578
vn 0.1942 -0.8882 0.4165
vn 0.3250 -0.8882 0.3250
vn 0.3249 -0.8882 0.3249
vn 0.4165 -0.8882 0.1942
vn 0.4578 -0.8882 0.0400
vn 0.4578 -0.8882 0.0401
vn 0.4439 -0.8882 -0.1189
vn 0.3764 -0.8882 -0.2636
vn 0.2636 -0.8882 -0.3764
vn 0.1189 -0.8882 -0.4439
vn -0.0400 -0.8882 -0.4578
vn -0.0401 -0.8882 -0.4578
vn -0.1942 -0.8882 -0.4165
vn -0.3249 -0.8882 -0.3249
vn -0.4165 -0.8882 -0.1942
vn -0.4578 -0.8882 -0.0401
vn -0.4439 -0.8882 0.1189
vn 0.5667 -0.1541 -0.8094
vn 0.2557 -0.1541 -0.9544
vn -0.0861 -0.1541 -0.9843
vn -0.4176 -0.1541 -0.8955
vn -0.6987 -0.1541 -0.6987
vn -0.8955 -0.1541 -0.4176
vn -0.9843 -0.1541 -0.0861
vn -0.9544 -0.1541 0.2557
vn -0.8094 -0.1541 0.5667
vn -0.8022 -0.1923 0.5652
vn -0.6816 -0.5500 0.4825
vn -0.4569 -0.8279 0.3253
vn -0.1600 -0.9803 0.1157
vn -0.1301 -0.9873 0.0911
vn -0.1534 -0.9873 0.0411
vn -0.1582 -0.9873 -0.0138
vn -0.1439 -0.9873 -0.0671
vn -0.1123 -0.9873 -0.1123
vn -0.0671 -0.9873 -0.1439
vn -0.0138 -0.9873 -0.1582
vn 0.0411 -0.9873 -0.1534
vn 0.0911 -0.9873 -0.1301
vn 0.1301 -0.9873 -0.0911
vn 0.1534 -0.9873 -0.0411
vn 0.1582 -0.9873 0.0138
vn 0.1439 -0.9873 0.0671
vn 0.1123 -0.9873 0.1123
vn 0.0671 -0.9873 0.1439
vn 0.0138 -0.9873 0.1582
vn -0.0411 -0.9873 0.1534
vn -0.0911 -0.9873 0.1301
vn -0.1157 -0.9803 0.1601
vn -0.3253 -0.8279 0.4570
vn -0.4825 -0.5500 0.6817
vn -0.5652 -0.1923 0.8022
vn -0.5667 -0.1541 0.8094
vn -0.2557 -0.1541 0.9544
vn 0.0861 -0.1541 0.9843
vn 0.4176 -0.1541 0.8955
vn 0.6987 -0.1541 0.6987
vn 0.8955 -0.1541 0.4176
vn 0.9843 -0.1541 0.0861
vn 0.9544 -0.1541 -0.2557
vn 0.8094 -0.1541 -0.5667
vn 0.0861 -0.1542 0.9843
vn -0.5109 -0.4487 0.7333
vn -0.4062 -0.7019 0.5851
vn -0.2616 -0.8883 0.3774
vn 0.5667 -0.1542 -0.8094
vn -0.6987 -0.1542 -0.6987
vn -0.7333 -0.4486 0.5109
vn -0.5851 -0.7019 0.4062
vn -0.3774 -0.8883 0.2616
vn -0.7740 -0.4485 0.4469
vn -0.7741 -0.4485 0.4469
vn -0.5745 -0.4485 0.6847
vn -0.3057 -0.4485 0.8399
vn -0.0000 -0.4485 0.8938
vn 0.3057 -0.4485 0.8399
vn 0.5745 -0.4485 0.6847
vn 0.7740 -0.4485 0.4469
vn 0.7741 -0.4485 0.4469
vn 0.8802 -0.4485 0.1552
vn 0.8802 -0.4485 -0.1552
vn 0.7740 -0.4485 -0.4469
vn 0.7741 -0.4485 -0.4469
vn 0.5745 -0.4485 -0.6847
vn 0.3057 -0.4485 -0.8399
vn -0.0000 -0.4485 -0.8938
vn -0.3057 -0.4485 -0.8399
vn -0.5745 -0.4485 -0.6847
vn -0.7740 -0.4485 -0.4469
vn -0.7741 -0.4485 -0.4469
vn -0.6171 -0.7017 0.3562
vn -0.6170 -0.7017 0.3563
vn -0.4580 -0.7017 0.5458
vn -0.2437 -0.7017 0.6695
vn -0.0000 -0.7017 0.7125
vn 0.2437 -0.7017 0.6695
vn 0.4580 -0.7017 0.5458
vn 0.6171 -0.7017 0.3562
vn 0.6170 -0.7017 0.3563
vn 0.7017 -0.7017 0.1237
vn 0.7017 -0.7017 -0.1237
vn 0.6171 -0.7017 -0.3562
vn 0.6170 -0.7017 -0.3563
vn 0.4580 -0.7017 -0.5458
vn 0.2437 -0.7017 -0.6695
vn -0.0000 -0.7017 -0.7125
vn -0.2437 -0.7017 -0.6695
vn -0.4580 -0.7017 -0.5458
vn -0.6171 -0.7017 -0.3562
vn -0.6170 -0.7017 -0.3563
vn -0.3980 -0.8882 0.2298
vn -0.2954 -0.8882 0.3520
vn -0.1572 -0.8882 0.4318
vn -0.0000 -0.8882 0.4595
vn 0.1572 -0.8882 0.4318
vn 0.2954 -0.8882 0.3520
vn 0.3980 -0.8882 0.2298
vn 0.4525 -0.8882 0.0798
vn 0.4525 -0.8882 -0.0798
vn 0.3980 -0.8882 -0.2298
vn 0.2954 -0.8882 -0.3520
vn 0.1572 -0.8882 -0.4318
vn -0.0000 -0.8882 -0.4595
vn -0.1572 -0.8882 -0.4318
vn -0.2954 -0.8882 -0.3520
vn -0.3980 -0.8882 -0.2298
vn 0.9730 -0.1541 -0.1716
vn 0.8557 -0.1541 -0.4940
vn 0.6351 -0.1541 -0.7569
vn 0.3379 -0.1541 -0.9285
vn -0.0000 -0.1541 -0.9881
vn -0.3379 -0.1541 -0.9285
vn -0.6351 -0.1541 -0.7569
vn -0.8557 -0.1541 -0.4940
vn -0.9730 -0.1541 -0.1716
vn -0.9669 -0.1923 -0.1677
vn -0.8232 -0.5500 -0.1408
vn -0.5532 -0.8279 -0.0931
vn -0.1950 -0.9803 -0.0313
vn -0.1564 -0.9873 -0.0276
vn -0.1375 -0.9873 -0.0794
vn -0.1021 -0.9873 -0.1216
vn -0.0543 -0.9873 -0.1492
vn -0.0000 -0.9873 -0.1588
vn 0.0543 -0.9873 -0.1492
vn 0.1020 -0.9873 -0.1216
vn 0.1375 -0.9873 -0.0794
vn 0.1564 -0.9873 -0.0276
vn 0.1564 -0.9873 0.0276
vn 0.1375 -0.9873 0.0794
vn 0.1021 -0.9873 0.1216
vn 0.0543 -0.9873 0.1492
vn -0.0000 -0.9873 0.1588
vn -0.0543 -0.9873 0.1492
vn -0.1020 -0.9873 0.1216
vn -0.1375 -0.9873 0.0794
vn -0.1564 -0.9873 0.0276
vn -0.1950 -0.9803 0.0313
vn -0.5532 -0.8279 0.0931
vn -0.8232 -0.5500 0.1408
vn -0.9669 -0.1923 0.1677
vn -0.9730 -0.1541 0.1716
vn -0.8557 -0.1541 0.4940
vn -0.6351 -0.1541 0.7569
vn -0.3379 -0.1541 0.9285
vn -0.0000 -0.1541 0.9881
vn 0.3379 -0.1541 0.9285
vn 0.6351 -0.1541 0.7569
vn 0.8557 -0.1541 0.4940
vn 0.9730 -0.1541 0.1716
vn -0.8798 -0.4486 0.1573
vn -0.7009 -0.7019 0.1265
vn -0.4518 -0.8883 0.0819
vn -0.1021 -0.9873 0.1216
vn 0.1021 -0.9873 -0.1216
vn -0.8798 -0.4486 -0.1573
vn -0.7009 -0.7019 -0.1265
vn -0.4518 -0.8883 -0.0819
vn -0.3778 -0.4485 0.8100
vn 0.2313 -0.4484 0.8634
vn 0.5127 -0.4485 0.7321
vn 0.7322 -0.4485 0.5127
vn 0.3777 -0.4485 -0.8100
vn 0.4087 -0.7017 0.5837
vn 0.5836 -0.7017 0.4087
vn 0.3011 -0.7016 -0.6458
vn 0.0621 -0.7016 -0.7098
vn -0.0400 -0.8882 0.4578
vn 0.2636 -0.8882 0.3764
vn 0.3764 -0.8882 0.2636
vn 0.4578 -0.8882 -0.0400
vn 0.3250 -0.8882 -0.3250
vn -0.5652 -0.1923 -0.8022
vn -0.4825 -0.5500 -0.6817
vn -0.3253 -0.8279 -0.4570
vn -0.1157 -0.9803 -0.1601
vn -0.1600 -0.9803 -0.1157
vn -0.4569 -0.8279 -0.3253
vn -0.6816 -0.5500 -0.4825
vn -0.8022 -0.1923 -0.5652
vn 0.2557 -0.1542 0.9544
vn -0.7333 -0.4486 -0.5109
vn -0.5851 -0.7019 -0.4062
vn -0.3774 -0.8883 -0.2616
vn 0.0861 -0.1542 -0.9843
vn -0.5109 -0.4487 -0.7333
vn -0.4062 -0.7019 -0.5851
vn -0.2616 -0.8883 -0.3774
vn -0.1552 -0.4485 0.8802
vn 0.1552 -0.4485 0.8802
vn -0.3562 -0.7017 -0.6171
vn -0.5458 -0.7016 -0.4580
vn -0.3563 -0.7017 0.6170
vn -0.1237 -0.7017 0.7017
vn -0.1237 -0.7017 0.7016
vn 0.1237 -0.7017 0.7017
vn 0.1237 -0.7017 0.7016
vn 0.3563 -0.7017 0.6170
vn 0.5458 -0.7016 -0.4580
vn 0.3562 -0.7017 -0.6171
vn -0.0798 -0.8882 0.4525
vn -0.0798 -0.8881 0.4526
vn 0.0798 -0.8882 0.4525
vn 0.0798 -0.8881 0.4526
vn 0.4940 -0.1542 0.8557
vn 0.1676 -0.1924 -0.9669
vn 0.1408 -0.5500 -0.8232
vn 0.0931 -0.8278 -0.5532
vn 0.0313 -0.9803 -0.1950
vn -0.0313 -0.9803 -0.1950
vn -0.0931 -0.8278 -0.5532
vn -0.1408 -0.5500 -0.8232
vn -0.1676 -0.1924 -0.9669
vn -0.1573 -0.4486 -0.8798
vn -0.1265 -0.7020 -0.7009
vn -0.0819 -0.8883 -0.4519
vn 0.1573 -0.4486 -0.8798
vn 0.1265 -0.7020 -0.7009
vn 0.0819 -0.8883 -0.4519
vn -0.3777 -0.4485 -0.8100
vn -0.7321 -0.4485 0.5127
vn -0.7322 -0.4484 0.5127
vn -0.5127 -0.4485 0.7321
vn -0.2313 -0.4484 0.8634
vn 0.3778 -0.4485 0.8100
vn -0.0621 -0.7016 -0.7098
vn -0.3011 -0.7016 -0.6458
vn -0.5836 -0.7017 0.4087
vn -0.4087 -0.7017 0.5837
vn -0.3250 -0.8882 -0.3250
vn -0.4578 -0.8882 -0.0400
vn -0.3764 -0.8882 0.2636
vn -0.2636 -0.8882 0.3764
vn 0.0400 -0.8882 0.4578
vn 0.8022 -0.1923 -0.5652
vn 0.6816 -0.5500 -0.4825
vn 0.4569 -0.8279 -0.3253
vn 0.1600 -0.9803 -0.1157
vn 0.1157 -0.9803 -0.1601
vn 0.3253 -0.8279 -0.4570
vn 0.4825 -0.5500 -0.6817
vn 0.5652 -0.1923 -0.8022
vn -0.0861 -0.1542 -0.9843
vn 0.5109 -0.4487 -0.7333
vn 0.4062 -0.7019 -0.5851
vn 0.2616 -0.8883 -0.3774
vn -0.5667 -0.1542 0.8094
vn 0.6987 -0.1542 0.6987
vn 0.7333 -0.4486 -0.5109
vn 0.5851 -0.7019 -0.4062
vn 0.3774 -0.8883 -0.2616
vn 0.5211 0.4180 0.7442
vn 0.2351 0.4182 0.8774
vn -0.0792 0.4184 0.9048
vn -0.3839 0.4181 0.8233
vn -0.6424 0.4180 0.6424
vn -0.8233 0.4181 0.3839
vn -0.9048 0.4184 0.0792
vn -0.8774 0.4182 -0.2351
vn -0.7441 0.4180 -0.5211
vn -0.6885 0.4245 -0.5880
vn -0.7481 0.1792 -0.6389
vn -0.5880 0.4245 -0.6885
vn -0.5211 0.4180 -0.7442
vn -0.2351 0.4182 -0.8774
vn 0.0792 0.4184 -0.9048
vn 0.3839 0.4181 -0.8233
vn 0.6424 0.4180 -0.6424
vn 0.8233 0.4181 -0.3839
vn 0.9048 0.4184 -0.0792
vn 0.8774 0.4182 0.2351
vn 0.7442 0.4180 0.5211
vn -0.8388 0.1792 -0.5140
vn -0.9089 0.1792 -0.3765
vn -0.9566 0.1792 -0.2296
vn -0.9808 0.1792 -0.0772
vn -0.9808 0.1792 0.0772
vn -0.9566 0.1792 0.2296
vn -0.9089 0.1792 0.3765
vn -0.8360 0.4256 -0.3463
vn -0.9019 0.4260 -0.0710
vn -0.8798 0.4259 0.2112
vn -0.8388 0.1792 0.5140
vn -0.7481 0.1792 0.6389
vn -0.6389 0.1792 0.7481
vn -0.5140 0.1792 0.8388
vn -0.3765 0.1792 0.9089
vn -0.2297 0.1792 0.9566
vn -0.0772 0.1792 0.9808
vn 0.0772 0.1792 0.9808
vn -0.7718 0.4251 0.4729
vn -0.4729 0.4251 0.7718
vn -0.2112 0.4258 0.8798
vn 0.0710 0.4260 0.9019
vn 0.2297 0.1792 0.9566
vn 0.3765 0.1792 0.9089
vn 0.5140 0.1792 0.8388
vn 0.6389 0.1792 0.7481
vn 0.7481 0.1792 0.6389
vn 0.8388 0.1792 0.5140
vn 0.9089 0.1792 0.3765
vn 0.9566 0.1792 0.2297
vn 0.3463 0.4256 0.8360
vn 0.5880 0.4245 0.6885
vn 0.6885 0.4245 0.5880
vn 0.8361 0.4255 0.3463
vn 0.9808 0.1792 0.0772
vn 0.9808 0.1792 -0.0772
vn 0.9566 0.1792 -0.2297
vn 0.9089 0.1792 -0.3765
vn 0.8388 0.1792 -0.5140
vn 0.7481 0.1792 -0.6389
vn 0.6389 0.1792 -0.7481
vn 0.5140 0.1792 -0.8388
vn 0.9019 0.4260 0.0710
vn 0.8798 0.4259 -0.2112
vn 0.7718 0.4251 -0.4730
vn 0.4729 0.4251 -0.7718
vn 0.3765 0.1792 -0.9089
vn 0.2296 0.1792 -0.9566
vn 0.0772 0.1792 -0.9808
vn -0.0772 0.1792 -0.9808
vn -0.2297 0.1792 -0.9566
vn -0.3765 0.1792 -0.9089
vn -0.5140 0.1792 -0.8388
vn 0.2112 0.4259 -0.8798
vn -0.0710 0.4260 -0.9019
vn -0.3463 0.4255 -0.8361
vn 0.4735 0.4228 0.7727
vn 0.2118 0.4206 0.8822
vn -0.0712 0.4192 0.9051
vn -0.3470 0.4218 0.8377
vn -0.5883 0.4237 0.6888
vn -0.6888 0.4237 0.5883
vn -0.8377 0.4218 0.3470
vn -0.9051 0.4192 0.0712
vn -0.8822 0.4206 -0.2118
vn -0.7727 0.4228 -0.4735
vn -0.6389 0.1792 -0.7481
vn -0.4735 0.4228 -0.7727
vn -0.2118 0.4206 -0.8822
vn 0.0712 0.4192 -0.9051
vn 0.3470 0.4218 -0.8377
vn 0.5882 0.4237 -0.6888
vn 0.6888 0.4237 -0.5883
vn 0.8377 0.4218 -0.3470
vn 0.9051 0.4192 -0.0712
vn 0.8822 0.4206 0.2118
vn 0.7727 0.4228 0.4735
vn -0.1577 0.4180 0.8946
vn -0.4542 0.4182 0.7867
vn -0.6958 0.4184 0.5838
vn -0.8536 0.4181 0.3107
vn -0.9085 0.4180 -0.0000
vn -0.8536 0.4181 -0.3107
vn -0.6958 0.4184 -0.5838
vn -0.4542 0.4182 -0.7867
vn -0.1577 0.4180 -0.8946
vn -0.0710 0.4245 -0.9026
vn 0.0710 0.4245 -0.9026
vn 0.1577 0.4180 -0.8946
vn 0.4542 0.4182 -0.7867
vn 0.6958 0.4184 -0.5838
vn 0.8536 0.4181 -0.3107
vn 0.9085 0.4180 -0.0000
vn 0.8536 0.4181 0.3107
vn 0.6958 0.4184 0.5838
vn 0.4542 0.4182 0.7867
vn 0.1577 0.4180 0.8946
vn -0.3463 0.4256 -0.8360
vn -0.5876 0.4260 -0.6880
vn -0.7715 0.4258 -0.4728
vn -0.9566 0.1792 -0.2297
vn -0.9566 0.1792 0.2297
vn -0.8801 0.4251 -0.2113
vn -0.8801 0.4251 0.2113
vn -0.7715 0.4258 0.4728
vn -0.5876 0.4260 0.6880
vn -0.3463 0.4256 0.8360
vn -0.0710 0.4245 0.9026
vn 0.0710 0.4245 0.9026
vn 0.5876 0.4260 0.6880
vn 0.7715 0.4258 0.4728
vn 0.8801 0.4251 0.2113
vn 0.8801 0.4251 -0.2113
vn 0.2297 0.1792 -0.9566
vn 0.7715 0.4258 -0.4728
vn 0.5876 0.4260 -0.6880
vn 0.3463 0.4256 -0.8360
vn -0.2115 0.4228 0.8812
vn -0.4740 0.4206 0.7736
vn -0.6904 0.4192 0.5896
vn -0.9030 0.4237 0.0711
vn -0.9030 0.4237 -0.0711
vn -0.8377 0.4218 -0.3470
vn -0.6904 0.4192 -0.5896
vn -0.4740 0.4206 -0.7736
vn -0.2115 0.4228 -0.8812
vn 0.2115 0.4228 -0.8812
vn 0.4740 0.4206 -0.7736
vn 0.6904 0.4192 -0.5896
vn 0.9030 0.4237 -0.0711
vn 0.9030 0.4237 0.0711
vn 0.8377 0.4218 0.3470
vn 0.6904 0.4192 0.5896
vn 0.4740 0.4206 0.7736
vn 0.2115 0.4228 0.8812
vn -0.7442 0.4180 0.5211
vn -0.8774 0.4182 0.2351
vn -0.9048 0.4184 -0.0792
vn -0.8233 0.4181 -0.3839
vn -0.6424 0.4180 -0.6424
vn -0.3839 0.4181 -0.8233
vn -0.0792 0.4184 -0.9048
vn 0.2351 0.4182 -0.8774
vn 0.5211 0.4180 -0.7442
vn 0.5880 0.4245 -0.6885
vn 0.6885 0.4245 -0.5880
vn 0.7441 0.4180 -0.5211
vn 0.8774 0.4182 -0.2351
vn 0.9048 0.4184 0.0792
vn 0.8233 0.4181 0.3839
vn 0.6424 0.4180 0.6424
vn 0.3839 0.4181 0.8233
vn 0.0792 0.4184 0.9048
vn -0.2351 0.4182 0.8774
vn -0.5211 0.4180 0.7442
vn -0.2296 0.1792 -0.9566
vn 0.3463 0.4255 -0.8361
vn 0.0710 0.4260 -0.9019
vn -0.2112 0.4259 -0.8798
vn -0.4729 0.4251 -0.7718
vn -0.7718 0.4251 -0.4730
vn -0.8798 0.4259 -0.2112
vn -0.9019 0.4260 0.0710
vn -0.8361 0.4255 0.3463
vn -0.6885 0.4245 0.5880
vn -0.5880 0.4245 0.6885
vn -0.0710 0.4260 0.9019
vn 0.2112 0.4258 0.8798
vn 0.4729 0.4251 0.7718
vn 0.7718 0.4251 0.4729
vn 0.9566 0.1792 0.2296
vn 0.9566 0.1792 -0.2296
vn 0.8798 0.4259 0.2112
vn 0.9019 0.4260 -0.0710
vn 0.8360 0.4256 -0.3463
vn -0.7727 0.4228 0.4735
vn -0.8822 0.4206 0.2118
vn -0.9051 0.4192 -0.0712
vn -0.6888 0.4237 -0.5883
vn -0.5882 0.4237 -0.6888
vn -0.3470 0.4218 -0.8377
vn -0.0712 0.4192 -0.9051
vn 0.2118 0.4206 -0.8822
vn 0.4735 0.4228 -0.7727
vn 0.7727 0.4228 -0.4735
vn 0.8822 0.4206 -0.2118
vn 0.9051 0.4192 0.0712
vn 0.6888 0.4237 0.5883
vn 0.5883 0.4237 0.6888
vn 0.3470 0.4218 0.8377
vn 0.0712 0.4192 0.9051
vn -0.2118 0.4206 0.8822
vn -0.4735 0.4228 0.7727
vn -0.8946 0.4180 -0.1578
vn -0.7867 0.4182 -0.4542
vn -0.5838 0.4184 -0.6958
vn -0.3107 0.4181 -0.8536
vn -0.0000 0.4180 -0.9084
vn 0.3107 0.4181 -0.8536
vn 0.5838 0.4184 -0.6958
vn 0.7867 0.4182 -0.4542
vn 0.8946 0.4180 -0.1578
vn 0.9026 0.4245 -0.0710
vn 0.9026 0.4245 0.0710
vn 0.8946 0.4180 0.1578
vn 0.7867 0.4182 0.4542
vn 0.5838 0.4184 0.6958
vn 0.3107 0.4181 0.8536
vn -0.0000 0.4180 0.9084
vn -0.3107 0.4181 0.8536
vn -0.5838 0.4184 0.6958
vn -0.7867 0.4182 0.4542
vn -0.8946 0.4180 0.1578
vn 0.8388 0.1792 -0.5141
vn 0.5141 0.1792 -0.8388
vn 0.8360 0.4255 -0.3463
vn 0.6879 0.4260 -0.5876
vn 0.4728 0.4259 -0.7714
vn 0.2113 0.4251 -0.8801
vn -0.2113 0.4251 -0.8801
vn -0.4728 0.4259 -0.7714
vn -0.6880 0.4260 -0.5876
vn -0.8388 0.1792 -0.5141
vn -0.8388 0.1792 0.5141
vn -0.8360 0.4255 -0.3463
vn -0.9026 0.4245 -0.0710
vn -0.9026 0.4245 0.0710
vn -0.8360 0.4255 0.3463
vn -0.6880 0.4260 0.5876
vn -0.4728 0.4259 0.7714
vn -0.2113 0.4251 0.8801
vn 0.2113 0.4251 0.8801
vn 0.5141 0.1792 0.8388
vn 0.8388 0.1792 0.5141
vn 0.4728 0.4259 0.7714
vn 0.6879 0.4260 0.5876
vn 0.8360 0.4255 0.3463
vn -0.8812 0.4228 -0.2115
vn -0.7736 0.4206 -0.4740
vn -0.5896 0.4192 -0.6904
vn -0.0711 0.4237 -0.9030
vn 0.0711 0.4237 -0.9030
vn 0.5896 0.4192 -0.6904
vn 0.7736 0.4206 -0.4740
vn 0.8812 0.4228 -0.2115
vn 0.8812 0.4228 0.2115
vn 0.7736 0.4206 0.4740
vn 0.5896 0.4192 0.6904
vn 0.0711 0.4237 0.9030
vn -0.0711 0.4237 0.9030
vn -0.5896 0.4192 0.6904
vn -0.7736 0.4206 0.4740
vn -0.8812 0.4228 0.2115
vn 0.7441 0.4180 0.5211
vn -0.7442 0.4180 -0.5211
vn 0.8360 0.4256 0.3463
vn 0.7718 0.4251 -0.4729
vn 0.2112 0.4258 -0.8798
vn -0.8361 0.4255 -0.3463
vn -0.7718 0.4251 0.4730
vn -0.2296 0.1792 0.9566
vn -0.2112 0.4259 0.8798
vn 0.3463 0.4255 0.8361
vn 0.5883 0.4237 -0.6888
vn -0.5882 0.4237 0.6888
vn 0.7442 0.4180 -0.5211
vn -0.7441 0.4180 0.5211
vn 0.2296 0.1792 0.9566
vn -0.3463 0.4255 0.8361
vn 0.2112 0.4259 0.8798
vn 0.7718 0.4251 0.4730
vn 0.8361 0.4255 -0.3463
vn -0.2112 0.4258 -0.8798
vn -0.7718 0.4251 -0.4729
vn -0.8360 0.4256 0.3463
vn 0.5882 0.4237 0.6888
vn -0.5883 0.4237 -0.6888
vn -0.0000 -1.0000 -0.0000
vn -0.0001 -1.0000 -0.0000
vn 0.0001 -1.0000 -0.0000
vn 0.0779 -0.4484 -0.8904
vn -0.5126 -0.4485 -0.7321
vn -0.7322 -0.4485 -0.5126
vn -0.7321 -0.4485 -0.5127
vn 0.3011 -0.7017 -0.6458
vn -0.4087 -0.7017 -0.5836
vn -0.5837 -0.7017 -0.4087
vn -0.5837 -0.7016 -0.4087
vn -0.3011 -0.7017 0.6458
vn -0.3250 -0.8882 0.3249
vn 0.8071 -0.1920 0.5584
vn -0.6987 -0.1541 0.6986
vn 0.5584 -0.1921 0.8071
vn 0.4727 -0.5490 0.6893
vn 0.3161 -0.8268 0.4652
vn 0.1099 -0.9800 0.1658
vn 0.1658 -0.9800 0.1099
vn 0.4652 -0.8268 0.3161
vn 0.6893 -0.5490 0.4727
vn 0.7299 -0.4482 0.5161
vn 0.5809 -0.7012 0.4133
vn 0.3746 -0.8879 0.2670
vn 0.5161 -0.4482 0.7299
vn 0.4134 -0.7012 0.5809
vn 0.2670 -0.8879 0.3747
vn 0.4469 -0.4484 0.7741
vn -0.4469 -0.4486 -0.7740
vn -0.4469 -0.4484 0.7741
vn 0.3562 -0.7017 0.6170
vn 0.3563 -0.7017 -0.6171
vn 0.3562 -0.7017 -0.6170
vn -0.3562 -0.7017 0.6170
vn 0.2298 -0.8881 0.3980
vn 0.0798 -0.8882 -0.4526
vn -0.0798 -0.8882 -0.4526
vn 0.1758 -0.1920 0.9655
vn 0.4940 -0.1542 -0.8557
vn -0.4940 -0.1542 0.8557
vn -0.1758 -0.1920 0.9655
vn -0.1532 -0.5490 0.8217
vn -0.1055 -0.8268 0.5525
vn -0.0395 -0.9800 0.1949
vn -0.1217 -0.9873 0.1021
vn 0.0395 -0.9800 0.1949
vn 0.1055 -0.8268 0.5525
vn 0.1532 -0.5490 0.8217
vn 0.1512 -0.4482 0.8811
vn 0.1185 -0.7012 0.7031
vn 0.0761 -0.8879 0.4537
vn 0.1716 -0.1542 -0.9730
vn -0.1716 -0.1542 -0.9730
vn -0.1512 -0.4482 0.8811
vn -0.1185 -0.7012 0.7031
vn -0.0761 -0.8879 0.4537
vn 0.7322 -0.4485 -0.5127
vn 0.5126 -0.4485 -0.7321
vn -0.0779 -0.4484 -0.8904
vn 0.3011 -0.7017 0.6458
vn 0.5837 -0.7017 -0.4087
vn 0.4087 -0.7017 -0.5836
vn -0.3249 -0.8882 -0.3250
vn -0.5583 -0.1921 0.8071
vn -0.6987 -0.1542 -0.6986
vn -0.8071 -0.1920 0.5584
vn -0.6893 -0.5490 0.4727
vn -0.4652 -0.8268 0.3161
vn -0.1658 -0.9800 0.1099
vn -0.1099 -0.9800 0.1658
vn -0.3161 -0.8268 0.4652
vn -0.4727 -0.5490 0.6893
vn -0.5161 -0.4482 0.7299
vn -0.4134 -0.7012 0.5809
vn -0.2670 -0.8879 0.3747
vn 0.2557 -0.1542 -0.9544
vn -0.7299 -0.4482 0.5161
vn -0.5809 -0.7012 0.4133
vn -0.3746 -0.8879 0.2670
vn -0.6170 -0.7017 0.3562
vn -0.6171 -0.7017 0.3563
vn 0.6170 -0.7017 0.3562
vn 0.6170 -0.7017 -0.3562
vn 0.6171 -0.7017 -0.3563
vn -0.6170 -0.7017 -0.3562
vn -0.9655 -0.1921 0.1759
vn -0.9655 -0.1921 -0.1759
vn -0.8217 -0.5490 -0.1532
vn -0.5525 -0.8268 -0.1055
vn -0.1949 -0.9800 -0.0395
vn -0.1949 -0.9800 0.0395
vn -0.5525 -0.8268 0.1055
vn -0.8217 -0.5490 0.1532
vn -0.8811 -0.4482 0.1511
vn -0.7031 -0.7012 0.1185
vn -0.4538 -0.8879 0.0761
vn -0.8811 -0.4482 -0.1511
vn -0.7031 -0.7012 -0.1185
vn -0.4538 -0.8879 -0.0761
vn -0.0779 -0.4484 0.8904
vn 0.5126 -0.4485 0.7321
vn 0.7322 -0.4485 0.5126
vn 0.7321 -0.4485 0.5127
vn 0.4087 -0.7017 0.5836
vn 0.5837 -0.7017 0.4087
vn 0.5837 -0.7016 0.4087
vn 0.3250 -0.8882 -0.3249
vn -0.8071 -0.1920 -0.5584
vn 0.6987 -0.1541 -0.6986
vn -0.5584 -0.1921 -0.8071
vn -0.4727 -0.5490 -0.6893
vn -0.3161 -0.8268 -0.4652
vn -0.1099 -0.9800 -0.1658
vn -0.1658 -0.9800 -0.1099
vn -0.4652 -0.8268 -0.3161
vn -0.6893 -0.5490 -0.4727
vn -0.7299 -0.4482 -0.5161
vn -0.5809 -0.7012 -0.4133
vn -0.3746 -0.8879 -0.2670
vn -0.5161 -0.4482 -0.7299
vn -0.4134 -0.7012 -0.5809
vn -0.2670 -0.8879 -0.3747
vn -0.4469 -0.4484 -0.7741
vn 0.4469 -0.4486 0.7740
vn 0.4469 -0.4484 -0.7741
vn -0.3562 -0.7017 -0.6170
vn -0.3563 -0.7017 0.6171
vn -0.2298 -0.8881 -0.3980
vn -0.0798 -0.8882 0.4526
vn 0.0798 -0.8882 0.4526
vn -0.1758 -0.1920 -0.9655
vn 0.1758 -0.1920 -0.9655
vn 0.1532 -0.5490 -0.8217
vn 0.1055 -0.8268 -0.5525
vn 0.0395 -0.9800 -0.1949
vn 0.1217 -0.9873 -0.1021
vn -0.0395 -0.9800 -0.1949
vn -0.1055 -0.8268 -0.5525
vn -0.1532 -0.5490 -0.8217
vn -0.1512 -0.4482 -0.8811
vn -0.1185 -0.7012 -0.7031
vn -0.0761 -0.8879 -0.4537
vn -0.1716 -0.1542 0.9730
vn 0.1716 -0.1542 0.9730
vn 0.1512 -0.4482 -0.8811
vn 0.1185 -0.7012 -0.7031
vn 0.0761 -0.8879 -0.4537
vn -0.7322 -0.4485 0.5127
vn -0.5126 -0.4485 0.7321
vn 0.0779 -0.4484 0.8904
vn -0.3011 -0.7017 -0.6458
vn -0.5837 -0.7017 0.4087
vn -0.4087 -0.7017 0.5836
vn 0.3249 -0.8882 0.3250
vn 0.5583 -0.1921 -0.8071
vn 0.6987 -0.1542 0.6986
vn 0.8071 -0.1920 -0.5584
vn 0.6893 -0.5490 -0.4727
vn 0.4652 -0.8268 -0.3161
vn 0.1658 -0.9800 -0.1099
vn 0.1099 -0.9800 -0.1658
vn 0.3161 -0.8268 -0.4652
vn 0.4727 -0.5490 -0.6893
vn 0.5161 -0.4482 -0.7299
vn 0.4134 -0.7012 -0.5809
vn 0.2670 -0.8879 -0.3747
vn -0.2557 -0.1542 0.9544
vn 0.7299 -0.4482 -0.5161
vn 0.5809 -0.7012 -0.4133
vn 0.3746 -0.8879 -0.2670
vn 0.6250 -0.0000 0.7806
vn 0.5734 0.0213 0.8190
vn 0.2587 0.0264 0.9656
vn -0.0871 0.0379 0.9955
vn -0.4220 0.0547 0.9049
vn -0.7057 0.0627 0.7057
vn -0.9052 0.0496 0.4221
vn -0.9956 0.0343 0.0871
vn -0.9656 0.0259 -0.2587
vn -0.8189 0.0224 -0.5734
vn -0.5735 0.0205 -0.8190
vn -0.2587 0.0235 -0.9657
vn 0.0871 0.0298 -0.9958
vn 0.4223 0.0392 -0.9056
vn 0.7063 0.0481 -0.7063
vn 0.9054 0.0459 -0.4222
vn 0.9956 0.0338 -0.0871
vn 0.9657 0.0237 0.2587
vn 0.8190 0.0181 0.5735
vn 0.7915 -0.0000 0.6112
vn 0.9384 -0.0185 0.3451
vn 0.9997 -0.0260 0.0028
vn 0.9388 -0.0380 -0.3424
vn 0.7680 -0.0470 -0.6387
vn 0.5165 -0.0428 -0.8552
vn 0.2081 -0.0329 -0.9776
vn -0.1297 -0.0260 -0.9912
vn -0.4617 -0.0223 -0.8868
vn -0.7233 -0.0157 -0.6903
vn -0.9049 -0.0225 -0.4251
vn -0.9953 -0.0291 -0.0922
vn -0.9656 -0.0422 0.2565
vn -0.8198 -0.0577 0.5697
vn -0.5871 -0.0575 0.8075
vn -0.2918 -0.0402 0.9556
vn 0.0392 -0.0278 0.9988
vn 0.3747 -0.0224 0.9269
vn -0.1100 -0.0000 0.9939
vn -0.1736 0.0213 0.9846
vn -0.4998 0.0264 0.8657
vn -0.7655 0.0379 0.6423
vn -0.9383 0.0547 0.3415
vn -0.9980 0.0627 -0.0000
vn -0.9385 0.0496 -0.3416
vn -0.7656 0.0344 -0.6424
vn -0.4998 0.0259 -0.8657
vn -0.1736 0.0224 -0.9846
vn 0.1736 0.0205 -0.9846
vn 0.4999 0.0235 -0.8658
vn 0.7657 0.0298 -0.6425
vn 0.9390 0.0392 -0.3418
vn 0.9988 0.0481 -0.0000
vn 0.9387 0.0459 0.3417
vn 0.7656 0.0338 0.6424
vn 0.4999 0.0237 0.8658
vn 0.1736 0.0181 0.9846
vn 0.1275 -0.0000 0.9918
vn 0.4196 -0.0185 0.9075
vn 0.7049 -0.0260 0.7088
vn 0.9060 -0.0380 0.4217
vn 0.9947 -0.0470 0.0913
vn 0.9699 -0.0428 -0.2396
vn 0.8383 -0.0329 -0.5442
vn 0.6091 -0.0259 -0.7927
vn 0.3005 -0.0222 -0.9535
vn -0.0234 -0.0157 -0.9996
vn -0.3393 -0.0225 -0.9404
vn -0.6386 -0.0291 -0.7690
vn -0.8642 -0.0422 -0.5014
vn -0.9825 -0.0577 -0.1769
vn -0.9861 -0.0575 0.1559
vn -0.8820 -0.0402 0.4695
vn -0.6785 -0.0278 0.7340
vn -0.3904 -0.0224 0.9204
vn -0.7806 -0.0000 0.6250
vn -0.8190 0.0213 0.5734
vn -0.9656 0.0264 0.2587
vn -0.9955 0.0379 -0.0871
vn -0.9049 0.0547 -0.4220
vn -0.7057 0.0627 -0.7057
vn -0.4221 0.0496 -0.9052
vn -0.0871 0.0343 -0.9956
vn 0.2587 0.0259 -0.9656
vn 0.5734 0.0224 -0.8189
vn 0.8190 0.0205 -0.5735
vn 0.9657 0.0235 -0.2587
vn 0.9958 0.0298 0.0871
vn 0.9056 0.0393 0.4223
vn 0.7063 0.0481 0.7063
vn 0.4222 0.0459 0.9054
vn 0.0871 0.0338 0.9956
vn -0.2587 0.0237 0.9657
vn -0.5735 0.0181 0.8190
vn -0.6112 -0.0000 0.7915
vn -0.3451 -0.0185 0.9384
vn -0.0028 -0.0260 0.9997
vn 0.3424 -0.0380 0.9388
vn 0.6387 -0.0470 0.7680
vn 0.8552 -0.0428 0.5165
vn 0.9776 -0.0329 0.2081
vn 0.9912 -0.0259 -0.1297
vn 0.8868 -0.0223 -0.4617
vn 0.6903 -0.0157 -0.7233
vn 0.4250 -0.0225 -0.9049
vn 0.0922 -0.0291 -0.9953
vn -0.2565 -0.0422 -0.9656
vn -0.5697 -0.0577 -0.8198
vn -0.8075 -0.0575 -0.5870
vn -0.9556 -0.0402 -0.2918
vn -0.9988 -0.0278 0.0392
vn -0.9269 -0.0224 0.3747
vn -0.9939 -0.0000 -0.1100
vn -0.9846 0.0213 -0.1736
vn -0.8657 0.0264 -0.4998
vn -0.6423 0.0379 -0.7655
vn -0.3415 0.0547 -0.9383
vn -0.0000 0.0627 -0.9980
vn 0.3416 0.0496 -0.9385
vn 0.6424 0.0344 -0.7656
vn 0.8657 0.0259 -0.4998
vn 0.9846 0.0224 -0.1736
vn 0.9846 0.0205 0.1736
vn 0.8658 0.0235 0.4999
vn 0.6425 0.0298 0.7657
vn 0.3418 0.0392 0.9390
vn -0.0000 0.0481 0.9988
vn -0.3417 0.0459 0.9387
vn -0.6424 0.0338 0.7656
vn -0.8658 0.0237 0.4999
vn -0.9846 0.0181 0.1736
vn -0.9918 -0.0000 0.1275
vn -0.9075 -0.0185 0.4196
vn -0.7088 -0.0260 0.7049
vn -0.4217 -0.0379 0.9060
vn -0.0913 -0.0470 0.9947
vn 0.2396 -0.0428 0.9699
vn 0.5441 -0.0329 0.8383
vn 0.7927 -0.0259 0.6091
vn 0.9535 -0.0222 0.3005
vn 0.9996 -0.0157 -0.0234
vn 0.9404 -0.0225 -0.3394
vn 0.7690 -0.0291 -0.6386
vn 0.5014 -0.0422 -0.8642
vn 0.1769 -0.0577 -0.9825
vn -0.1559 -0.0575 -0.9861
vn -0.4695 -0.0402 -0.8820
vn -0.7340 -0.0278 -0.6785
vn -0.9204 -0.0224 -0.3904
vn -0.6250 -0.0000 -0.7806
vn -0.5734 0.0213 -0.8190
vn -0.2587 0.0264 -0.9656
vn 0.0871 0.0379 -0.9955
vn 0.4220 0.0547 -0.9049
vn 0.7057 0.0627 -0.7057
vn 0.9052 0.0496 -0.4221
vn 0.9956 0.0343 -0.0871
vn 0.9656 0.0259 0.2587
vn 0.8189 0.0224 0.5734
vn 0.5735 0.0205 0.8190
vn 0.2587 0.0235 0.9657
vn -0.0871 0.0298 0.9958
vn -0.4223 0.0392 0.9056
vn -0.7063 0.0481 0.7063
vn -0.9054 0.0459 0.4222
vn -0.9956 0.0338 0.0871
vn -0.9657 0.0237 -0.2587
vn -0.8190 0.0181 -0.5735
vn -0.7915 -0.0000 -0.6112
vn -0.9384 -0.0185 -0.3451
vn -0.9997 -0.0260 -0.0028
vn -0.9388 -0.0380 0.3424
vn -0.7680 -0.0470 0.6387
vn -0.5165 -0.0428 0.8552
vn -0.2081 -0.0329 0.9776
vn 0.1297 -0.0260 0.9912
vn 0.4617 -0.0223 0.8868
vn 0.7233 -0.0157 0.6903
vn 0.9049 -0.0225 0.4250
vn 0.9953 -0.0291 0.0922
vn 0.9656 -0.0422 -0.2565
vn 0.8198 -0.0577 -0.5697
vn 0.5871 -0.0575 -0.8075
vn 0.2918 -0.0402 -0.9556
vn -0.0392 -0.0278 -0.9988
vn -0.3747 -0.0224 -0.9269
vn 0.1100 -0.0000 -0.9939
vn 0.1736 0.0213 -0.9846
vn 0.4998 0.0264 -0.8657
vn 0.7655 0.0379 -0.6423
vn 0.9383 0.0547 -0.3415
vn 0.9980 0.0627 -0.0000
vn 0.9385 0.0496 0.3416
vn 0.7656 0.0344 0.6424
vn 0.4998 0.0259 0.8657
vn 0.1736 0.0224 0.9846
vn -0.1736 0.0205 0.9846
vn -0.4999 0.0235 0.8658
vn -0.7657 0.0298 0.6425
vn -0.9390 0.0392 0.3418
vn -0.9988 0.0481 -0.0000
vn -0.9387 0.0459 -0.3417
vn -0.7656 0.0338 -0.6424
vn -0.4999 0.0237 -0.8658
vn -0.1736 0.0181 -0.9846
vn -0.1275 -0.0000 -0.9918
vn -0.4196 -0.0185 -0.9075
vn -0.7049 -0.0260 -0.7088
vn -0.9060 -0.0380 -0.4217
vn -0.9947 -0.0470 -0.0913
vn -0.9699 -0.0428 0.2396
vn -0.8383 -0.0329 0.5442
vn -0.6091 -0.0259 0.7927
vn -0.3005 -0.0222 0.9535
vn 0.0234 -0.0157 0.9996
vn 0.3393 -0.0225 0.9404
vn 0.6386 -0.0291 0.7690
vn 0.8642 -0.0422 0.5014
vn 0.9825 -0.0577 0.1769
vn 0.9861 -0.0575 -0.1559
vn 0.8820 -0.0402 -0.4695
vn 0.6785 -0.0278 -0.7340
vn 0.3904 -0.0224 -0.9204
vn 0.7806 -0.0000 -0.6250
vn 0.8190 0.0213 -0.5734
vn 0.9656 0.0264 -0.2587
vn 0.9955 0.0379 0.0871
vn 0.9049 0.0547 0.4220
vn 0.7057 0.0627 0.7057
vn 0.4221 0.0496 0.9052
vn 0.0871 0.0343 0.9956
vn -0.2587 0.0259 0.9656
vn -0.5734 0.0224 0.8189
vn -0.8190 0.0205 0.5735
vn -0.9657 0.0235 0.2587
vn -0.9958 0.0298 -0.0871
vn -0.9056 0.0393 -0.4223
vn -0.7063 0.0481 -0.7063
vn -0.4222 0.0459 -0.9054
vn -0.0871 0.0338 -0.9956
vn 0.2587 0.0237 -0.9657
vn 0.5735 0.0181 -0.8190
vn 0.6112 -0.0000 -0.7915
vn 0.3451 -0.0185 -0.9384
vn 0.0028 -0.0260 -0.9997
vn -0.3424 -0.0380 -0.9388
vn -0.6387 -0.0470 -0.7680
vn -0.8552 -0.0428 -0.5165
vn -0.9776 -0.0329 -0.2081
vn -0.9912 -0.0259 0.1297
vn -0.8868 -0.0223 0.4617
vn -0.6903 -0.0157 0.7233
vn -0.4250 -0.0225 0.9049
vn -0.0922 -0.0291 0.9953
vn 0.2565 -0.0422 0.9656
vn 0.5697 -0.0577 0.8198
vn 0.8075 -0.0575 0.5870
vn 0.9556 -0.0402 0.2918
vn 0.9988 -0.0278 -0.0392
vn 0.9269 -0.0224 -0.3747
vn 0.6309 0.5667 0.5299
vn 0.6343 0.5648 0.5280
vn 0.6472 0.5774 0.4977
vn 0.6529 0.5735 0.4948
vn 0.6654 0.5983 0.4464
vn 0.6747 0.5916 0.4414
vn 0.6823 0.6485 0.3375
vn 0.7017 0.6329 0.3273
vn 0.6678 0.7338 0.1247
vn 0.6850 0.7202 0.1095
vn 0.5582 0.8108 -0.1762
vn 0.5621 0.8066 -0.1828
vn 0.3260 0.8249 -0.4618
vn 0.3349 0.8196 -0.4650
vn 0.0506 0.7692 -0.6370
vn 0.0665 0.7582 -0.6486
vn -0.1928 0.6839 -0.7036
vn -0.1804 0.6698 -0.7203
vn -0.3886 0.6065 -0.6937
vn -0.3841 0.5922 -0.7084
vn -0.5049 0.5687 -0.6494
vn -0.5039 0.5651 -0.6532
vn -0.5672 0.5575 -0.6061
vn -0.5673 0.5564 -0.6072
vn -0.6198 0.5597 -0.5501
vn -0.6217 0.5576 -0.5500
vn -0.6515 0.5693 -0.5015
vn -0.6541 0.5677 -0.4999
vn -0.6718 0.5813 -0.4591
vn -0.6762 0.5782 -0.4567
vn -0.6965 0.6110 -0.3762
vn -0.7067 0.6022 -0.3713
vn -0.7052 0.6772 -0.2098
vn -0.7227 0.6623 -0.1977
vn -0.6413 0.7662 0.0413
vn -0.6539 0.7544 0.0576
vn -0.4610 0.8248 0.3273
vn -0.4643 0.8194 0.3363
vn -0.1778 0.8115 0.5566
vn -0.1843 0.8076 0.5602
vn 0.1098 0.7392 0.6645
vn 0.0950 0.7270 0.6800
vn 0.3342 0.6503 0.6822
vn 0.3235 0.6314 0.7048
vn 0.4747 0.5880 0.6549
vn 0.4718 0.5763 0.6673
vn 0.5456 0.5632 0.6206
vn 0.5449 0.5598 0.6243
vn 0.5774 0.5577 0.5963
vn 0.5771 0.5573 0.5969
vn 0.7428 0.3560 0.5670
vn 0.7422 0.3534 0.5695
vn 0.7754 0.3637 0.5163
vn 0.7755 0.3586 0.5197
vn 0.8149 0.3790 0.4386
vn 0.8168 0.3701 0.4427
vn 0.8634 0.4163 0.2850
vn 0.8719 0.3967 0.2873
vn 0.8745 0.4849 0.0116
vn 0.8868 0.4620 0.0118
vn 0.7666 0.5458 -0.3383
vn 0.7757 0.5329 -0.3382
vn 0.5185 0.5510 -0.6538
vn 0.5186 0.5487 -0.6557
vn 0.2001 0.5102 -0.8365
vn 0.2002 0.4936 -0.8463
vn -0.1050 0.4457 -0.8890
vn -0.1055 0.4215 -0.9007
vn -0.3700 0.3843 -0.8458
vn -0.3727 0.3633 -0.8539
vn -0.5371 0.3574 -0.7641
vn -0.5405 0.3508 -0.7648
vn -0.6317 0.3478 -0.6929
vn -0.6327 0.3459 -0.6928
vn -0.7150 0.3497 -0.6053
vn -0.7151 0.3463 -0.6072
vn -0.7673 0.3585 -0.5317
vn -0.7668 0.3546 -0.5350
vn -0.8028 0.3675 -0.4694
vn -0.8035 0.3606 -0.4738
vn -0.8511 0.3897 -0.3518
vn -0.8566 0.3737 -0.3557
vn -0.8887 0.4404 -0.1274
vn -0.9005 0.4157 -0.1278
vn -0.8403 0.5082 0.1885
vn -0.8506 0.4906 0.1889
vn -0.6527 0.5511 0.5198
vn -0.6546 0.5488 0.5199
vn -0.3407 0.5458 0.7655
vn -0.3403 0.5334 0.7744
vn -0.0070 0.4889 0.8723
vn -0.0064 0.4672 0.8841
vn 0.2811 0.4170 0.8643
vn 0.2825 0.3949 0.8742
vn 0.4822 0.3688 0.7946
vn 0.4855 0.3575 0.7978
vn 0.5931 0.3522 0.7240
vn 0.5951 0.3488 0.7240
vn 0.6459 0.3493 0.6789
vn 0.6464 0.3489 0.6786
vn 0.5184 0.7110 0.4752
vn 0.4784 0.7413 0.4707
vn 0.4792 0.7476 0.4598
vn 0.4739 0.7596 0.4455
vn 0.4613 0.7817 0.4198
vn 0.4216 0.8336 0.3568
vn 0.4302 0.8832 0.1869
vn 0.3360 0.9273 -0.1651
vn 0.0228 0.8741 -0.4852
vn -0.2659 0.8082 -0.5255
vn -0.4098 0.7314 -0.5451
vn -0.4597 0.7358 -0.4973
vn -0.4796 0.7337 -0.4813
vn -0.4878 0.7428 -0.4587
vn -0.4933 0.7507 -0.4394
vn -0.4922 0.7640 -0.4172
vn -0.4765 0.7976 -0.3699
vn -0.4510 0.8526 -0.2642
vn -0.5331 0.8416 0.0870
vn -0.1048 0.9400 0.3247
vn 0.2047 0.8978 0.3899
vn 0.3797 0.7647 0.5207
vn 0.4482 0.7489 0.4881
vn 0.4689 0.7381 0.4851
vn 0.4763 0.7367 0.4801
vn 0.4782 0.7367 0.4782
vn -0.1721 0.4888 0.8553
vn -0.2891 0.2319 0.9288
vn -0.1220 0.0968 0.9878
vn 0.6314 0.1647 0.7577
vn 0.4418 0.2084 0.8726
vn 0.1494 0.2175 0.9646
vn -0.1867 0.2495 0.9502
vn -0.5345 0.2897 0.7940
vn -0.8179 0.2967 0.4930
vn -0.9535 0.2714 0.1308
vn -0.9481 0.2438 -0.2041
vn -0.8548 0.2105 -0.4743
vn -0.7042 0.2085 -0.6787
vn -0.5058 0.2352 -0.8300
vn -0.2339 0.2358 -0.9432
vn 0.0890 0.2542 -0.9630
vn 0.4319 0.2868 -0.8551
vn 0.7413 0.3085 -0.5960
vn 0.9284 0.2911 -0.2309
vn 0.9584 0.2546 0.1291
vn 0.8830 0.2136 0.4179
vn 0.7631 0.1814 0.6203
vn 0.7578 0.1554 0.6337
vn 0.6767 0.4553 0.5786
vn 0.4892 0.7434 0.4562
vn 0.4913 0.7514 0.4405
vn 0.4905 0.7682 0.4115
vn 0.4860 0.8049 0.3405
vn 0.4239 0.8855 0.1904
vn 0.2190 0.9754 0.0261
vn 0.0448 0.9892 -0.1392
vn 0.5989 0.5575 0.5749
vn 0.6886 0.3451 0.6378
vn 0.8107 0.1291 0.5710
vn 0.8580 0.1163 0.5004
vn 0.8826 0.2168 0.4172
vn 0.9824 0.0642 0.1756
vn 0.9872 0.0586 -0.1486
vn 0.8731 0.0889 -0.4793
vn 0.6491 0.0992 -0.7542
vn -0.0669 0.9182 -0.3903
vn -0.2441 0.8749 -0.4182
vn -0.3587 0.8122 -0.4601
vn -0.4331 0.7544 -0.4933
vn -0.4644 0.7438 -0.4807
vn -0.4888 0.7421 -0.4587
vn -0.5030 0.7463 -0.4359
vn -0.5085 0.7561 -0.4119
vn 0.3563 0.0841 -0.9306
vn 0.0378 0.0472 -0.9982
vn -0.2839 -0.0079 -0.9588
vn -0.5389 0.1469 -0.8295
vn -0.6615 0.0990 -0.7434
vn -0.7735 0.0965 -0.6264
vn -0.8353 0.1406 -0.5314
vn -0.8512 0.2435 -0.4648
vn -0.5149 0.7775 -0.3611
vn -0.4952 0.8331 -0.2465
vn -0.3608 0.9286 -0.0874
vn -0.1392 0.9892 0.0460
vn 0.0101 0.9696 0.2446
vn 0.1736 0.8784 0.4454
vn 0.3339 0.8494 0.4087
vn 0.4184 0.7800 0.4653
vn -0.9563 0.0754 -0.2826
vn -0.9991 0.0387 0.0141
vn -0.9347 0.0753 0.3473
vn -0.7532 0.1040 0.6495
vn -0.4764 0.1138 0.8718
vn -0.1562 0.0932 0.9833
vn 0.1651 0.0475 0.9851
vn 0.4565 0.1273 0.8806
vn 0.4589 0.7469 0.4812
vn 0.4744 0.7377 0.4803
vn 0.8916 0.4489 0.0589
vn 0.9615 0.2678 0.0620
vn 0.6061 0.1185 0.7865
vn 0.6788 0.1204 0.7243
vn 0.0705 0.5665 0.8211
vn 0.0742 0.5646 0.8221
vn 0.1039 0.5767 0.8103
vn 0.1098 0.5730 0.8122
vn 0.1510 0.5964 0.7883
vn 0.1607 0.5901 0.7912
vn 0.2356 0.6436 0.7282
vn 0.2555 0.6287 0.7345
vn 0.3725 0.7268 0.5771
vn 0.3960 0.7126 0.5791
vn 0.5114 0.8068 0.2957
vn 0.5202 0.8020 0.2936
vn 0.5586 0.8265 -0.0693
vn 0.5661 0.8217 -0.0655
vn 0.4939 0.7748 -0.3946
vn 0.5127 0.7642 -0.3912
vn 0.3713 0.6903 -0.6209
vn 0.3921 0.6764 -0.6235
vn 0.2267 0.6113 -0.7582
vn 0.2410 0.5968 -0.7653
vn 0.1079 0.5700 -0.8145
vn 0.1118 0.5656 -0.8171
vn 0.0275 0.5575 -0.8297
vn 0.0282 0.5564 -0.8305
vn -0.0493 0.5596 -0.8273
vn -0.0507 0.5576 -0.8285
vn -0.1061 0.5694 -0.8152
vn -0.1090 0.5677 -0.8160
vn -0.1505 0.5813 -0.7997
vn -0.1552 0.5782 -0.8010
vn -0.2265 0.6110 -0.7586
vn -0.2372 0.6022 -0.7623
vn -0.3503 0.6772 -0.6470
vn -0.3712 0.6623 -0.6508
vn -0.4827 0.7662 -0.4242
vn -0.5031 0.7544 -0.4216
vn -0.5574 0.8248 -0.0945
vn -0.5661 0.8194 -0.0904
vn -0.5193 0.8115 0.2679
vn -0.5264 0.8076 0.2659
vn -0.3922 0.7392 0.5475
vn -0.4136 0.7270 0.5481
vn -0.2461 0.6502 0.7188
vn -0.2696 0.6314 0.7271
vn -0.1274 0.5880 0.7988
vn -0.1382 0.5763 0.8055
vn -0.0530 0.5632 0.8246
vn -0.0561 0.5598 0.8267
vn -0.0134 0.5577 0.8299
vn -0.0140 0.5573 0.8302
vn 0.1227 0.3558 0.9265
vn 0.1205 0.3533 0.9277
vn 0.1800 0.3632 0.9142
vn 0.1776 0.3583 0.9166
vn 0.2597 0.3776 0.8888
vn 0.2580 0.3692 0.8928
vn 0.3963 0.4126 0.8202
vn 0.4000 0.3938 0.8276
vn 0.5945 0.4793 0.6456
vn 0.6031 0.4560 0.6545
vn 0.7719 0.5428 0.3309
vn 0.7786 0.5288 0.3378
vn 0.8312 0.5521 -0.0664
vn 0.8319 0.5509 -0.0670
vn 0.7435 0.5144 -0.4273
vn 0.7503 0.4987 -0.4339
vn 0.5692 0.4506 -0.6877
vn 0.5772 0.4267 -0.6963
vn 0.3533 0.3884 -0.8511
vn 0.3575 0.3667 -0.8589
vn 0.1695 0.3581 -0.9182
vn 0.1678 0.3503 -0.9215
vn 0.0432 0.3478 -0.9366
vn 0.0424 0.3460 -0.9373
vn -0.0776 0.3497 -0.9336
vn -0.0763 0.3464 -0.9350
vn -0.1666 0.3585 -0.9185
vn -0.1639 0.3546 -0.9205
vn -0.2358 0.3675 -0.8996
vn -0.2332 0.3606 -0.9031
vn -0.3531 0.3897 -0.8506
vn -0.3543 0.3737 -0.8572
vn -0.5384 0.4404 -0.7185
vn -0.5464 0.4157 -0.7270
vn -0.7275 0.5082 -0.4609
vn -0.7351 0.4906 -0.4679
vn -0.8291 0.5511 -0.0940
vn -0.8305 0.5488 -0.0951
vn -0.7822 0.5458 0.3005
vn -0.7882 0.5334 0.3070
vn -0.6217 0.4889 0.6119
vn -0.6296 0.4672 0.6207
vn -0.4124 0.4170 0.8100
vn -0.4184 0.3949 0.8179
vn -0.2209 0.3688 0.9029
vn -0.2208 0.3575 0.9075
vn -0.0925 0.3522 0.9313
vn -0.0911 0.3488 0.9327
vn -0.0233 0.3492 0.9367
vn -0.0228 0.3489 0.9369
vn 0.0306 0.7110 0.7026
vn 0.0054 0.7412 0.6713
vn 0.0135 0.7473 0.6643
vn 0.0197 0.7588 0.6510
vn 0.0287 0.7796 0.6257
vn 0.0441 0.8288 0.5578
vn 0.1341 0.8873 0.4413
vn 0.3321 0.9277 0.1707
vn 0.4209 0.8504 -0.3158
vn 0.1872 0.8107 -0.5548
vn 0.1033 0.7239 -0.6821
vn 0.0265 0.7358 -0.6767
vn 0.0012 0.7337 -0.6794
vn -0.0206 0.7428 -0.6692
vn -0.0381 0.7507 -0.6595
vn -0.0531 0.7640 -0.6430
vn -0.0754 0.7976 -0.5984
vn -0.1321 0.8526 -0.5056
vn -0.4393 0.8412 -0.3154
vn -0.3033 0.9401 0.1560
vn -0.1305 0.8979 0.4204
vn -0.0997 0.7645 0.6368
vn -0.0282 0.7489 0.6621
vn -0.0115 0.7381 0.6746
vn -0.0026 0.7367 0.6762
vn -0.0002 0.7367 0.6762
vn -0.7280 0.4876 0.4819
vn -0.8623 0.2311 0.4506
vn -0.7862 0.0964 0.6104
vn -0.0893 0.1647 0.9823
vn -0.3046 0.2084 0.9294
vn -0.5764 0.2175 0.7877
vn -0.8039 0.2495 0.5399
vn -0.9393 0.2898 0.1835
vn -0.9269 0.2968 -0.2297
vn -0.7668 0.2714 -0.5818
vn -0.5261 0.2438 -0.8147
vn -0.2691 0.2105 -0.9398
vn -0.0181 0.2085 -0.9779
vn 0.2318 0.2271 -0.9459
vn 0.5064 0.2260 -0.8321
vn 0.7481 0.2453 -0.6166
vn 0.9124 0.2802 -0.2985
vn 0.9466 0.3055 0.1027
vn 0.8195 0.2917 0.4932
vn 0.5853 0.2567 0.7691
vn 0.3261 0.2199 0.9194
vn 0.1010 0.1818 0.9781
vn 0.0873 0.1554 0.9840
vn 0.0693 0.4553 0.8876
vn 0.0230 0.7432 0.6686
vn 0.0352 0.7509 0.6594
vn 0.0540 0.7669 0.6395
vn 0.0982 0.8011 0.5904
vn 0.1609 0.8785 0.4498
vn 0.1548 0.9680 0.1975
vn 0.1291 0.9904 -0.0498
vn 0.0165 0.5575 0.8300
vn 0.0352 0.3452 0.9379
vn 0.1671 0.1305 0.9773
vn 0.2487 0.1154 0.9617
vn 0.3250 0.2061 0.9230
vn 0.5542 0.0648 0.8299
vn 0.7876 0.0559 0.6136
vn 0.9485 0.0887 0.3042
vn 0.9934 0.1038 -0.0486
vn 0.2491 0.9163 -0.3136
vn 0.1206 0.8832 -0.4531
vn 0.0740 0.8178 -0.5707
vn 0.0447 0.7567 -0.6522
vn 0.0115 0.7438 -0.6683
vn -0.0213 0.7421 -0.6699
vn -0.0475 0.7463 -0.6639
vn -0.0683 0.7561 -0.6508
vn 0.9183 0.0927 -0.3848
vn 0.7462 0.0584 -0.6632
vn 0.4964 0.0045 -0.8681
vn 0.2161 0.1503 -0.9647
vn 0.0578 0.0990 -0.9934
vn -0.1041 0.0965 -0.9899
vn -0.2150 0.1406 -0.9665
vn -0.2733 0.2436 -0.9306
vn -0.1087 0.7775 -0.6194
vn -0.1759 0.8331 -0.5244
vn -0.1933 0.9286 -0.3169
vn -0.1310 0.9892 -0.0659
vn -0.1662 0.9695 0.1802
vn -0.1927 0.8781 0.4380
vn -0.0528 0.8494 0.5250
vn -0.0332 0.7800 0.6249
vn -0.4764 0.0754 -0.8760
vn -0.7165 0.0387 -0.6965
vn -0.9066 0.0753 -0.4153
vn -0.9919 0.1040 -0.0732
vn -0.9533 0.1138 0.2796
vn -0.8057 0.0932 0.5849
vn -0.5798 0.0475 0.8133
vn -0.2998 0.1273 0.9455
vn -0.0157 0.7469 0.6648
vn -0.0042 0.7377 0.6751
vn 0.5912 0.4480 0.6707
vn 0.6379 0.2674 0.7222
vn -0.1275 0.1185 0.9847
vn -0.0322 0.1204 0.9922
vn -0.5299 0.5667 0.6309
vn -0.5280 0.5647 0.6343
vn -0.4977 0.5774 0.6472
vn -0.4948 0.5735 0.6529
vn -0.4464 0.5983 0.6654
vn -0.4414 0.5916 0.6747
vn -0.3375 0.6485 0.6823
vn -0.3273 0.6329 0.7017
vn -0.1247 0.7338 0.6678
vn -0.1095 0.7202 0.6850
vn 0.1762 0.8108 0.5582
vn 0.1828 0.8066 0.5621
vn 0.4618 0.8249 0.3260
vn 0.4649 0.8196 0.3349
vn 0.6370 0.7692 0.0506
vn 0.6486 0.7582 0.0665
vn 0.7036 0.6839 -0.1928
vn 0.7203 0.6698 -0.1804
vn 0.6937 0.6065 -0.3886
vn 0.7084 0.5922 -0.3841
vn 0.6494 0.5687 -0.5049
vn 0.6532 0.5651 -0.5039
vn 0.6061 0.5575 -0.5673
vn 0.6072 0.5564 -0.5673
vn 0.5501 0.5596 -0.6198
vn 0.5500 0.5576 -0.6217
vn 0.5015 0.5694 -0.6514
vn 0.5000 0.5677 -0.6541
vn 0.4591 0.5813 -0.6718
vn 0.4567 0.5782 -0.6762
vn 0.3762 0.6110 -0.6965
vn 0.3713 0.6022 -0.7067
vn 0.2098 0.6772 -0.7052
vn 0.1978 0.6623 -0.7227
vn -0.0413 0.7662 -0.6413
vn -0.0576 0.7544 -0.6539
vn -0.3273 0.8248 -0.4610
vn -0.3363 0.8194 -0.4643
vn -0.5566 0.8115 -0.1778
vn -0.5602 0.8076 -0.1843
vn -0.6645 0.7392 0.1098
vn -0.6800 0.7270 0.0950
vn -0.6822 0.6503 0.3342
vn -0.7048 0.6314 0.3235
vn -0.6549 0.5880 0.4747
vn -0.6673 0.5763 0.4718
vn -0.6206 0.5632 0.5456
vn -0.6243 0.5598 0.5449
vn -0.5963 0.5577 0.5774
vn -0.5969 0.5573 0.5771
vn -0.5670 0.3560 0.7428
vn -0.5695 0.3534 0.7421
vn -0.5163 0.3637 0.7754
vn -0.5197 0.3586 0.7755
vn -0.4386 0.3790 0.8149
vn -0.4427 0.3701 0.8168
vn -0.2850 0.4163 0.8634
vn -0.2873 0.3967 0.8719
vn -0.0116 0.4849 0.8745
vn -0.0118 0.4620 0.8868
vn 0.3383 0.5458 0.7666
vn 0.3382 0.5329 0.7757
vn 0.6538 0.5510 0.5185
vn 0.6557 0.5487 0.5186
vn 0.8365 0.5101 0.2001
vn 0.8463 0.4936 0.2002
vn 0.8890 0.4457 -0.1051
vn 0.9007 0.4215 -0.1055
vn 0.8458 0.3843 -0.3700
vn 0.8539 0.3633 -0.3727
vn 0.7640 0.3574 -0.5371
vn 0.7647 0.3508 -0.5405
vn 0.6929 0.3478 -0.6317
vn 0.6928 0.3460 -0.6328
vn 0.6053 0.3497 -0.7150
vn 0.6072 0.3464 -0.7151
vn 0.5317 0.3585 -0.7673
vn 0.5350 0.3546 -0.7668
vn 0.4695 0.3676 -0.8028
vn 0.4738 0.3606 -0.8035
vn 0.3518 0.3897 -0.8511
vn 0.3557 0.3737 -0.8566
vn 0.1274 0.4404 -0.8887
vn 0.1278 0.4157 -0.9005
vn -0.1885 0.5082 -0.8403
vn -0.1889 0.4906 -0.8506
vn -0.5198 0.5511 -0.6528
vn -0.5199 0.5488 -0.6546
vn -0.7655 0.5458 -0.3407
vn -0.7744 0.5334 -0.3403
vn -0.8723 0.4889 -0.0070
vn -0.8841 0.4672 -0.0064
vn -0.8643 0.4170 0.2811
vn -0.8742 0.3949 0.2825
vn -0.7946 0.3689 0.4822
vn -0.7978 0.3575 0.4855
vn -0.7240 0.3522 0.5931
vn -0.7240 0.3488 0.5951
vn -0.6789 0.3492 0.6459
vn -0.6786 0.3489 0.6463
vn -0.4752 0.7110 0.5184
vn -0.4707 0.7413 0.4784
vn -0.4598 0.7476 0.4792
vn -0.4455 0.7596 0.4738
vn -0.4198 0.7817 0.4613
vn -0.3568 0.8336 0.4216
vn -0.1869 0.8832 0.4302
vn 0.1651 0.9273 0.3360
vn 0.4852 0.8741 0.0228
vn 0.5256 0.8081 -0.2659
vn 0.5451 0.7314 -0.4098
vn 0.4973 0.7358 -0.4597
vn 0.4813 0.7337 -0.4795
vn 0.4587 0.7428 -0.4878
vn 0.4395 0.7507 -0.4933
vn 0.4172 0.7640 -0.4922
vn 0.3699 0.7976 -0.4765
vn 0.2642 0.8526 -0.4510
vn -0.0870 0.8416 -0.5331
vn -0.3247 0.9400 -0.1048
vn -0.3899 0.8978 0.2046
vn -0.5207 0.7647 0.3797
vn -0.4881 0.7489 0.4482
vn -0.4851 0.7381 0.4689
vn -0.4800 0.7367 0.4763
vn -0.4782 0.7367 0.4782
vn -0.8552 0.4889 -0.1721
vn -0.9287 0.2320 -0.2892
vn -0.9878 0.0966 -0.1220
vn -0.7577 0.1647 0.6314
vn -0.8726 0.2084 0.4418
vn -0.9646 0.2175 0.1494
vn -0.9502 0.2495 -0.1867
vn -0.7940 0.2898 -0.5345
vn -0.4930 0.2968 -0.8179
vn -0.1308 0.2714 -0.9535
vn 0.2041 0.2438 -0.9481
vn 0.4743 0.2105 -0.8548
vn 0.6787 0.2085 -0.7042
vn 0.8300 0.2352 -0.5058
vn 0.9432 0.2358 -0.2339
vn 0.9630 0.2542 0.0890
vn 0.8551 0.2868 0.4319
vn 0.5960 0.3085 0.7414
vn 0.2309 0.2911 0.9284
vn -0.1291 0.2546 0.9584
vn -0.4179 0.2136 0.8830
vn -0.6203 0.1814 0.7631
vn -0.6337 0.1554 0.7578
vn -0.5786 0.4553 0.6767
vn -0.4562 0.7434 0.4892
vn -0.4405 0.7514 0.4913
vn -0.4115 0.7682 0.4904
vn -0.3405 0.8049 0.4860
vn -0.1904 0.8855 0.4239
vn -0.0261 0.9754 0.2190
vn 0.1392 0.9892 0.0448
vn -0.5749 0.5575 0.5989
vn -0.6378 0.3451 0.6886
vn -0.5710 0.1291 0.8107
vn -0.5004 0.1162 0.8580
vn -0.4172 0.2168 0.8826
vn -0.1756 0.0642 0.9824
vn 0.1486 0.0586 0.9872
vn 0.4793 0.0889 0.8731
vn 0.7542 0.0992 0.6491
vn 0.3903 0.9182 -0.0669
vn 0.4182 0.8749 -0.2441
vn 0.4601 0.8122 -0.3587
vn 0.4933 0.7544 -0.4331
vn 0.4808 0.7438 -0.4644
vn 0.4587 0.7421 -0.4888
vn 0.4359 0.7463 -0.5030
vn 0.4119 0.7562 -0.5085
vn 0.9306 0.0841 0.3563
vn 0.9982 0.0472 0.0378
vn 0.9588 -0.0079 -0.2839
vn 0.8295 0.1469 -0.5389
vn 0.7434 0.0990 -0.6615
vn 0.6264 0.0965 -0.7735
vn 0.5314 0.1406 -0.8354
vn 0.4648 0.2435 -0.8513
vn 0.3611 0.7775 -0.5149
vn 0.2465 0.8331 -0.4952
vn 0.0874 0.9286 -0.3607
vn -0.0460 0.9892 -0.1392
vn -0.2446 0.9696 0.0101
vn -0.4454 0.8784 0.1736
vn -0.4087 0.8494 0.3339
vn -0.4653 0.7800 0.4184
vn 0.2826 0.0754 -0.9563
vn -0.0141 0.0387 -0.9991
vn -0.3473 0.0753 -0.9347
vn -0.6495 0.1040 -0.7532
vn -0.8718 0.1138 -0.4764
vn -0.9833 0.0932 -0.1562
vn -0.9851 0.0475 0.1651
vn -0.8806 0.1273 0.4565
vn -0.4812 0.7469 0.4589
vn -0.4803 0.7377 0.4744
vn -0.0586 0.4489 0.8916
vn -0.0621 0.2681 0.9614
vn -0.7865 0.1185 0.6061
vn -0.7244 0.1204 0.6788
vn -0.8211 0.5665 0.0705
vn -0.8220 0.5646 0.0742
vn -0.8103 0.5767 0.1039
vn -0.8122 0.5730 0.1098
vn -0.7883 0.5964 0.1510
vn -0.7912 0.5901 0.1607
vn -0.7282 0.6436 0.2356
vn -0.7345 0.6287 0.2555
vn -0.5771 0.7268 0.3725
vn -0.5791 0.7126 0.3960
vn -0.2957 0.8068 0.5114
vn -0.2936 0.8020 0.5202
vn 0.0693 0.8265 0.5586
vn 0.0655 0.8217 0.5661
vn 0.3946 0.7748 0.4939
vn 0.3912 0.7642 0.5127
vn 0.6209 0.6903 0.3714
vn 0.6235 0.6763 0.3921
vn 0.7582 0.6113 0.2267
vn 0.7653 0.5968 0.2410
vn 0.8145 0.5700 0.1079
vn 0.8171 0.5656 0.1118
vn 0.8297 0.5575 0.0275
vn 0.8305 0.5564 0.0282
vn 0.8273 0.5596 -0.0493
vn 0.8285 0.5576 -0.0508
vn 0.8152 0.5694 -0.1061
vn 0.8160 0.5677 -0.1090
vn 0.7997 0.5813 -0.1505
vn 0.8010 0.5782 -0.1552
vn 0.7586 0.6110 -0.2265
vn 0.7623 0.6022 -0.2372
vn 0.6470 0.6772 -0.3503
vn 0.6508 0.6623 -0.3712
vn 0.4242 0.7662 -0.4827
vn 0.4216 0.7544 -0.5032
vn 0.0945 0.8248 -0.5574
vn 0.0904 0.8194 -0.5661
vn -0.2679 0.8115 -0.5193
vn -0.2659 0.8076 -0.5264
vn -0.5475 0.7392 -0.3922
vn -0.5481 0.7270 -0.4136
vn -0.7188 0.6503 -0.2461
vn -0.7271 0.6314 -0.2696
vn -0.7988 0.5880 -0.1274
vn -0.8055 0.5762 -0.1383
vn -0.8246 0.5632 -0.0531
vn -0.8267 0.5598 -0.0561
vn -0.8299 0.5577 -0.0134
vn -0.8302 0.5573 -0.0140
vn -0.9265 0.3558 0.1227
vn -0.9277 0.3533 0.1205
vn -0.9142 0.3632 0.1800
vn -0.9166 0.3582 0.1777
vn -0.8888 0.3776 0.2597
vn -0.8928 0.3692 0.2580
vn -0.8202 0.4126 0.3963
vn -0.8276 0.3938 0.4000
vn -0.6456 0.4793 0.5945
vn -0.6545 0.4560 0.6031
vn -0.3309 0.5428 0.7719
vn -0.3378 0.5288 0.7786
vn 0.0664 0.5520 0.8312
vn 0.0670 0.5509 0.8319
vn 0.4273 0.5144 0.7435
vn 0.4339 0.4987 0.7503
vn 0.6877 0.4506 0.5692
vn 0.6963 0.4267 0.5772
vn 0.8511 0.3883 0.3533
vn 0.8589 0.3667 0.3575
vn 0.9182 0.3581 0.1694
vn 0.9215 0.3503 0.1678
vn 0.9366 0.3478 0.0432
vn 0.9373 0.3459 0.0424
vn 0.9336 0.3497 -0.0776
vn 0.9350 0.3464 -0.0763
vn 0.9185 0.3585 -0.1666
vn 0.9205 0.3546 -0.1640
vn 0.8996 0.3675 -0.2358
vn 0.9031 0.3605 -0.2332
vn 0.8506 0.3897 -0.3531
vn 0.8572 0.3737 -0.3543
vn 0.7185 0.4404 -0.5383
vn 0.7270 0.4157 -0.5464
vn 0.4609 0.5082 -0.7275
vn 0.4679 0.4906 -0.7351
vn 0.0940 0.5511 -0.8291
vn 0.0951 0.5488 -0.8305
vn -0.3005 0.5458 -0.7822
vn -0.3070 0.5334 -0.7882
vn -0.6119 0.4889 -0.6217
vn -0.6207 0.4672 -0.6296
vn -0.8100 0.4170 -0.4124
vn -0.8179 0.3949 -0.4184
vn -0.9029 0.3688 -0.2209
vn -0.9075 0.3575 -0.2208
vn -0.9313 0.3522 -0.0925
vn -0.9327 0.3488 -0.0911
vn -0.9367 0.3493 -0.0233
vn -0.9369 0.3489 -0.0228
vn -0.7026 0.7109 0.0306
vn -0.6713 0.7412 0.0054
vn -0.6643 0.7473 0.0135
vn -0.6510 0.7588 0.0197
vn -0.6256 0.7796 0.0287
vn -0.5578 0.8288 0.0441
vn -0.4413 0.8873 0.1341
vn -0.1707 0.9277 0.3320
vn 0.3158 0.8504 0.4209
vn 0.5548 0.8107 0.1872
vn 0.6821 0.7239 0.1033
vn 0.6767 0.7358 0.0265
vn 0.6794 0.7337 0.0012
vn 0.6692 0.7428 -0.0206
vn 0.6595 0.7507 -0.0381
vn 0.6430 0.7640 -0.0531
vn 0.5984 0.7976 -0.0754
vn 0.5056 0.8526 -0.1321
vn 0.3154 0.8412 -0.4393
vn -0.1560 0.9401 -0.3033
vn -0.4204 0.8979 -0.1305
vn -0.6368 0.7645 -0.0997
vn -0.6621 0.7489 -0.0282
vn -0.6746 0.7381 -0.0115
vn -0.6762 0.7367 -0.0026
vn -0.6763 0.7367 -0.0004
vn -0.4820 0.4877 -0.7279
vn -0.4507 0.2312 -0.8622
vn -0.6104 0.0964 -0.7862
vn -0.9823 0.1647 -0.0893
vn -0.9294 0.2084 -0.3046
vn -0.7877 0.2175 -0.5764
vn -0.5399 0.2495 -0.8039
vn -0.1835 0.2898 -0.9393
vn 0.2297 0.2968 -0.9269
vn 0.5818 0.2714 -0.7667
vn 0.8147 0.2438 -0.5261
vn 0.9398 0.2105 -0.2691
vn 0.9779 0.2085 -0.0181
vn 0.9459 0.2271 0.2318
vn 0.8321 0.2260 0.5064
vn 0.6166 0.2453 0.7481
vn 0.2985 0.2802 0.9124
vn -0.1027 0.3055 0.9466
vn -0.4932 0.2917 0.8195
vn -0.7691 0.2567 0.5853
vn -0.9194 0.2199 0.3261
vn -0.9781 0.1818 0.1009
vn -0.9840 0.1554 0.0873
vn -0.8876 0.4553 0.0693
vn -0.6686 0.7432 0.0230
vn -0.6595 0.7509 0.0352
vn -0.6395 0.7669 0.0540
vn -0.5904 0.8011 0.0982
vn -0.4498 0.8785 0.1609
vn -0.1975 0.9680 0.1548
vn 0.0498 0.9904 0.1291
vn -0.8300 0.5575 0.0165
vn -0.9379 0.3451 0.0352
vn -0.9773 0.1305 0.1671
vn -0.9617 0.1154 0.2487
vn -0.9230 0.2061 0.3250
vn -0.8299 0.0648 0.5542
vn -0.6136 0.0559 0.7876
vn -0.3042 0.0887 0.9485
vn 0.0486 0.1038 0.9934
vn 0.3136 0.9163 0.2491
vn 0.4531 0.8833 0.1206
vn 0.5707 0.8178 0.0740
vn 0.6522 0.7567 0.0447
vn 0.6683 0.7438 0.0115
vn 0.6699 0.7421 -0.0213
vn 0.6639 0.7463 -0.0475
vn 0.6508 0.7561 -0.0683
vn 0.3848 0.0927 0.9183
vn 0.6632 0.0584 0.7462
vn 0.8681 0.0045 0.4964
vn 0.9647 0.1503 0.2161
vn 0.9934 0.0990 0.0578
vn 0.9899 0.0965 -0.1041
vn 0.9665 0.1406 -0.2149
vn 0.9306 0.2436 -0.2733
vn 0.6194 0.7775 -0.1087
vn 0.5244 0.8331 -0.1759
vn 0.3169 0.9286 -0.1933
vn 0.0659 0.9892 -0.1310
vn -0.1802 0.9695 -0.1662
vn -0.4380 0.8781 -0.1927
vn -0.5250 0.8494 -0.0528
vn -0.6249 0.7800 -0.0332
vn 0.8760 0.0754 -0.4764
vn 0.6965 0.0387 -0.7165
vn 0.4153 0.0753 -0.9066
vn 0.0732 0.1040 -0.9919
vn -0.2796 0.1138 -0.9533
vn -0.5849 0.0932 -0.8057
vn -0.8133 0.0475 -0.5799
vn -0.9455 0.1273 -0.2998
vn -0.6648 0.7469 -0.0157
vn -0.6751 0.7377 -0.0041
vn -0.6709 0.4481 0.5908
vn -0.7222 0.2673 0.6379
vn -0.9847 0.1185 -0.1275
vn -0.9922 0.1204 -0.0322
vn -0.6309 0.5667 -0.5299
vn -0.6343 0.5648 -0.5280
vn -0.6473 0.5774 -0.4977
vn -0.6529 0.5735 -0.4948
vn -0.6654 0.5983 -0.4464
vn -0.6747 0.5916 -0.4414
vn -0.6823 0.6485 -0.3375
vn -0.7017 0.6329 -0.3273
vn -0.6678 0.7338 -0.1247
vn -0.6850 0.7202 -0.1095
vn -0.5582 0.8108 0.1762
vn -0.5621 0.8066 0.1828
vn -0.3260 0.8249 0.4618
vn -0.3349 0.8196 0.4650
vn -0.0506 0.7692 0.6370
vn -0.0665 0.7582 0.6486
vn 0.1928 0.6839 0.7036
vn 0.1804 0.6698 0.7203
vn 0.3886 0.6065 0.6937
vn 0.3841 0.5922 0.7084
vn 0.5049 0.5687 0.6494
vn 0.5039 0.5651 0.6532
vn 0.5672 0.5575 0.6061
vn 0.5673 0.5564 0.6072
vn 0.6198 0.5597 0.5501
vn 0.6217 0.5576 0.5500
vn 0.6515 0.5693 0.5015
vn 0.6541 0.5677 0.4999
vn 0.6718 0.5813 0.4591
vn 0.6762 0.5782 0.4567
vn 0.6965 0.6110 0.3762
vn 0.7067 0.6022 0.3713
vn 0.7052 0.6772 0.2098
vn 0.7227 0.6623 0.1977
vn 0.6413 0.7662 -0.0413
vn 0.6539 0.7544 -0.0576
vn 0.4610 0.8248 -0.3273
vn 0.4643 0.8194 -0.3363
vn 0.1778 0.8115 -0.5566
vn 0.1843 0.8076 -0.5602
vn -0.1098 0.7392 -0.6645
vn -0.0950 0.7270 -0.6800
vn -0.3342 0.6503 -0.6822
vn -0.3235 0.6314 -0.7048
vn -0.4747 0.5880 -0.6549
vn -0.4718 0.5763 -0.6673
vn -0.5456 0.5632 -0.6206
vn -0.5449 0.5598 -0.6243
vn -0.5774 0.5577 -0.5963
vn -0.5771 0.5573 -0.5969
vn -0.7428 0.3560 -0.5670
vn -0.7422 0.3534 -0.5695
vn -0.7754 0.3637 -0.5163
vn -0.7755 0.3586 -0.5197
vn -0.8149 0.3790 -0.4386
vn -0.8168 0.3701 -0.4427
vn -0.8634 0.4163 -0.2850
vn -0.8718 0.3967 -0.2873
vn -0.8745 0.4849 -0.0116
vn -0.8868 0.4620 -0.0118
vn -0.7666 0.5458 0.3383
vn -0.7757 0.5329 0.3382
vn -0.5185 0.5510 0.6538
vn -0.5186 0.5487 0.6557
vn -0.2001 0.5102 0.8365
vn -0.2002 0.4936 0.8463
vn 0.1050 0.4457 0.8890
vn 0.1055 0.4215 0.9007
vn 0.3700 0.3843 0.8458
vn 0.3727 0.3634 0.8539
vn 0.5371 0.3574 0.7640
vn 0.5405 0.3508 0.7648
vn 0.6317 0.3478 0.6929
vn 0.6327 0.3459 0.6928
vn 0.7150 0.3497 0.6053
vn 0.7151 0.3463 0.6072
vn 0.7673 0.3585 0.5317
vn 0.7668 0.3546 0.5350
vn 0.8028 0.3675 0.4694
vn 0.8035 0.3606 0.4738
vn 0.8511 0.3897 0.3518
vn 0.8566 0.3737 0.3557
vn 0.8887 0.4404 0.1274
vn 0.9005 0.4157 0.1278
vn 0.8403 0.5082 -0.1885
vn 0.8506 0.4906 -0.1889
vn 0.6527 0.5511 -0.5198
vn 0.6546 0.5488 -0.5199
vn 0.3407 0.5458 -0.7655
vn 0.3403 0.5334 -0.7744
vn 0.0070 0.4889 -0.8723
vn 0.0064 0.4672 -0.8841
vn -0.2811 0.4170 -0.8643
vn -0.2825 0.3949 -0.8742
vn -0.4822 0.3688 -0.7946
vn -0.4855 0.3575 -0.7978
vn -0.5931 0.3522 -0.7240
vn -0.5951 0.3488 -0.7240
vn -0.6459 0.3493 -0.6789
vn -0.6464 0.3489 -0.6786
vn -0.5184 0.7110 -0.4752
vn -0.4784 0.7413 -0.4707
vn -0.4792 0.7476 -0.4598
vn -0.4739 0.7596 -0.4455
vn -0.4613 0.7817 -0.4198
vn -0.4216 0.8336 -0.3568
vn -0.4302 0.8832 -0.1869
vn -0.3360 0.9273 0.1651
vn -0.0228 0.8741 0.4852
vn 0.2659 0.8082 0.5255
vn 0.4098 0.7314 0.5451
vn 0.4597 0.7358 0.4973
vn 0.4796 0.7337 0.4813
vn 0.4878 0.7428 0.4587
vn 0.4933 0.7507 0.4394
vn 0.4922 0.7640 0.4172
vn 0.4765 0.7976 0.3699
vn 0.4510 0.8526 0.2642
vn 0.5331 0.8416 -0.0870
vn 0.1048 0.9400 -0.3247
vn -0.2047 0.8978 -0.3899
vn -0.3797 0.7647 -0.5207
vn -0.4482 0.7489 -0.4881
vn -0.4689 0.7381 -0.4851
vn -0.4763 0.7367 -0.4801
vn -0.4782 0.7367 -0.4782
vn 0.1721 0.4888 -0.8553
vn 0.2891 0.2319 -0.9288
vn 0.1220 0.0968 -0.9878
vn -0.6314 0.1647 -0.7577
vn -0.4418 0.2084 -0.8726
vn -0.1494 0.2175 -0.9646
vn 0.1867 0.2495 -0.9502
vn 0.5345 0.2897 -0.7940
vn 0.8179 0.2967 -0.4930
vn 0.9535 0.2714 -0.1308
vn 0.9481 0.2438 0.2041
vn 0.8548 0.2105 0.4743
vn 0.7042 0.2085 0.6787
vn 0.5058 0.2352 0.8300
vn 0.2339 0.2358 0.9432
vn -0.0890 0.2542 0.9630
vn -0.4319 0.2868 0.8551
vn -0.7413 0.3085 0.5960
vn -0.9284 0.2911 0.2309
vn -0.9584 0.2546 -0.1291
vn -0.8830 0.2136 -0.4179
vn -0.7631 0.1814 -0.6203
vn -0.7578 0.1554 -0.6337
vn -0.6767 0.4553 -0.5786
vn -0.4892 0.7434 -0.4562
vn -0.4913 0.7514 -0.4405
vn -0.4905 0.7682 -0.4115
vn -0.4860 0.8049 -0.3405
vn -0.4239 0.8855 -0.1904
vn -0.2190 0.9754 -0.0261
vn -0.0448 0.9892 0.1392
vn -0.5989 0.5575 -0.5749
vn -0.6886 0.3451 -0.6378
vn -0.8107 0.1291 -0.5710
vn -0.8580 0.1163 -0.5004
vn -0.8826 0.2168 -0.4172
vn -0.9824 0.0642 -0.1756
vn -0.9872 0.0586 0.1486
vn -0.8731 0.0889 0.4793
vn -0.6491 0.0992 0.7542
vn 0.0669 0.9182 0.3903
vn 0.2441 0.8749 0.4182
vn 0.3587 0.8122 0.4601
vn 0.4331 0.7544 0.4933
vn 0.4644 0.7438 0.4807
vn 0.4888 0.7421 0.4587
vn 0.5030 0.7463 0.4359
vn 0.5085 0.7561 0.4119
vn -0.3563 0.0841 0.9306
vn -0.0378 0.0472 0.9982
vn 0.2839 -0.0079 0.9588
vn 0.5389 0.1469 0.8295
vn 0.6615 0.0990 0.7434
vn 0.7735 0.0965 0.6264
vn 0.8353 0.1406 0.5314
vn 0.8512 0.2435 0.4648
vn 0.5149 0.7775 0.3611
vn 0.4952 0.8331 0.2465
vn 0.3608 0.9286 0.0874
vn 0.1392 0.9892 -0.0460
vn -0.0101 0.9696 -0.2446
vn -0.1736 0.8784 -0.4454
vn -0.3339 0.8494 -0.4087
vn -0.4184 0.7800 -0.4653
vn 0.9563 0.0754 0.2826
vn 0.9991 0.0387 -0.0141
vn 0.9347 0.0753 -0.3473
vn 0.7532 0.1040 -0.6495
vn 0.4764 0.1138 -0.8718
vn 0.1562 0.0932 -0.9833
vn -0.1651 0.0475 -0.9851
vn -0.4565 0.1273 -0.8806
vn -0.4589 0.7469 -0.4812
vn -0.4744 0.7377 -0.4803
vn -0.8916 0.4489 -0.0589
vn -0.9615 0.2678 -0.0620
vn -0.6061 0.1185 -0.7865
vn -0.6788 0.1204 -0.7243
vn -0.0705 0.5665 -0.8211
vn -0.0742 0.5646 -0.8221
vn -0.1039 0.5767 -0.8103
vn -0.1098 0.5730 -0.8122
vn -0.1510 0.5964 -0.7883
vn -0.1607 0.5901 -0.7912
vn -0.2356 0.6436 -0.7282
vn -0.2555 0.6287 -0.7345
vn -0.3725 0.7268 -0.5771
vn -0.3960 0.7126 -0.5791
vn -0.5114 0.8068 -0.2957
vn -0.5202 0.8020 -0.2936
vn -0.5586 0.8265 0.0693
vn -0.5661 0.8217 0.0655
vn -0.4939 0.7748 0.3946
vn -0.5127 0.7642 0.3912
vn -0.3713 0.6903 0.6209
vn -0.3921 0.6764 0.6235
vn -0.2267 0.6113 0.7582
vn -0.2410 0.5968 0.7653
vn -0.1079 0.5700 0.8145
vn -0.1118 0.5655 0.8171
vn -0.0275 0.5575 0.8297
vn -0.0282 0.5564 0.8305
vn 0.0493 0.5596 0.8273
vn 0.0507 0.5576 0.8285
vn 0.1061 0.5694 0.8152
vn 0.1090 0.5677 0.8160
vn 0.1505 0.5813 0.7997
vn 0.1552 0.5782 0.8010
vn 0.2265 0.6110 0.7586
vn 0.2372 0.6022 0.7623
vn 0.3503 0.6772 0.6470
vn 0.3712 0.6623 0.6508
vn 0.4827 0.7662 0.4242
vn 0.5031 0.7544 0.4216
vn 0.5574 0.8248 0.0945
vn 0.5661 0.8194 0.0904
vn 0.5193 0.8115 -0.2679
vn 0.5264 0.8076 -0.2659
vn 0.3922 0.7392 -0.5475
vn 0.4136 0.7270 -0.5481
vn 0.2460 0.6502 -0.7188
vn 0.2696 0.6314 -0.7271
vn 0.1274 0.5880 -0.7988
vn 0.1382 0.5762 -0.8055
vn 0.0530 0.5632 -0.8246
vn 0.0561 0.5598 -0.8267
vn 0.0134 0.5577 -0.8299
vn 0.0140 0.5573 -0.8302
vn -0.1227 0.3558 -0.9265
vn -0.1205 0.3533 -0.9277
vn -0.1800 0.3632 -0.9142
vn -0.1776 0.3583 -0.9166
vn -0.2597 0.3776 -0.8888
vn -0.2580 0.3692 -0.8928
vn -0.3963 0.4126 -0.8202
vn -0.4000 0.3938 -0.8276
vn -0.5945 0.4793 -0.6456
vn -0.6031 0.4560 -0.6545
vn -0.7719 0.5428 -0.3309
vn -0.7786 0.5288 -0.3378
vn -0.8312 0.5521 0.0664
vn -0.8319 0.5509 0.0670
vn -0.7435 0.5144 0.4273
vn -0.7503 0.4987 0.4339
vn -0.5692 0.4506 0.6877
vn -0.5772 0.4267 0.6963
vn -0.3533 0.3883 0.8511
vn -0.3575 0.3667 0.8589
vn -0.1694 0.3581 0.9182
vn -0.1678 0.3503 0.9215
vn -0.0432 0.3478 0.9366
vn -0.0424 0.3460 0.9373
vn 0.0776 0.3497 0.9336
vn 0.0763 0.3464 0.9350
vn 0.1666 0.3585 0.9185
vn 0.1639 0.3546 0.9205
vn 0.2358 0.3675 0.8996
vn 0.2332 0.3606 0.9031
vn 0.3531 0.3897 0.8506
vn 0.3543 0.3737 0.8572
vn 0.5384 0.4404 0.7185
vn 0.5464 0.4157 0.7270
vn 0.7275 0.5082 0.4609
vn 0.7351 0.4906 0.4679
vn 0.8291 0.5511 0.0940
vn 0.8305 0.5488 0.0951
vn 0.7822 0.5458 -0.3005
vn 0.7882 0.5334 -0.3070
vn 0.6217 0.4889 -0.6119
vn 0.6296 0.4672 -0.6207
vn 0.4124 0.4170 -0.8099
vn 0.4183 0.3949 -0.8180
vn 0.2209 0.3688 -0.9029
vn 0.2208 0.3575 -0.9074
vn 0.0925 0.3522 -0.9313
vn 0.0911 0.3488 -0.9327
vn 0.0233 0.3492 -0.9367
vn 0.0228 0.3489 -0.9369
vn -0.0306 0.7110 -0.7026
vn -0.0054 0.7412 -0.6713
vn -0.0135 0.7473 -0.6643
vn -0.0197 0.7588 -0.6510
vn -0.0287 0.7796 -0.6257
vn -0.0441 0.8288 -0.5578
vn -0.1341 0.8873 -0.4413
vn -0.3321 0.9277 -0.1707
vn -0.4209 0.8504 0.3158
vn -0.1872 0.8107 0.5548
vn -0.1033 0.7239 0.6821
vn -0.0265 0.7358 0.6767
vn -0.0012 0.7337 0.6794
vn 0.0206 0.7428 0.6692
vn 0.0381 0.7507 0.6595
vn 0.0531 0.7640 0.6430
vn 0.0754 0.7976 0.5984
vn 0.1321 0.8526 0.5056
vn 0.4393 0.8412 0.3154
vn 0.3033 0.9401 -0.1560
vn 0.1305 0.8979 -0.4204
vn 0.0997 0.7645 -0.6368
vn 0.0282 0.7489 -0.6621
vn 0.0115 0.7381 -0.6746
vn 0.0026 0.7367 -0.6762
vn 0.0002 0.7367 -0.6762
vn 0.7280 0.4876 -0.4819
vn 0.8623 0.2311 -0.4506
vn 0.7862 0.0964 -0.6104
vn 0.0893 0.1647 -0.9823
vn 0.3046 0.2084 -0.9294
vn 0.5764 0.2175 -0.7877
vn 0.8039 0.2495 -0.5399
vn 0.9393 0.2898 -0.1835
vn 0.9269 0.2968 0.2297
vn 0.7668 0.2714 0.5818
vn 0.5261 0.2438 0.8147
vn 0.2691 0.2105 0.9398
vn 0.0181 0.2085 0.9779
vn -0.2318 0.2271 0.9459
vn -0.5064 0.2260 0.8321
vn -0.7481 0.2453 0.6166
vn -0.9124 0.2802 0.2985
vn -0.9466 0.3055 -0.1027
vn -0.8195 0.2917 -0.4932
vn -0.5853 0.2567 -0.7691
vn -0.3261 0.2199 -0.9194
vn -0.1010 0.1818 -0.9781
vn -0.0873 0.1554 -0.9840
vn -0.0693 0.4553 -0.8876
vn -0.0230 0.7432 -0.6686
vn -0.0352 0.7509 -0.6594
vn -0.0540 0.7669 -0.6395
vn -0.0982 0.8011 -0.5904
vn -0.1609 0.8785 -0.4498
vn -0.1548 0.9680 -0.1975
vn -0.1291 0.9904 0.0498
vn -0.0165 0.5575 -0.8300
vn -0.0352 0.3452 -0.9379
vn -0.1671 0.1305 -0.9773
vn -0.2487 0.1154 -0.9617
vn -0.3250 0.2061 -0.9230
vn -0.5542 0.0648 -0.8299
vn -0.7876 0.0559 -0.6136
vn -0.9485 0.0887 -0.3042
vn -0.9934 0.1038 0.0486
vn -0.2491 0.9163 0.3136
vn -0.1206 0.8832 0.4531
vn -0.0740 0.8178 0.5707
vn -0.0447 0.7567 0.6522
vn -0.0115 0.7438 0.6683
vn 0.0213 0.7421 0.6699
vn 0.0475 0.7463 0.6639
vn 0.0683 0.7561 0.6508
vn -0.9183 0.0927 0.3848
vn -0.7462 0.0584 0.6632
vn -0.4964 0.0045 0.8681
vn -0.2161 0.1503 0.9647
vn -0.0578 0.0990 0.9934
vn 0.1041 0.0965 0.9899
vn 0.2150 0.1406 0.9665
vn 0.2733 0.2436 0.9306
vn 0.1087 0.7775 0.6194
vn 0.1759 0.8331 0.5244
vn 0.1933 0.9286 0.3169
vn 0.1310 0.9892 0.0659
vn 0.1662 0.9695 -0.1802
vn 0.1927 0.8781 -0.4380
vn 0.0528 0.8494 -0.5250
vn 0.0332 0.7800 -0.6249
vn 0.4764 0.0754 0.8760
vn 0.7165 0.0387 0.6965
vn 0.9066 0.0753 0.4153
vn 0.9919 0.1040 0.0732
vn 0.9533 0.1138 -0.2796
vn 0.8057 0.0932 -0.5849
vn 0.5798 0.0475 -0.8133
vn 0.2998 0.1273 -0.9455
vn 0.0157 0.7469 -0.6648
vn 0.0042 0.7377 -0.6751
vn -0.5912 0.4480 -0.6707
vn -0.6379 0.2674 -0.7222
vn 0.1275 0.1185 -0.9847
vn 0.0322 0.1204 -0.9922
vn 0.5299 0.5667 -0.6309
vn 0.5280 0.5647 -0.6343
vn 0.4977 0.5774 -0.6472
vn 0.4948 0.5735 -0.6529
vn 0.4464 0.5983 -0.6654
vn 0.4414 0.5916 -0.6747
vn 0.3375 0.6485 -0.6823
vn 0.3273 0.6329 -0.7017
vn 0.1247 0.7338 -0.6678
vn 0.1095 0.7202 -0.6850
vn -0.1762 0.8108 -0.5582
vn -0.1828 0.8066 -0.5621
vn -0.4618 0.8249 -0.3260
vn -0.4649 0.8196 -0.3349
vn -0.6370 0.7692 -0.0506
vn -0.6486 0.7582 -0.0665
vn -0.7036 0.6839 0.1928
vn -0.7203 0.6698 0.1804
vn -0.6937 0.6065 0.3886
vn -0.7084 0.5922 0.3841
vn -0.6494 0.5687 0.5049
vn -0.6532 0.5651 0.5039
vn -0.6061 0.5575 0.5673
vn -0.6072 0.5564 0.5673
vn -0.5501 0.5596 0.6198
vn -0.5500 0.5576 0.6217
vn -0.5015 0.5694 0.6514
vn -0.5000 0.5677 0.6541
vn -0.4591 0.5813 0.6718
vn -0.4567 0.5782 0.6762
vn -0.3762 0.6110 0.6965
vn -0.3713 0.6022 0.7067
vn -0.2098 0.6772 0.7052
vn -0.1978 0.6623 0.7227
vn 0.0413 0.7662 0.6413
vn 0.0576 0.7544 0.6539
vn 0.3273 0.8248 0.4610
vn 0.3363 0.8194 0.4643
vn 0.5566 0.8115 0.1778
vn 0.5602 0.8076 0.1843
vn 0.6645 0.7392 -0.1098
vn 0.6800 0.7270 -0.0950
vn 0.6822 0.6503 -0.3342
vn 0.7048 0.6314 -0.3235
vn 0.6549 0.5880 -0.4747
vn 0.6673 0.5763 -0.4718
vn 0.6206 0.5632 -0.5456
vn 0.6243 0.5598 -0.5449
vn 0.5963 0.5577 -0.5774
vn 0.5969 0.5573 -0.5771
vn 0.5670 0.3560 -0.7428
vn 0.5695 0.3534 -0.7421
vn 0.5163 0.3637 -0.7754
vn 0.5197 0.3585 -0.7755
vn 0.4386 0.3790 -0.8148
vn 0.4427 0.3701 -0.8168
vn 0.2850 0.4163 -0.8634
vn 0.2873 0.3967 -0.8719
vn 0.0116 0.4849 -0.8745
vn 0.0118 0.4620 -0.8868
vn -0.3383 0.5458 -0.7666
vn -0.3382 0.5329 -0.7757
vn -0.6538 0.5510 -0.5185
vn -0.6557 0.5487 -0.5186
vn -0.8365 0.5101 -0.2001
vn -0.8463 0.4936 -0.2002
vn -0.8890 0.4457 0.1051
vn -0.9007 0.4215 0.1055
vn -0.8458 0.3843 0.3700
vn -0.8539 0.3633 0.3727
vn -0.7641 0.3574 0.5371
vn -0.7647 0.3508 0.5405
vn -0.6929 0.3478 0.6317
vn -0.6928 0.3460 0.6328
vn -0.6053 0.3497 0.7150
vn -0.6072 0.3464 0.7151
vn -0.5317 0.3585 0.7673
vn -0.5350 0.3546 0.7668
vn -0.4695 0.3676 0.8028
vn -0.4738 0.3606 0.8035
vn -0.3518 0.3897 0.8511
vn -0.3557 0.3737 0.8566
vn -0.1274 0.4404 0.8887
vn -0.1278 0.4157 0.9005
vn 0.1885 0.5082 0.8403
vn 0.1889 0.4906 0.8506
vn 0.5198 0.5511 0.6528
vn 0.5199 0.5488 0.6546
vn 0.7655 0.5458 0.3407
vn 0.7744 0.5334 0.3403
vn 0.8723 0.4889 0.0070
vn 0.8841 0.4672 0.0064
vn 0.8643 0.4170 -0.2811
vn 0.8742 0.3949 -0.2825
vn 0.7946 0.3689 -0.4822
vn 0.7978 0.3575 -0.4855
vn 0.7240 0.3522 -0.5931
vn 0.7240 0.3488 -0.5951
vn 0.6789 0.3492 -0.6459
vn 0.6786 0.3489 -0.6463
vn 0.4752 0.7110 -0.5184
vn 0.4707 0.7413 -0.4784
vn 0.4598 0.7476 -0.4792
vn 0.4455 0.7596 -0.4738
vn 0.4198 0.7817 -0.4613
vn 0.3568 0.8336 -0.4216
vn 0.1869 0.8832 -0.4302
vn -0.1651 0.9273 -0.3360
vn -0.4852 0.8741 -0.0228
vn -0.5256 0.8081 0.2659
vn -0.5451 0.7314 0.4098
vn -0.4973 0.7358 0.4597
vn -0.4813 0.7337 0.4795
vn -0.4587 0.7428 0.4878
vn -0.4395 0.7507 0.4933
vn -0.4172 0.7640 0.4922
vn -0.3699 0.7976 0.4765
vn -0.2642 0.8526 0.4510
vn 0.0870 0.8416 0.5331
vn 0.3247 0.9400 0.1048
vn 0.3899 0.8978 -0.2046
vn 0.5207 0.7647 -0.3797
vn 0.4881 0.7489 -0.4482
vn 0.4851 0.7381 -0.4689
vn 0.4800 0.7367 -0.4763
vn 0.4782 0.7367 -0.4782
vn 0.8552 0.4889 0.1721
vn 0.9287 0.2320 0.2892
vn 0.9878 0.0966 0.1220
vn 0.7577 0.1647 -0.6314
vn 0.8726 0.2084 -0.4418
vn 0.9646 0.2175 -0.1494
vn 0.9502 0.2495 0.1867
vn 0.7940 0.2898 0.5345
vn 0.4930 0.2968 0.8179
vn 0.1308 0.2714 0.9535
vn -0.2041 0.2438 0.9481
vn -0.4743 0.2105 0.8548
vn -0.6787 0.2085 0.7042
vn -0.8300 0.2352 0.5058
vn -0.9432 0.2358 0.2339
vn -0.9631 0.2542 -0.0890
vn -0.8551 0.2868 -0.4319
vn -0.5960 0.3085 -0.7414
vn -0.2309 0.2911 -0.9284
vn 0.1291 0.2546 -0.9584
vn 0.4179 0.2136 -0.8830
vn 0.6203 0.1814 -0.7631
vn 0.6337 0.1554 -0.7578
vn 0.5786 0.4553 -0.6767
vn 0.4562 0.7434 -0.4892
vn 0.4405 0.7514 -0.4913
vn 0.4115 0.7682 -0.4904
vn 0.3405 0.8049 -0.4860
vn 0.1904 0.8855 -0.4239
vn 0.0261 0.9754 -0.2190
vn -0.1392 0.9892 -0.0448
vn 0.5749 0.5575 -0.5989
vn 0.6378 0.3451 -0.6886
vn 0.5710 0.1291 -0.8107
vn 0.5004 0.1163 -0.8580
vn 0.4172 0.2168 -0.8826
vn 0.1756 0.0642 -0.9824
vn -0.1486 0.0586 -0.9872
vn -0.4793 0.0889 -0.8731
vn -0.7542 0.0992 -0.6491
vn -0.3903 0.9182 0.0669
vn -0.4182 0.8749 0.2441
vn -0.4601 0.8122 0.3587
vn -0.4933 0.7544 0.4331
vn -0.4808 0.7438 0.4644
vn -0.4587 0.7421 0.4888
vn -0.4359 0.7463 0.5030
vn -0.4119 0.7562 0.5085
vn -0.9306 0.0841 -0.3563
vn -0.9982 0.0472 -0.0378
vn -0.9588 -0.0079 0.2839
vn -0.8295 0.1469 0.5389
vn -0.7434 0.0990 0.6615
vn -0.6264 0.0965 0.7735
vn -0.5314 0.1406 0.8354
vn -0.4648 0.2435 0.8513
vn -0.3611 0.7775 0.5149
vn -0.2465 0.8331 0.4952
vn -0.0874 0.9286 0.3607
vn 0.0460 0.9892 0.1392
vn 0.2446 0.9696 -0.0101
vn 0.4454 0.8784 -0.1736
vn 0.4087 0.8494 -0.3339
vn 0.4653 0.7800 -0.4184
vn -0.2826 0.0754 0.9563
vn 0.0141 0.0387 0.9991
vn 0.3473 0.0753 0.9347
vn 0.6495 0.1040 0.7532
vn 0.8718 0.1138 0.4764
vn 0.9833 0.0932 0.1562
vn 0.9851 0.0475 -0.1651
vn 0.8806 0.1273 -0.4565
vn 0.4812 0.7469 -0.4589
vn 0.4803 0.7377 -0.4744
vn 0.0586 0.4489 -0.8916
vn 0.0621 0.2681 -0.9614
vn 0.7865 0.1185 -0.6061
vn 0.7244 0.1204 -0.6788
vn -0.8357 0.4985 0.2306
vn -0.7810 0.4985 0.3761
vn -0.7013 0.4985 0.5095
vn -0.5991 0.4985 0.6266
vn -0.4776 0.4985 0.7235
vn -0.3407 0.4985 0.7971
vn -0.1929 0.4985 0.8452
vn -0.0389 0.4985 0.8660
vn 0.1164 0.4985 0.8591
vn 0.2679 0.4985 0.8245
vn 0.4108 0.4985 0.7634
vn 0.5405 0.4985 0.6778
vn 0.6528 0.4985 0.5704
vn 0.7442 0.4985 0.4446
vn 0.8116 0.4985 0.3046
vn 0.8530 0.4985 0.1548
vn 0.8669 0.4985 -0.0000
vn 0.8530 0.4985 -0.1548
vn 0.8116 0.4985 -0.3046
vn 0.7442 0.4985 -0.4446
vn 0.6528 0.4985 -0.5704
vn 0.5405 0.4985 -0.6778
vn 0.4108 0.4985 -0.7634
vn 0.2679 0.4985 -0.8245
vn 0.1164 0.4985 -0.8591
vn -0.0389 0.4985 -0.8660
vn -0.1929 0.4985 -0.8452
vn -0.3407 0.4985 -0.7971
vn -0.4776 0.4985 -0.7235
vn -0.5991 0.4985 -0.6266
vn -0.7013 0.4985 -0.5095
vn -0.7810 0.4985 -0.3761
vn -0.8357 0.4985 -0.2306
vn -0.6211 0.7648 0.1714
vn -0.5805 0.7648 0.2796
vn -0.5213 0.7648 0.3787
vn -0.3549 0.7648 0.5377
vn -0.2532 0.7648 0.5925
vn -0.1434 0.7648 0.6282
vn 0.0865 0.7648 0.6385
vn 0.1991 0.7648 0.6128
vn 0.3053 0.7648 0.5674
vn 0.5531 0.7648 0.3305
vn 0.6032 0.7648 0.2264
vn 0.6340 0.7648 0.1150
vn 0.6340 0.7648 -0.1150
vn 0.6032 0.7648 -0.2264
vn 0.5531 0.7648 -0.3305
vn 0.3053 0.7648 -0.5674
vn 0.1991 0.7648 -0.6128
vn 0.0865 0.7648 -0.6385
vn -0.1434 0.7648 -0.6282
vn -0.2532 0.7648 -0.5925
vn -0.3549 0.7648 -0.5377
vn -0.5213 0.7648 -0.3787
vn -0.5805 0.7648 -0.2796
vn -0.6211 0.7648 -0.1714
vn -0.3309 0.9392 0.0913
vn -0.3092 0.9392 0.1489
vn -0.1891 0.9392 0.2865
vn -0.1349 0.9392 0.3156
vn -0.0764 0.9392 0.3346
vn 0.1061 0.9392 0.3264
vn 0.1626 0.9392 0.3023
vn 0.2947 0.9392 0.1760
vn 0.3214 0.9392 0.1206
vn 0.3377 0.9392 0.0613
vn 0.3377 0.9392 -0.0613
vn 0.3214 0.9392 -0.1206
vn 0.2947 0.9392 -0.1760
vn 0.1627 0.9392 -0.3023
vn 0.1061 0.9392 -0.3264
vn -0.0764 0.9392 -0.3346
vn -0.1349 0.9392 -0.3156
vn -0.1891 0.9392 -0.2865
vn -0.3092 0.9392 -0.1489
vn -0.3309 0.9392 -0.0913
vn -0.0000 1.0000 -0.0000
vn 0.3309 0.9392 -0.0913
vn 0.3092 0.9392 -0.1489
vn 0.1891 0.9392 -0.2865
vn 0.1349 0.9392 -0.3156
vn 0.0764 0.9392 -0.3346
vn -0.1061 0.9392 -0.3264
vn -0.1627 0.9392 -0.3023
vn -0.2947 0.9392 -0.1760
vn -0.3214 0.9392 -0.1206
vn -0.3377 0.9392 -0.0613
vn -0.3377 0.9392 0.0613
vn -0.3214 0.9392 0.1206
vn -0.2947 0.9392 0.1760
vn -0.1627 0.9392 0.3023
vn -0.1061 0.9392 0.3264
vn 0.0764 0.9392 0.3346
vn 0.1349 0.9392 0.3156
vn 0.1891 0.9392 0.2865
vn 0.3092 0.9392 0.1489
vn 0.3309 0.9392 0.0913
vn 0.6211 0.7648 -0.1714
vn 0.5805 0.7648 -0.2796
vn 0.5213 0.7648 -0.3787
vn 0.3549 0.7648 -0.5377
vn 0.2532 0.7648 -0.5925
vn 0.1434 0.7648 -0.6282
vn -0.0865 0.7648 -0.6385
vn -0.1991 0.7648 -0.6128
vn -0.3053 0.7648 -0.5674
vn -0.5531 0.7648 -0.3305
vn -0.6032 0.7648 -0.2264
vn -0.6340 0.7648 -0.1150
vn -0.6340 0.7648 0.1150
vn -0.6032 0.7648 0.2264
vn -0.5531 0.7648 0.3305
vn -0.3053 0.7648 0.5674
vn -0.1991 0.7648 0.6128
vn -0.0865 0.7648 0.6385
vn 0.1434 0.7648 0.6282
vn 0.2532 0.7648 0.5925
vn 0.3549 0.7648 0.5377
vn 0.5213 0.7648 0.3787
vn 0.5805 0.7648 0.2796
vn 0.6211 0.7648 0.1714
vn 0.8357 0.4985 -0.2306
vn 0.7810 0.4985 -0.3761
vn 0.7013 0.4985 -0.5095
vn 0.5991 0.4985 -0.6266
vn 0.4776 0.4985 -0.7235
vn 0.3407 0.4985 -0.7971
vn 0.1929 0.4985 -0.8452
vn 0.0389 0.4985 -0.8660
vn -0.1164 0.4985 -0.8591
vn -0.2679 0.4985 -0.8245
vn -0.4108 0.4985 -0.7634
vn -0.5405 0.4985 -0.6778
vn -0.6528 0.4985 -0.5704
vn -0.7442 0.4985 -0.4446
vn -0.8116 0.4985 -0.3046
vn -0.8530 0.4985 -0.1548
vn -0.8669 0.4985 -0.0000
vn -0.8530 0.4985 0.1548
vn -0.8116 0.4985 0.3046
vn -0.7442 0.4985 0.4446
vn -0.6528 0.4985 0.5704
vn -0.5405 0.4985 0.6778
vn -0.4108 0.4985 0.7634
vn -0.2679 0.4985 0.8245
vn -0.1164 0.4985 0.8591
vn 0.0389 0.4985 0.8660
vn 0.1929 0.4985 0.8452
vn 0.3407 0.4985 0.7971
vn 0.4776 0.4985 0.7235
vn 0.5991 0.4985 0.6266
vn 0.7013 0.4985 0.5095
vn 0.7810 0.4985 0.3761
vn 0.8357 0.4985 0.2306
vn 0.7022 0.7087 -0.0688
vn 0.5108 0.8597 -0.0104
vn 0.3983 0.9160 -0.0485
vn 0.4484 0.8924 -0.0503
vn 0.4595 0.8867 -0.0510
vn 0.4102 0.9108 -0.0456
vn 0.2369 0.9709 -0.0363
vn -0.0355 0.9994 0.0021
vn -0.3192 0.9467 0.0429
vn -0.5195 0.8527 0.0549
vn -0.6951 0.7145 0.0795
vn -0.7673 0.6392 0.0521
vn -0.8856 0.4632 0.0323
vn -0.7039 0.7103 0.0041
vn -0.8871 0.4551 0.0772
vn -0.9837 0.1567 0.0885
vn -0.9494 0.1730 0.2620
vn -0.8874 0.1730 0.4273
vn -0.7968 0.1730 0.5789
vn -0.6806 0.1730 0.7119
vn -0.5426 0.1730 0.8220
vn -0.3871 0.1730 0.9057
vn -0.2192 0.1730 0.9602
vn -0.0442 0.1730 0.9839
vn 0.1322 0.1730 0.9760
vn 0.3044 0.1730 0.9367
vn 0.4667 0.1730 0.8673
vn 0.6141 0.1730 0.7700
vn 0.7417 0.1730 0.6480
vn 0.8455 0.1730 0.5052
vn 0.9221 0.1730 0.3461
vn 0.9691 0.1730 0.1759
vn 0.9849 0.1730 -0.0000
vn 0.9691 0.1730 -0.1759
vn 0.9221 0.1730 -0.3461
vn 0.8455 0.1730 -0.5052
vn 0.7417 0.1730 -0.6480
vn 0.6141 0.1730 -0.7700
vn 0.4667 0.1730 -0.8673
vn 0.3044 0.1730 -0.9367
vn 0.1322 0.1730 -0.9760
vn -0.0442 0.1730 -0.9839
vn -0.2192 0.1730 -0.9602
vn -0.3871 0.1730 -0.9057
vn -0.5426 0.1730 -0.8220
vn -0.6806 0.1730 -0.7119
vn -0.7968 0.1730 -0.5789
vn -0.8874 0.1730 -0.4273
vn -0.9494 0.1730 -0.2620
vn -0.9837 0.1567 -0.0885
vn -0.8871 0.4551 -0.0772
vn -0.7027 0.7091 -0.0585
vn -0.8666 0.4977 -0.0356
vn -0.9537 0.2716 -0.1289
vn -0.7615 0.6417 -0.0909
vn -0.6315 0.7722 -0.0701
vn -0.4986 0.8652 -0.0537
vn -0.3063 0.9511 -0.0398
vn -0.0237 0.9997 -0.0020
vn 0.2553 0.9661 0.0377
vn 0.4289 0.9020 0.0489
vn 0.4397 0.8968 0.0496
vn 0.5133 0.8582 0.0112
vn 0.7039 0.7103 -0.0008
vn 0.8867 0.4549 0.0830
vn 0.9837 0.1567 0.0885
vn 0.9494 0.1730 0.2620
vn 0.8874 0.1730 0.4273
vn 0.7968 0.1730 0.5789
vn 0.6806 0.1730 0.7119
vn 0.5426 0.1730 0.8220
vn 0.3871 0.1730 0.9057
vn 0.2192 0.1730 0.9602
vn 0.0442 0.1730 0.9839
vn -0.1322 0.1730 0.9760
vn -0.3044 0.1730 0.9367
vn -0.4667 0.1730 0.8673
vn -0.6141 0.1730 0.7700
vn -0.7417 0.1730 0.6480
vn -0.8455 0.1730 0.5052
vn -0.9221 0.1730 0.3461
vn -0.9691 0.1730 0.1759
vn -0.9849 0.1730 -0.0000
vn -0.9691 0.1730 -0.1759
vn -0.9221 0.1730 -0.3461
vn -0.8455 0.1730 -0.5052
vn -0.7417 0.1730 -0.6480
vn -0.6141 0.1730 -0.7700
vn -0.4667 0.1730 -0.8673
vn -0.3044 0.1730 -0.9367
vn -0.1322 0.1730 -0.9760
vn 0.0442 0.1730 -0.9839
vn 0.2192 0.1730 -0.9602
vn 0.3871 0.1730 -0.9057
vn 0.5426 0.1730 -0.8220
vn 0.6806 0.1730 -0.7119
vn 0.7968 0.1730 -0.5789
vn 0.8874 0.1730 -0.4273
vn 0.9494 0.1730 -0.2620
vn 0.9837 0.1567 -0.0885
vn 0.8867 0.4549 -0.0830
vn 0.4169 0.8059 0.4204
vn 0.4553 0.7651 0.4553
vn 0.4534 0.7665 0.4549
vn 0.4475 0.7706 0.4537
vn 0.3863 0.8532 0.3506
vn 0.3466 0.8886 0.3003
vn 0.2392 0.9549 0.1761
vn 0.0747 0.9959 0.0506
vn -0.1476 0.9823 -0.1157
vn -0.3151 0.9093 -0.2719
vn -0.3874 0.8521 -0.3518
vn -0.4807 0.7736 -0.4128
vn -0.4923 0.7517 -0.4389
vn -0.4985 0.7308 -0.4662
vn -0.5136 0.6854 -0.5161
vn -0.4756 0.7081 -0.5218
vn -0.3805 0.8131 -0.4406
vn -0.2770 0.9040 -0.3256
vn -0.1425 0.9808 -0.1329
vn 0.0352 0.9979 0.0546
vn 0.2006 0.9524 0.2294
vn 0.2897 0.8948 0.3396
vn 0.3201 0.8709 0.3730
vn 0.3156 0.8744 0.3686
vn 0.4178 0.8041 0.4229
vn -0.3854 0.8432 0.3747
vn -0.4780 0.7370 0.4780
vn -0.4787 0.7383 0.4751
vn -0.3434 0.8633 0.3699
vn -0.2708 0.8978 0.3472
vn -0.2642 0.9028 0.3394
vn -0.1850 0.9535 0.2380
vn -0.0515 0.9959 0.0741
vn 0.1189 0.9829 -0.1408
vn 0.2706 0.8977 -0.3478
vn 0.3684 0.8028 -0.4688
vn 0.4466 0.6850 -0.5756
vn 0.5334 0.4739 -0.7006
vn 0.5569 0.5372 -0.6335
vn 0.4853 0.7286 -0.4834
vn 0.5627 0.6570 -0.5016
vn 0.4737 0.7895 -0.3903
vn 0.3392 0.8991 -0.2767
vn 0.1508 0.9793 -0.1348
vn -0.0530 0.9979 0.0374
vn -0.2314 0.9546 0.1876
vn -0.3374 0.9001 0.2755
vn -0.3655 0.8813 0.2994
vn -0.3553 0.8886 0.2900
vn -0.3181 0.9135 0.2536
vn -0.4797 0.7398 -0.4718
vn -0.4779 0.7370 -0.4779
vn -0.4770 0.7357 -0.4808
vn -0.3960 0.8360 -0.3800
vn -0.3582 0.8865 -0.2929
vn -0.3423 0.8974 -0.2784
vn -0.2366 0.9517 -0.1956
vn -0.0741 0.9959 -0.0515
vn 0.1317 0.9836 0.1233
vn 0.3337 0.9028 0.2712
vn 0.4409 0.8209 0.3630
vn 0.5331 0.7274 0.4320
vn 0.6463 0.5660 0.5118
vn 0.5740 0.6342 0.5180
vn 0.4822 0.7301 0.4841
vn 0.5342 0.5790 0.6159
vn 0.4002 0.7622 0.5089
vn 0.2763 0.8935 0.3540
vn 0.1310 0.9784 0.1599
vn -0.0373 0.9979 -0.0531
vn -0.1786 0.9560 -0.2327
vn -0.2616 0.9051 -0.3352
vn -0.2804 0.8905 -0.3584
vn -0.2674 0.9003 -0.3435
vn -0.2314 0.9244 -0.3032
vn 0.4511 0.7682 -0.4543
vn 0.4552 0.7654 -0.4549
vn 0.4157 0.8079 -0.4178
vn 0.4178 0.8043 -0.4226
vn 0.3177 0.8729 -0.3704
vn 0.2921 0.8920 -0.3450
vn 0.2136 0.9485 -0.2341
vn 0.0476 0.9959 -0.0766
vn -0.1325 0.9848 0.1120
vn -0.2716 0.9072 0.3213
vn -0.3575 0.8369 0.4143
vn -0.4188 0.7602 0.4966
vn -0.4942 0.6231 0.6062
vn -0.4866 0.6962 0.5278
vn -0.5113 0.6925 0.5090
vn -0.4965 0.7366 0.4592
vn -0.4072 0.8349 0.3702
vn -0.3161 0.9073 0.2772
vn -0.1669 0.9776 0.1279
vn 0.0536 0.9979 -0.0366
vn 0.2339 0.9572 -0.1705
vn 0.3415 0.8900 -0.3020
vn 0.3814 0.8581 -0.3438
vn 0.3866 0.8529 -0.3509
vn 0.4446 0.7725 -0.4535
vn 0.0050 0.8251 -0.5650
vn -0.0000 0.7482 -0.6634
vn 0.0019 0.7499 -0.6615
vn 0.0079 0.7548 -0.6559
vn 0.0221 0.7622 -0.6470
vn -0.0586 0.9063 -0.4186
vn -0.0412 0.9541 -0.2966
vn -0.0165 0.9959 -0.0890
vn 0.0191 0.9826 0.1848
vn 0.0601 0.8949 0.4422
vn 0.0108 0.8661 0.4998
vn 0.0547 0.7609 0.6465
vn 0.0378 0.7514 0.6588
vn 0.0214 0.7386 0.6738
vn -0.0015 0.7132 0.7009
vn -0.0374 0.6856 0.7270
vn -0.0496 0.8062 0.5895
vn -0.0395 0.9040 0.4258
vn 0.0014 0.9836 0.1803
vn 0.0202 0.9954 -0.0936
vn 0.0210 0.9454 -0.3251
vn 0.0401 0.8949 -0.4445
vn 0.0421 0.8760 -0.4804
vn 0.0421 0.8826 -0.4682
vn 0.0084 0.8189 -0.5739
vn -0.6175 0.7866 -0.0000
vn -0.6165 0.7873 -0.0000
vn -0.6178 0.7864 0.0001
vn -0.6164 0.7874 -0.0006
vn -0.5015 0.8645 0.0321
vn -0.4556 0.8895 0.0340
vn -0.3426 0.9393 -0.0202
vn -0.0844 0.9957 0.0370
vn 0.1586 0.9859 0.0529
vn 0.4160 0.9088 -0.0316
vn 0.5346 0.8445 -0.0329
vn 0.6340 0.7718 -0.0490
vn 0.7788 0.6223 -0.0795
vn 0.6969 0.7167 -0.0255
vn 0.7568 0.6536 0.0021
vn 0.6880 0.7251 0.0289
vn 0.5598 0.8279 0.0334
vn 0.4181 0.9078 0.0313
vn 0.1611 0.9855 -0.0530
vn -0.0872 0.9951 -0.0468
vn -0.3504 0.9365 0.0113
vn -0.4563 0.8893 -0.0317
vn -0.5020 0.8643 -0.0322
vn -0.4988 0.8661 -0.0324
vn -0.6151 0.7884 0.0013
vn 0.0041 0.7520 0.6591
vn -0.0000 0.7477 0.6640
vn 0.0028 0.8296 0.5584
vn 0.0074 0.8206 0.5715
vn 0.0419 0.8801 0.4730
vn 0.0412 0.8946 0.4449
vn 0.0233 0.9504 0.3102
vn 0.0171 0.9959 0.0889
vn 0.0016 0.9841 -0.1774
vn -0.0395 0.9051 -0.4233
vn -0.0475 0.8292 -0.5570
vn -0.0628 0.7451 -0.6640
vn -0.0857 0.6004 -0.7951
vn -0.0339 0.6690 -0.7424
vn 0.0014 0.7168 -0.6973
vn 0.0251 0.7422 -0.6697
vn 0.0059 0.8615 -0.5077
vn 0.0603 0.8935 -0.4451
vn 0.0195 0.9820 -0.1879
vn -0.0184 0.9954 0.0940
vn -0.0416 0.9503 0.3087
vn -0.0415 0.8957 0.4426
vn -0.0029 0.8261 0.5635
vn 0.0190 0.7605 0.6491
vn 0.0109 0.7564 0.6540
vn -0.8628 0.4987 0.0830
vn -0.6399 0.7653 0.0702
vn -0.5245 0.6511 0.5486
vn -0.4880 0.7660 0.4183
vn -0.4159 0.7659 0.4903
vn -0.3386 0.9396 0.0497
vn -0.2777 0.9392 0.2018
vn -0.1942 0.9394 0.2825
vn 0.0016 1.0000 0.0087
vn -0.0044 1.0000 -0.0073
vn 0.0366 0.9989 0.0292
vn 0.3425 0.9391 -0.0270
vn 0.2777 0.9392 -0.2018
vn 0.2412 0.9391 -0.2449
vn 0.6423 0.7646 -0.0537
vn 0.4293 0.7837 -0.4490
vn 0.4562 0.7654 -0.4540
vn 0.4349 0.7653 -0.4746
vn 0.8641 0.4982 -0.0714
vn -0.0335 0.6663 0.7449
vn -0.0582 0.7657 0.6405
vn 0.0683 0.7654 0.6399
vn 0.5432 0.6926 0.4746
vn 0.4975 0.7655 0.4081
vn -0.0560 0.9396 0.3375
vn 0.0589 0.9395 0.3373
vn 0.1987 0.9396 0.2786
vn 0.2773 0.9397 0.2002
vn -0.0281 0.9996 -0.0038
vn 0.0108 0.9999 -0.0025
vn -0.0096 0.9999 0.0064
vn 0.0120 0.9998 -0.0165
vn 0.0158 0.9393 -0.3428
vn -0.0569 0.9056 -0.4204
vn -0.0396 0.9390 -0.3415
vn -0.2174 0.9391 -0.2661
vn -0.2579 0.9392 -0.2266
vn 0.0284 0.7744 -0.6321
vn 0.0382 0.7651 -0.6427
vn 0.0337 0.7645 -0.6437
vn -0.4017 0.7648 -0.5037
vn -0.4866 0.7632 -0.4252
vn -0.4874 0.7649 -0.4211
vn 0.7623 0.6472 -0.0000
vn 0.6409 0.7660 0.0496
vn 0.6410 0.7660 -0.0489
vn 0.5439 0.6916 -0.4752
vn 0.4979 0.7655 -0.4076
vn 0.3352 0.9383 0.0851
vn 0.3352 0.9383 -0.0857
vn 0.2772 0.9397 -0.2003
vn 0.1986 0.9396 -0.2787
vn -0.0117 0.9914 0.1302
vn -0.0118 0.9913 -0.1312
vn 0.0106 0.9998 0.0145
vn -0.0109 0.9999 -0.0072
vn -0.3451 0.9382 0.0250
vn -0.3444 0.9387 -0.0151
vn -0.2580 0.9392 0.2265
vn -0.2174 0.9391 0.2660
vn -0.6433 0.7654 -0.0169
vn -0.6433 0.7654 0.0166
vn -0.4914 0.7578 0.4293
vn -0.4863 0.7648 0.4225
vn -0.0334 0.6668 -0.7445
vn 0.0598 0.7657 -0.6404
vn -0.0575 0.7657 -0.6406
vn -0.5245 0.6511 -0.5486
vn -0.4155 0.7659 -0.4907
vn -0.4887 0.7660 -0.4176
vn 0.0589 0.9395 -0.3373
vn -0.0561 0.9396 -0.3375
vn -0.1945 0.9394 -0.2822
vn -0.2777 0.9392 -0.2018
vn 0.0108 0.9999 0.0025
vn -0.0282 0.9996 0.0038
vn 0.0319 0.9992 -0.0254
vn -0.0049 1.0000 0.0083
vn -0.0577 0.9029 0.4260
vn -0.0401 0.9391 0.3414
vn 0.0141 0.9392 0.3431
vn 0.2409 0.9391 0.2451
vn 0.2777 0.9392 0.2018
vn 0.0284 0.7745 0.6319
vn 0.0327 0.7646 0.6437
vn 0.0379 0.7651 0.6428
vn 0.4293 0.7836 0.4490
vn 0.4345 0.7653 0.4748
vn 0.4560 0.7654 0.4542
vn -0.8628 0.4987 -0.0830
vn -0.6401 0.7652 -0.0685
vn -0.3384 0.9396 -0.0509
vn 0.0012 1.0000 -0.0068
vn 0.3423 0.9392 0.0280
vn 0.6423 0.7646 0.0538
vn 0.8641 0.4982 0.0714
vn -0.7061 0.7057 0.0590
vn -0.9807 0.1730 0.0912
vn -0.9807 0.1730 -0.0912
vn 0.7006 0.7103 0.0687
vn 0.9813 0.1729 0.0847
vn 0.9813 0.1729 -0.0847
vn 0.3592 0.8844 0.2979
vn -0.3391 0.9126 -0.2283
vn -0.4420 0.7053 0.5542
vn -0.4087 0.7644 0.4987
vn 0.3988 0.7649 -0.5058
vn 0.4039 0.7618 -0.5065
vn -0.4408 0.7242 -0.5303
vn 0.4051 0.7601 0.5080
vn 0.3983 0.7649 0.5062
vn -0.3402 0.9121 0.2288
vn 0.3600 0.8838 -0.2988
vn 0.0613 0.8897 0.4525
vn 0.0605 0.8926 -0.4467
vn 0.8200 0.5675 0.0742
vn 0.8212 0.5653 0.0781
vn 0.8073 0.5796 0.1113
vn 0.8095 0.5751 0.1179
vn 0.7794 0.6040 0.1663
vn 0.7830 0.5962 0.1775
vn 0.6985 0.6634 0.2683
vn 0.7054 0.6458 0.2922
vn 0.5076 0.7539 0.4172
vn 0.5074 0.7422 0.4378
vn 0.1930 0.8199 0.5390
vn 0.1918 0.8179 0.5425
vn -0.1730 0.8178 0.5489
vn -0.1683 0.8109 0.5605
vn -0.4711 0.7515 0.4618
vn -0.4692 0.7397 0.4823
vn -0.6692 0.6655 0.3306
vn -0.6736 0.6507 0.3506
vn -0.7830 0.5937 0.1856
vn -0.7897 0.5813 0.1963
vn -0.8227 0.5635 0.0754
vn -0.8243 0.5608 0.0777
vn 0.9253 0.3565 0.1291
vn 0.9267 0.3537 0.1269
vn 0.9108 0.3652 0.1928
vn 0.9135 0.3595 0.1905
vn 0.8787 0.3832 0.2848
vn 0.8835 0.3727 0.2839
vn 0.7861 0.4277 0.4463
vn 0.7942 0.4057 0.4525
vn 0.5666 0.5010 0.6541
vn 0.5754 0.4794 0.6627
vn 0.2186 0.5523 0.8045
vn 0.2237 0.5427 0.8096
vn -0.1802 0.5460 0.8182
vn -0.1830 0.5404 0.8213
vn -0.5143 0.4968 0.6991
vn -0.5218 0.4779 0.7066
vn -0.7447 0.4311 0.5095
vn -0.7532 0.4069 0.5169
vn -0.8808 0.3744 0.2899
vn -0.8879 0.3553 0.2923
vn -0.9280 0.3532 0.1185
vn -0.9300 0.3485 0.1168
vn -0.7023 0.7107 0.0416
vn -0.8872 0.4551 0.0755
vn -0.9849 0.1556 0.0765
vn -0.9886 0.1380 0.0595
vn -0.9428 0.2307 0.2406
vn -0.8263 0.2358 0.5115
vn -0.6079 0.2536 0.7524
vn -0.2841 0.2773 0.9178
vn 0.1179 0.2831 0.9518
vn 0.5003 0.2515 0.8285
vn 0.7724 0.2116 0.5988
vn 0.9222 0.2281 0.3122
vn 0.9803 0.1718 0.0973
vn 0.9838 0.1554 0.0892
vn 0.8876 0.4553 0.0698
vn 0.7026 0.7109 0.0304
vn 0.6709 0.7416 0.0056
vn 0.6630 0.7485 0.0143
vn 0.6472 0.7621 0.0212
vn 0.6152 0.7877 0.0322
vn 0.5298 0.8463 0.0560
vn 0.3994 0.8783 0.2630
vn -0.0521 0.8870 0.4588
vn -0.4629 0.8360 0.2946
vn -0.6342 0.7579 0.1529
vn -0.6557 0.7526 0.0606
vn -0.6652 0.7462 0.0272
vn -0.6747 0.7381 0.0106
vn -0.6715 0.7410 0.0032
vn 0.6678 0.7439 0.0243
vn 0.6570 0.7529 0.0382
vn 0.6317 0.7728 0.0608
vn 0.5630 0.8184 0.1149
vn 0.3825 0.9084 0.1685
vn 0.1162 0.9861 0.1186
vn -0.1273 0.9710 0.2025
vn 0.8299 0.5577 0.0183
vn 0.9379 0.3449 0.0380
vn 0.9767 0.1202 0.1778
vn 0.9565 0.1263 0.2631
vn 0.9131 0.1670 0.3719
vn 0.7893 0.0893 0.6075
vn 0.5385 0.1026 0.8364
vn 0.2054 0.1203 0.9713
vn -0.1517 0.1120 0.9821
vn -0.3486 0.9208 0.1751
vn -0.4836 0.8699 0.0969
vn -0.5978 0.7992 0.0633
vn -0.6724 0.7394 0.0342
vn -0.8312 0.5560 -0.0011
vn -0.9380 0.3466 0.0072
vn -0.4734 0.0859 0.8767
vn -0.7313 0.0461 0.6805
vn -0.9121 0.0085 0.4099
vn -0.9826 0.0956 0.1592
vn -0.9960 -0.0000 0.0896
vn -0.9640 -0.0000 0.2660
vn -0.9010 -0.0000 0.4339
vn -0.8090 -0.0000 0.5878
vn -0.6911 -0.0000 0.7228
vn -0.5509 -0.0000 0.8346
vn -0.3930 -0.0000 0.9195
vn -0.2225 -0.0000 0.9749
vn -0.0449 -0.0000 0.9990
vn 0.1342 -0.0000 0.9909
vn 0.3090 -0.0000 0.9511
vn 0.4739 -0.0000 0.8806
vn 0.6235 -0.0000 0.7818
vn 0.7531 -0.0000 0.6579
vn 0.8584 -0.0000 0.5129
vn 0.9362 -0.0000 0.3514
vn 0.9839 -0.0000 0.1786
vn 1.0000 -0.0000 -0.0000
vn 0.9839 -0.0000 -0.1786
vn 0.9362 -0.0000 -0.3514
vn 0.8584 -0.0000 -0.5129
vn 0.7531 -0.0000 -0.6579
vn 0.6235 -0.0000 -0.7818
vn 0.4739 -0.0000 -0.8806
vn 0.3090 -0.0000 -0.9511
vn 0.1342 -0.0000 -0.9909
vn -0.0449 -0.0000 -0.9990
vn -0.2225 -0.0000 -0.9749
vn -0.3930 -0.0000 -0.9195
vn -0.5509 -0.0000 -0.8346
vn -0.6911 -0.0000 -0.7228
vn -0.8090 -0.0000 -0.5878
vn -0.9010 -0.0000 -0.4339
vn -0.9640 -0.0000 -0.2660
vn -0.9960 -0.0000 -0.0896
vn -0.8205 0.5652 -0.0856
vn -0.8211 0.5639 -0.0879
vn -0.8082 0.5749 -0.1277
vn -0.8096 0.5721 -0.1317
vn -0.7811 0.5950 -0.1893
vn -0.7834 0.5897 -0.1964
vn -0.7031 0.6462 -0.2967
vn -0.7083 0.6320 -0.3145
vn -0.5248 0.7320 -0.4345
vn -0.5247 0.7185 -0.4565
vn -0.2344 0.8091 -0.5389
vn -0.2297 0.8007 -0.5533
vn 0.1307 0.8244 -0.5507
vn 0.1305 0.8241 -0.5511
vn 0.4514 0.7722 -0.4472
vn 0.4498 0.7632 -0.4639
vn 0.6628 0.6846 -0.3033
vn 0.6681 0.6678 -0.3280
vn 0.7787 0.6055 -0.1642
vn 0.7888 0.5873 -0.1812
vn 0.8213 0.5666 -0.0671
vn 0.8243 0.5616 -0.0713
vn -0.9250 0.3553 -0.1346
vn -0.9265 0.3524 -0.1321
vn -0.9101 0.3626 -0.2005
vn -0.9130 0.3567 -0.1980
vn -0.8773 0.3779 -0.2958
vn -0.8825 0.3667 -0.2945
vn -0.7849 0.4163 -0.4590
vn -0.7932 0.3929 -0.4652
vn -0.5760 0.4823 -0.6600
vn -0.5840 0.4606 -0.6685
vn -0.2480 0.5400 -0.8043
vn -0.2521 0.5314 -0.8088
vn 0.1508 0.5551 -0.8180
vn 0.1548 0.5482 -0.8219
vn 0.5035 0.5151 -0.6937
vn 0.5120 0.4961 -0.7012
vn 0.7444 0.4449 -0.4979
vn 0.7529 0.4220 -0.5051
vn 0.8807 0.3802 -0.2825
vn 0.8871 0.3630 -0.2851
vn 0.9278 0.3542 -0.1169
vn 0.9299 0.3494 -0.1154
vn 0.7024 0.7108 -0.0369
vn 0.8875 0.4553 -0.0717
vn 0.9849 0.1556 -0.0756
vn 0.9909 0.1256 -0.0481
vn 0.9491 0.2339 -0.2110
vn 0.8438 0.2406 -0.4797
vn 0.6321 0.2630 -0.7289
vn 0.3053 0.2925 -0.9062
vn -0.1022 0.2970 -0.9494
vn -0.4817 0.2664 -0.8349
vn -0.7533 0.2323 -0.6153
vn -0.9118 0.2077 -0.3543
vn -0.9748 0.1941 -0.1098
vn -0.9838 0.1554 -0.0899
vn -0.8873 0.4552 -0.0739
vn -0.7024 0.7108 -0.0366
vn -0.6725 0.7400 -0.0125
vn -0.6651 0.7462 -0.0308
vn -0.6515 0.7573 -0.0453
vn -0.6229 0.7796 -0.0651
vn -0.5437 0.8340 -0.0940
vn -0.4231 0.8711 -0.2493
vn -0.0303 0.8779 -0.4779
vn 0.4540 0.8372 -0.3048
vn 0.6431 0.7574 -0.1127
vn 0.6677 0.7439 -0.0270
vn 0.6764 0.7365 -0.0069
vn 0.6718 0.7408 -0.0004
vn -0.6685 0.7427 -0.0382
vn -0.6587 0.7502 -0.0578
vn -0.6362 0.7665 -0.0879
vn -0.5749 0.8045 -0.1494
vn -0.4152 0.8853 -0.2094
vn -0.1598 0.9762 -0.1464
vn 0.0820 0.9832 -0.1631
vn -0.8304 0.5567 -0.0223
vn -0.9378 0.3450 -0.0397
vn -0.9752 0.1366 -0.1743
vn -0.9576 0.1109 -0.2657
vn -0.9093 0.2176 -0.3546
vn -0.7849 0.0534 -0.6173
vn -0.5374 0.0727 -0.8402
vn -0.2127 0.0979 -0.9722
vn 0.1435 0.1035 -0.9842
vn 0.3330 0.9267 -0.1744
vn 0.4640 0.8839 -0.0582
vn 0.6022 0.7971 -0.0435
vn 0.6637 0.7477 -0.0206
vn 0.8310 0.5563 0.0023
vn 0.9380 0.3464 -0.0075
vn 0.4698 0.0869 -0.8785
vn 0.7285 0.0480 -0.6833
vn 0.9075 0.0048 -0.4199
vn 0.9806 0.1102 -0.1623
vn 0.8510 0.4521 -0.2670
vn 0.7799 0.4521 -0.4329
vn 0.6768 0.4521 -0.5810
vn 0.5460 0.4521 -0.7053
vn 0.3928 0.4521 -0.8008
vn 0.2236 0.4521 -0.8635
vn 0.0452 0.4521 -0.8908
vn -0.1351 0.4521 -0.8817
vn -0.3098 0.4521 -0.8364
vn -0.4718 0.4521 -0.7569
vn -0.6145 0.4521 -0.6465
vn -0.7321 0.4521 -0.5095
vn -0.8197 0.4521 -0.3517
vn -0.8737 0.4521 -0.1795
vn -0.8919 0.4521 -0.0000
vn -0.8737 0.4521 0.1795
vn -0.8197 0.4521 0.3517
vn -0.7321 0.4521 0.5095
vn -0.6145 0.4521 0.6465
vn -0.4718 0.4521 0.7569
vn -0.3098 0.4521 0.8364
vn -0.1351 0.4521 0.8817
vn 0.0452 0.4521 0.8908
vn 0.2236 0.4521 0.8635
vn 0.3928 0.4521 0.8008
vn 0.5460 0.4521 0.7053
vn 0.6768 0.4521 0.5810
vn 0.7799 0.4521 0.4329
vn 0.8510 0.4521 0.2670
vn 0.6764 0.7053 -0.2122
vn 0.6198 0.7053 -0.3440
vn 0.5379 0.7053 -0.4618
vn 0.4339 0.7053 -0.5606
vn 0.3122 0.7053 -0.6365
vn 0.1777 0.7053 -0.6863
vn 0.0359 0.7053 -0.7080
vn -0.1074 0.7053 -0.7007
vn -0.2462 0.7053 -0.6648
vn -0.3750 0.7053 -0.6016
vn -0.4884 0.7053 -0.5138
vn -0.5819 0.7053 -0.4050
vn -0.6515 0.7053 -0.2796
vn -0.6944 0.7053 -0.1427
vn -0.7089 0.7053 -0.0000
vn -0.6944 0.7053 0.1427
vn -0.6515 0.7053 0.2796
vn -0.5819 0.7053 0.4050
vn -0.4884 0.7053 0.5138
vn -0.3750 0.7053 0.6016
vn -0.2462 0.7053 0.6648
vn -0.1074 0.7053 0.7007
vn 0.0359 0.7053 0.7080
vn 0.1777 0.7053 0.6863
vn 0.3122 0.7053 0.6365
vn 0.4339 0.7053 0.5606
vn 0.5379 0.7053 0.4618
vn 0.6198 0.7053 0.3440
vn 0.6764 0.7053 0.2122
vn 0.4349 0.8901 -0.1365
vn 0.3986 0.8901 -0.2212
vn 0.3459 0.8901 -0.2969
vn 0.2790 0.8901 -0.3605
vn 0.2008 0.8901 -0.4093
vn 0.1143 0.8901 -0.4413
vn 0.0231 0.8901 -0.4553
vn -0.0690 0.8901 -0.4506
vn -0.1583 0.8901 -0.4275
vn -0.2411 0.8901 -0.3869
vn -0.3141 0.8901 -0.3304
vn -0.3741 0.8901 -0.2604
vn -0.4189 0.8901 -0.1798
vn -0.4465 0.8901 -0.0918
vn -0.4558 0.8901 -0.0000
vn -0.4465 0.8901 0.0918
vn -0.4189 0.8901 0.1798
vn -0.3741 0.8901 0.2604
vn -0.3141 0.8901 0.3304
vn -0.2411 0.8901 0.3869
vn -0.1583 0.8901 0.4275
vn -0.0690 0.8901 0.4506
vn 0.0231 0.8901 0.4553
vn 0.1143 0.8901 0.4413
vn 0.2008 0.8901 0.4093
vn 0.2790 0.8901 0.3605
vn 0.3459 0.8901 0.2969
vn 0.3986 0.8901 0.2212
vn 0.4349 0.8901 0.1365
vn 0.9767 0.1943 -0.0917
vn 0.9731 0.2130 -0.0876
vn 0.9581 0.1105 -0.2644
vn 0.8982 0.0782 -0.4326
vn 0.8076 0.0593 -0.5867
vn 0.6900 0.0542 -0.7217
vn 0.5498 0.0628 -0.8329
vn 0.3916 0.0850 -0.9162
vn 0.2209 0.1207 -0.9678
vn 0.0442 0.1691 -0.9846
vn -0.1328 0.1433 -0.9807
vn -0.3074 0.1012 -0.9462
vn -0.4726 0.0722 -0.8783
vn -0.6225 0.0568 -0.7806
vn -0.7519 0.0551 -0.6569
vn -0.8565 0.0671 -0.5117
vn -0.9322 0.0927 -0.3499
vn -0.9754 0.1316 -0.1770
vn -0.9831 0.1830 -0.0000
vn -0.9754 0.1316 0.1770
vn -0.9322 0.0927 0.3499
vn -0.8565 0.0671 0.5117
vn -0.7519 0.0551 0.6569
vn -0.6225 0.0568 0.7806
vn -0.4726 0.0722 0.8783
vn -0.3074 0.1012 0.9462
vn -0.1328 0.1433 0.9807
vn 0.0442 0.1691 0.9846
vn 0.2209 0.1207 0.9678
vn 0.3916 0.0850 0.9162
vn 0.5498 0.0628 0.8329
vn 0.6900 0.0542 0.7217
vn 0.8076 0.0593 0.5867
vn 0.8982 0.0782 0.4326
vn 0.9581 0.1105 0.2644
vn 0.9731 0.2130 0.0876
vn 0.9767 0.1943 0.0917
vn 0.8293 0.5541 0.0726
vn 0.5550 0.8307 0.0444
vn 0.1951 0.9807 0.0115
vn 0.1564 0.9876 0.0159
vn 0.1500 0.9876 0.0471
vn 0.1375 0.9876 0.0763
vn 0.1193 0.9876 0.1024
vn 0.0962 0.9876 0.1243
vn 0.0692 0.9876 0.1412
vn 0.0394 0.9876 0.1522
vn 0.0080 0.9876 0.1570
vn -0.0238 0.9876 0.1554
vn -0.0546 0.9876 0.1474
vn -0.0832 0.9876 0.1334
vn -0.1083 0.9876 0.1140
vn -0.1290 0.9876 0.0898
vn -0.1445 0.9876 0.0620
vn -0.1540 0.9876 0.0316
vn -0.1572 0.9876 -0.0000
vn -0.1540 0.9876 -0.0316
vn -0.1445 0.9876 -0.0620
vn -0.1290 0.9876 -0.0898
vn -0.1083 0.9876 -0.1140
vn -0.0832 0.9876 -0.1334
vn -0.0546 0.9876 -0.1474
vn -0.0238 0.9876 -0.1554
vn 0.0080 0.9876 -0.1570
vn 0.0394 0.9876 -0.1522
vn 0.0692 0.9876 -0.1412
vn 0.0962 0.9876 -0.1243
vn 0.1193 0.9876 -0.1024
vn 0.1375 0.9876 -0.0763
vn 0.1500 0.9876 -0.0471
vn 0.1564 0.9876 -0.0159
vn 0.1951 0.9807 -0.0115
vn 0.5550 0.8307 -0.0444
vn 0.8293 0.5541 -0.0726
vn 0.9254 0.2437 -0.2903
vn 0.8426 0.2672 -0.4677
vn 0.7288 0.2780 -0.6257
vn 0.5882 0.2765 -0.7600
vn 0.4249 0.2625 -0.8663
vn 0.2436 0.2357 -0.9408
vn 0.0497 0.1953 -0.9795
vn 0.8867 0.4524 -0.0959
vn 0.7041 0.7057 -0.0795
vn 0.4524 0.8903 -0.0522
vn -0.1478 0.2173 -0.9649
vn -0.3362 0.2508 -0.9078
vn -0.5092 0.2711 -0.8169
vn -0.6617 0.2788 -0.6961
vn -0.7893 0.2742 -0.5494
vn -0.8881 0.2570 -0.3811
vn -0.9540 0.2269 -0.1960
vn -0.9540 0.2269 0.1960
vn -0.8881 0.2570 0.3811
vn -0.7893 0.2742 0.5494
vn -0.6617 0.2788 0.6961
vn -0.5092 0.2711 0.8169
vn -0.3362 0.2508 0.9078
vn -0.1478 0.2173 0.9649
vn 0.0497 0.1953 0.9795
vn 0.2436 0.2357 0.9408
vn 0.4249 0.2625 0.8663
vn 0.5882 0.2765 0.7600
vn 0.7288 0.2780 0.6257
vn 0.8426 0.2672 0.4677
vn 0.9254 0.2437 0.2903
vn 0.8867 0.4524 0.0959
vn 0.7041 0.7057 0.0795
vn 0.4524 0.8903 0.0522
vn 0.9926 -0.0000 0.1211
vn 0.9846 0.0195 0.1736
vn 0.8657 0.0251 0.4999
vn 0.6424 0.0356 0.7656
vn 0.3416 0.0491 0.9386
vn -0.0000 0.0523 0.9986
vn -0.3417 0.0423 0.9389
vn -0.6425 0.0316 0.7657
vn -0.8658 0.0246 0.4998
vn -0.9846 0.0213 0.1736
vn -0.9847 0.0157 -0.1736
vn -0.8658 0.0205 -0.4999
vn -0.6425 0.0288 -0.7657
vn -0.3418 0.0392 -0.9390
vn -0.0000 0.0430 -0.9991
vn 0.3418 0.0365 -0.9391
vn 0.6425 0.0285 -0.7657
vn 0.8649 -0.0510 -0.4993
vn 0.9846 0.0194 -0.1736
vn 0.9984 -0.0000 -0.0562
vn 0.9574 -0.0212 -0.2880
vn 0.8182 0.0388 -0.5737
vn 0.5594 -0.0309 -0.8283
vn 0.2584 -0.0396 -0.9652
vn -0.0744 -0.0408 -0.9964
vn -0.4090 -0.0316 -0.9120
vn -0.6983 -0.0217 -0.7155
vn -0.9005 -0.0159 -0.4346
vn -0.9907 -0.0000 -0.1363
vn -0.9976 -0.0000 0.0690
vn -0.9495 -0.0231 0.3130
vn -0.7846 -0.0271 0.6195
vn -0.5331 -0.0348 0.8453
vn -0.2269 -0.0462 0.9728
vn 0.1037 -0.0508 0.9933
vn 0.4326 -0.0406 0.9007
vn 0.7173 -0.0276 0.6962
vn 0.9126 -0.0201 0.4083
vn -0.8802 -0.4485 -0.1552
vn -0.8802 -0.4485 0.1552
vn -0.7017 -0.7017 -0.1237
vn -0.7017 -0.7017 0.1237
vn -0.4525 -0.8882 -0.0798
vn -0.4525 -0.8882 0.0798
vn 0.9655 -0.1921 -0.1759
vn 0.9655 -0.1921 0.1759
vn 0.8217 -0.5490 0.1532
vn 0.5525 -0.8268 0.1055
vn 0.1949 -0.9800 0.0395
vn 0.1949 -0.9800 -0.0395
vn 0.5525 -0.8268 -0.1055
vn 0.8217 -0.5490 -0.1532
vn 0.8811 -0.4482 -0.1511
vn 0.7031 -0.7012 -0.1185
vn 0.4538 -0.8879 -0.0761
vn 0.8811 -0.4482 0.1511
vn 0.7031 -0.7012 0.1185
vn 0.4538 -0.8879 0.0761
vn 0.9669 -0.1923 0.1677
vn 0.8232 -0.5500 0.1408
vn 0.5532 -0.8279 0.0931
vn 0.1950 -0.9803 0.0313
vn 0.1950 -0.9803 -0.0313
vn 0.5532 -0.8279 -0.0931
vn 0.8232 -0.5500 -0.1408
vn 0.9669 -0.1923 -0.1677
vn 0.8798 -0.4486 -0.1573
vn 0.7009 -0.7019 -0.1265
vn 0.4518 -0.8883 -0.0819
vn 0.8798 -0.4486 0.1573
vn 0.7009 -0.7019 0.1265
vn 0.4518 -0.8883 0.0819
vn -0.5141 0.1792 0.8388
vn -0.6879 0.4260 0.5876
vn 0.6880 0.4260 0.5876
vn 0.6880 0.4260 -0.5876
vn -0.5141 0.1792 -0.8388
vn -0.6879 0.4260 -0.5876
s 0
f 1//1 2//1 3//1
f 4//1 2//1 1//1
f 5//2 6//2 2//2
f 4//2 5//2 2//2
f 5//3 7//3 6//3
f 8//4 7//4 5//4
f 8//5 9//5 7//5
f 10//5 9//5 8//5
f 10//6 11//6 9//6
f 12//7 11//7 10//7
f 12//8 13//8 11//8
f 14//8 13//8 12//8
f 14//9 15//9 13//9
f 16//10 15//10 14//10
f 17//11 18//11 15//11
f 16//11 17//11 15//11
f 19//12 20//12 18//12
f 17//12 19//12 18//12
f 21//13 22//13 20//13
f 19//13 21//13 20//13
f 23//14 24//14 22//14
f 21//14 23//14 22//14
f 25//15 26//15 24//15
f 23//16 25//16 24//16
f 27//17 28//17 26//17
f 25//17 27//17 26//17
f 29//18 30//18 28//18
f 27//19 29//19 28//19
f 29//20 31//20 30//20
f 32//20 31//20 29//20
f 33//21 34//21 31//21
f 32//21 33//21 31//21
f 35//22 4//22 1//22
f 36//22 4//22 35//22
f 36//23 5//23 4//23
f 37//23 5//23 36//23
f 38//24 8//24 5//24
f 37//25 38//25 5//25
f 39//26 10//26 8//26
f 38//26 39//26 8//26
f 40//27 12//27 10//27
f 39//27 40//27 10//27
f 40//28 14//28 12//28
f 41//28 14//28 40//28
f 41//29 16//29 14//29
f 42//30 16//30 41//30
f 43//31 17//31 16//31
f 42//31 43//31 16//31
f 43//32 19//32 17//32
f 44//32 19//32 43//32
f 45//33 21//33 19//33
f 44//33 45//33 19//33
f 46//34 23//34 21//34
f 45//34 46//34 21//34
f 46//35 25//35 23//35
f 47//36 25//36 46//36
f 47//37 27//37 25//37
f 48//37 27//37 47//37
f 48//38 29//38 27//38
f 49//39 29//39 48//39
f 50//40 32//40 29//40
f 49//41 50//41 29//41
f 51//42 33//42 32//42
f 50//43 51//43 32//43
f 52//44 36//44 35//44
f 53//44 52//44 35//44
f 52//45 37//45 36//45
f 54//45 37//45 52//45
f 54//46 38//46 37//46
f 55//46 38//46 54//46
f 55//47 39//47 38//47
f 56//47 39//47 55//47
f 56//48 40//48 39//48
f 57//48 40//48 56//48
f 58//49 41//49 40//49
f 57//50 58//50 40//50
f 59//51 42//51 41//51
f 58//51 59//51 41//51
f 59//52 43//52 42//52
f 60//52 43//52 59//52
f 61//53 44//53 43//53
f 60//53 61//53 43//53
f 61//54 45//54 44//54
f 62//54 45//54 61//54
f 62//55 46//55 45//55
f 63//56 46//56 62//56
f 64//57 47//57 46//57
f 63//57 64//57 46//57
f 65//58 48//58 47//58
f 64//59 65//59 47//59
f 66//60 49//60 48//60
f 65//60 66//60 48//60
f 67//61 50//61 49//61
f 66//61 67//61 49//61
f 67//62 51//62 50//62
f 68//62 51//62 67//62
f 18//63 69//63 70//63
f 20//64 71//64 69//64
f 22//65 72//65 71//65
f 24//66 73//66 72//66
f 26//67 74//67 73//67
f 28//68 75//68 74//68
f 31//69 76//69 75//69
f 34//70 77//70 76//70
f 34//71 78//71 77//71
f 34//72 79//72 78//72
f 33//73 80//73 79//73
f 51//74 81//74 80//74
f 68//75 82//75 81//75
f 68//76 83//76 82//76
f 67//77 84//77 83//77
f 66//78 85//78 84//78
f 65//79 86//79 85//79
f 64//80 87//80 86//80
f 63//81 88//81 87//81
f 62//82 89//82 88//82
f 61//83 90//83 89//83
f 60//84 91//84 90//84
f 59//85 92//85 91//85
f 58//86 93//86 92//86
f 57//87 94//87 93//87
f 56//88 95//88 94//88
f 55//89 96//89 95//89
f 54//90 97//90 96//90
f 52//91 98//91 97//91
f 53//92 99//92 98//92
f 53//93 82//93 99//93
f 53//94 81//94 82//94
f 35//95 80//95 81//95
f 1//96 79//96 80//96
f 3//97 78//97 79//97
f 3//98 100//98 78//98
f 3//99 101//99 100//99
f 2//100 102//100 101//100
f 6//101 103//101 102//101
f 7//102 104//102 103//102
f 9//103 105//103 104//103
f 11//104 106//104 105//104
f 13//105 107//105 106//105
f 15//106 70//106 107//106
f 101//99 3//99 2//99
f 102//100 2//100 6//100
f 103//101 6//101 7//101
f 104//102 7//102 9//102
f 105//103 9//103 11//103
f 106//104 11//104 13//104
f 107//107 13//107 15//107
f 79//108 1//108 3//108
f 80//109 35//109 1//109
f 81//110 53//110 35//110
f 98//92 52//92 53//92
f 97//91 54//91 52//91
f 96//90 55//90 54//90
f 95//89 56//89 55//89
f 94//88 57//88 56//88
f 93//87 58//87 57//87
f 92//86 59//86 58//86
f 70//106 15//106 18//106
f 69//63 18//63 20//63
f 71//64 20//64 22//64
f 72//65 22//65 24//65
f 73//66 24//66 26//66
f 74//67 26//67 28//67
f 75//68 28//68 30//68
f 75//111 30//111 31//111
f 91//85 60//85 59//85
f 90//84 61//84 60//84
f 89//83 62//83 61//83
f 88//82 63//82 62//82
f 87//81 64//81 63//81
f 86//80 65//80 64//80
f 85//79 66//79 65//79
f 84//78 67//78 66//78
f 76//70 31//70 34//70
f 79//112 34//112 33//112
f 80//113 33//113 51//113
f 81//114 51//114 68//114
f 83//77 68//77 67//77
f 108//115 109//115 110//115
f 111//116 108//116 110//116
f 112//117 113//117 109//117
f 108//117 112//117 109//117
f 114//118 115//118 113//118
f 112//118 114//118 113//118
f 116//119 117//119 115//119
f 114//119 116//119 115//119
f 116//120 118//120 117//120
f 119//120 118//120 116//120
f 119//121 120//121 118//121
f 121//121 120//121 119//121
f 121//122 122//122 120//122
f 123//123 122//123 121//123
f 123//124 124//124 122//124
f 125//124 124//124 123//124
f 126//125 127//125 124//125
f 125//125 126//125 124//125
f 128//126 129//126 127//126
f 126//127 128//127 127//127
f 130//128 131//128 129//128
f 128//128 130//128 129//128
f 132//129 133//129 131//129
f 130//129 132//129 131//129
f 134//130 135//130 133//130
f 132//130 134//130 133//130
f 134//131 136//131 135//131
f 137//131 136//131 134//131
f 137//132 138//132 136//132
f 139//132 138//132 137//132
f 139//133 140//133 138//133
f 141//134 140//134 139//134
f 142//135 108//135 111//135
f 143//136 108//136 142//136
f 143//137 112//137 108//137
f 144//138 112//138 143//138
f 144//139 114//139 112//139
f 145//139 114//139 144//139
f 146//140 116//140 114//140
f 145//140 146//140 114//140
f 147//141 119//141 116//141
f 146//141 147//141 116//141
f 148//142 121//142 119//142
f 147//142 148//142 119//142
f 149//143 123//143 121//143
f 148//144 149//144 121//144
f 150//145 125//145 123//145
f 149//146 150//146 123//146
f 150//147 126//147 125//147
f 151//148 126//148 150//148
f 151//149 128//149 126//149
f 152//150 128//150 151//150
f 152//151 130//151 128//151
f 153//151 130//151 152//151
f 153//152 132//152 130//152
f 154//152 132//152 153//152
f 155//153 134//153 132//153
f 154//153 155//153 132//153
f 156//154 137//154 134//154
f 155//154 156//154 134//154
f 157//155 139//155 137//155
f 156//156 157//156 137//156
f 158//157 141//157 139//157
f 157//158 158//158 139//158
f 159//159 143//159 142//159
f 160//159 159//159 142//159
f 161//160 144//160 143//160
f 159//160 161//160 143//160
f 162//161 145//161 144//161
f 161//162 162//162 144//162
f 163//163 146//163 145//163
f 162//163 163//163 145//163
f 163//164 147//164 146//164
f 164//165 147//165 163//165
f 164//166 148//166 147//166
f 165//166 148//166 164//166
f 165//167 149//167 148//167
f 166//167 149//167 165//167
f 166//168 150//168 149//168
f 167//169 150//169 166//169
f 168//170 151//170 150//170
f 167//171 168//171 150//171
f 169//172 152//172 151//172
f 168//172 169//172 151//172
f 170//173 153//173 152//173
f 169//173 170//173 152//173
f 171//174 154//174 153//174
f 170//175 171//175 153//175
f 172//176 155//176 154//176
f 171//176 172//176 154//176
f 172//177 156//177 155//177
f 173//178 156//178 172//178
f 173//179 157//179 156//179
f 174//179 157//179 173//179
f 174//180 158//180 157//180
f 175//180 158//180 174//180
f 124//181 176//181 177//181
f 127//182 178//182 176//182
f 129//183 179//183 178//183
f 131//184 180//184 179//184
f 133//185 181//185 180//185
f 135//186 182//186 181//186
f 138//187 183//187 182//187
f 140//188 184//188 183//188
f 140//189 185//189 184//189
f 140//190 186//190 185//190
f 141//191 187//191 186//191
f 158//192 188//192 187//192
f 175//193 189//193 188//193
f 175//194 190//194 189//194
f 174//195 191//195 190//195
f 173//196 192//196 191//196
f 172//197 193//197 192//197
f 171//198 194//198 193//198
f 170//199 195//199 194//199
f 169//200 196//200 195//200
f 168//201 197//201 196//201
f 167//202 198//202 197//202
f 166//203 199//203 198//203
f 165//204 200//204 199//204
f 164//205 201//205 200//205
f 163//206 202//206 201//206
f 162//207 203//207 202//207
f 161//208 204//208 203//208
f 159//209 205//209 204//209
f 160//210 206//210 205//210
f 160//211 189//211 206//211
f 160//212 188//212 189//212
f 142//213 187//213 188//213
f 111//214 186//214 187//214
f 110//215 185//215 186//215
f 110//216 207//216 185//216
f 110//217 208//217 207//217
f 109//218 209//218 208//218
f 113//219 210//219 209//219
f 115//220 211//220 210//220
f 117//221 212//221 211//221
f 118//222 213//222 212//222
f 120//223 214//223 213//223
f 122//224 177//224 214//224
f 208//217 110//217 109//217
f 209//218 109//218 113//218
f 210//219 113//219 115//219
f 211//220 115//220 117//220
f 212//221 117//221 118//221
f 213//222 118//222 120//222
f 214//223 120//223 122//223
f 186//225 111//225 110//225
f 187//226 142//226 111//226
f 188//227 160//227 142//227
f 205//210 159//210 160//210
f 204//209 161//209 159//209
f 203//208 162//208 161//208
f 202//207 163//207 162//207
f 201//206 164//206 163//206
f 200//205 165//205 164//205
f 199//204 166//204 165//204
f 177//224 122//224 124//224
f 176//181 124//181 127//181
f 178//228 127//228 129//228
f 179//183 129//183 131//183
f 180//184 131//184 133//184
f 181//185 133//185 135//185
f 182//186 135//186 136//186
f 182//187 136//187 138//187
f 198//203 167//203 166//203
f 197//202 168//202 167//202
f 196//201 169//201 168//201
f 195//200 170//200 169//200
f 194//199 171//199 170//199
f 193//198 172//198 171//198
f 192//197 173//197 172//197
f 191//196 174//196 173//196
f 183//188 138//188 140//188
f 186//229 140//229 141//229
f 187//230 141//230 158//230
f 188//231 158//231 175//231
f 190//195 175//195 174//195
f 215//232 216//232 217//232
f 218//232 216//232 215//232
f 219//233 220//233 216//233
f 218//233 219//233 216//233
f 219//234 221//234 220//234
f 222//235 221//235 219//235
f 222//236 223//236 221//236
f 224//236 223//236 222//236
f 224//237 225//237 223//237
f 226//238 225//238 224//238
f 226//239 227//239 225//239
f 228//239 227//239 226//239
f 228//240 229//240 227//240
f 230//240 229//240 228//240
f 231//241 232//241 229//241
f 230//242 231//242 229//242
f 233//243 234//243 232//243
f 231//243 233//243 232//243
f 235//244 236//244 234//244
f 233//245 235//245 234//245
f 237//246 238//246 236//246
f 235//246 237//246 236//246
f 239//247 240//247 238//247
f 237//248 239//248 238//248
f 241//249 242//249 240//249
f 239//249 241//249 240//249
f 243//250 244//250 242//250
f 241//251 243//251 242//251
f 243//252 245//252 244//252
f 246//252 245//252 243//252
f 247//253 248//253 245//253
f 246//253 247//253 245//253
f 249//254 218//254 215//254
f 250//255 218//255 249//255
f 250//256 219//256 218//256
f 251//257 219//257 250//257
f 252//258 222//258 219//258
f 251//259 252//259 219//259
f 253//260 224//260 222//260
f 252//260 253//260 222//260
f 254//261 226//261 224//261
f 253//262 254//262 224//262
f 254//263 228//263 226//263
f 255//263 228//263 254//263
f 255//264 230//264 228//264
f 256//264 230//264 255//264
f 257//265 231//265 230//265
f 256//265 257//265 230//265
f 257//266 233//266 231//266
f 258//266 233//266 257//266
f 259//267 235//267 233//267
f 258//268 259//268 233//268
f 260//269 237//269 235//269
f 259//269 260//269 235//269
f 260//270 239//270 237//270
f 261//270 239//270 260//270
f 261//271 241//271 239//271
f 262//271 241//271 261//271
f 262//272 243//272 241//272
f 263//273 243//273 262//273
f 264//274 246//274 243//274
f 263//274 264//274 243//274
f 265//275 247//275 246//275
f 264//275 265//275 246//275
f 266//276 250//276 249//276
f 267//276 266//276 249//276
f 266//277 251//277 250//277
f 268//277 251//277 266//277
f 268//278 252//278 251//278
f 269//278 252//278 268//278
f 269//279 253//279 252//279
f 270//280 253//280 269//280
f 270//281 254//281 253//281
f 271//281 254//281 270//281
f 272//282 255//282 254//282
f 271//283 272//283 254//283
f 273//284 256//284 255//284
f 272//284 273//284 255//284
f 273//285 257//285 256//285
f 274//285 257//285 273//285
f 275//286 258//286 257//286
f 274//286 275//286 257//286
f 275//287 259//287 258//287
f 276//287 259//287 275//287
f 276//288 260//288 259//288
f 277//289 260//289 276//289
f 278//290 261//290 260//290
f 277//290 278//290 260//290
f 279//291 262//291 261//291
f 278//291 279//291 261//291
f 280//292 263//292 262//292
f 279//292 280//292 262//292
f 281//293 264//293 263//293
f 280//293 281//293 263//293
f 281//294 265//294 264//294
f 282//294 265//294 281//294
f 232//295 283//295 284//295
f 234//296 285//296 283//296
f 236//297 286//297 285//297
f 238//298 287//298 286//298
f 240//299 288//299 287//299
f 242//300 289//300 288//300
f 245//301 290//301 289//301
f 248//302 291//302 290//302
f 248//303 292//303 291//303
f 248//304 293//304 292//304
f 247//305 294//305 293//305
f 265//306 295//306 294//306
f 282//307 296//307 295//307
f 282//308 297//308 296//308
f 281//309 298//309 297//309
f 280//310 299//310 298//310
f 279//311 300//311 299//311
f 278//312 301//312 300//312
f 277//313 302//313 301//313
f 276//314 303//314 302//314
f 275//315 304//315 303//315
f 274//316 305//316 304//316
f 273//317 306//317 305//317
f 272//318 307//318 306//318
f 271//319 308//319 307//319
f 270//320 309//320 308//320
f 269//321 310//321 309//321
f 268//322 311//322 310//322
f 266//323 312//323 311//323
f 267//324 313//324 312//324
f 267//325 296//325 313//325
f 267//326 295//326 296//326
f 249//327 294//327 295//327
f 215//328 293//328 294//328
f 217//329 292//329 293//329
f 217//330 314//330 292//330
f 217//331 315//331 314//331
f 216//332 316//332 315//332
f 220//333 317//333 316//333
f 221//334 318//334 317//334
f 223//335 319//335 318//335
f 225//336 320//336 319//336
f 227//337 321//337 320//337
f 229//338 284//338 321//338
f 315//331 217//331 216//331
f 316//339 216//339 220//339
f 317//333 220//333 221//333
f 318//334 221//334 223//334
f 319//335 223//335 225//335
f 320//336 225//336 227//336
f 321//337 227//337 229//337
f 293//340 215//340 217//340
f 294//341 249//341 215//341
f 295//342 267//342 249//342
f 312//324 266//324 267//324
f 311//323 268//323 266//323
f 310//322 269//322 268//322
f 309//321 270//321 269//321
f 308//320 271//320 270//320
f 307//319 272//319 271//319
f 306//318 273//318 272//318
f 284//338 229//338 232//338
f 283//343 232//343 234//343
f 285//296 234//296 236//296
f 286//297 236//297 238//297
f 287//298 238//298 240//298
f 288//344 240//344 242//344
f 289//300 242//300 244//300
f 289//301 244//301 245//301
f 305//317 274//317 273//317
f 304//316 275//316 274//316
f 303//315 276//315 275//315
f 302//314 277//314 276//314
f 301//313 278//313 277//313
f 300//312 279//312 278//312
f 299//311 280//311 279//311
f 298//310 281//310 280//310
f 290//302 245//302 248//302
f 293//345 248//345 247//345
f 294//346 247//346 265//346
f 295//347 265//347 282//347
f 297//309 282//309 281//309
f 322//348 323//348 324//348
f 325//349 322//349 324//349
f 326//350 327//350 323//350
f 322//350 326//350 323//350
f 328//351 329//351 327//351
f 326//351 328//351 327//351
f 330//352 331//352 329//352
f 328//352 330//352 329//352
f 330//353 332//353 331//353
f 333//353 332//353 330//353
f 333//354 334//354 332//354
f 335//354 334//354 333//354
f 335//355 336//355 334//355
f 337//356 336//356 335//356
f 337//357 338//357 336//357
f 339//357 338//357 337//357
f 340//358 341//358 338//358
f 339//358 340//358 338//358
f 342//359 343//359 341//359
f 340//360 342//360 341//360
f 344//361 345//361 343//361
f 342//361 344//361 343//361
f 346//362 347//362 345//362
f 344//362 346//362 345//362
f 348//363 349//363 347//363
f 346//363 348//363 347//363
f 348//364 350//364 349//364
f 351//364 350//364 348//364
f 351//365 352//365 350//365
f 353//365 352//365 351//365
f 353//366 354//366 352//366
f 355//367 354//367 353//367
f 356//368 322//368 325//368
f 357//369 322//369 356//369
f 357//370 326//370 322//370
f 358//370 326//370 357//370
f 358//371 328//371 326//371
f 359//371 328//371 358//371
f 360//372 330//372 328//372
f 359//372 360//372 328//372
f 361//373 333//373 330//373
f 360//373 361//373 330//373
f 362//374 335//374 333//374
f 361//374 362//374 333//374
f 363//375 337//375 335//375
f 362//376 363//376 335//376
f 364//377 339//377 337//377
f 363//377 364//377 337//377
f 364//378 340//378 339//378
f 365//378 340//378 364//378
f 365//379 342//379 340//379
f 366//380 342//380 365//380
f 366//381 344//381 342//381
f 367//381 344//381 366//381
f 367//382 346//382 344//382
f 368//382 346//382 367//382
f 369//383 348//383 346//383
f 368//383 369//383 346//383
f 370//384 351//384 348//384
f 369//384 370//384 348//384
f 371//385 353//385 351//385
f 370//385 371//385 351//385
f 372//386 355//386 353//386
f 371//387 372//387 353//387
f 373//388 357//388 356//388
f 374//388 373//388 356//388
f 375//389 358//389 357//389
f 373//389 375//389 357//389
f 376//390 359//390 358//390
f 375//390 376//390 358//390
f 377//391 360//391 359//391
f 376//391 377//391 359//391
f 377//392 361//392 360//392
f 378//392 361//392 377//392
f 378//393 362//393 361//393
f 379//393 362//393 378//393
f 379//394 363//394 362//394
f 380//394 363//394 379//394
f 380//395 364//395 363//395
f 381//395 364//395 380//395
f 382//396 365//396 364//396
f 381//396 382//396 364//396
f 383//397 366//397 365//397
f 382//397 383//397 365//397
f 384//398 367//398 366//398
f 383//398 384//398 366//398
f 385//399 368//399 367//399
f 384//399 385//399 367//399
f 386//400 369//400 368//400
f 385//400 386//400 368//400
f 386//401 370//401 369//401
f 387//401 370//401 386//401
f 387//402 371//402 370//402
f 388//402 371//402 387//402
f 388//403 372//403 371//403
f 389//403 372//403 388//403
f 338//404 390//404 391//404
f 341//405 392//405 390//405
f 343//406 393//406 392//406
f 345//407 394//407 393//407
f 347//408 395//408 394//408
f 349//409 396//409 395//409
f 352//410 397//410 396//410
f 354//411 398//411 397//411
f 354//412 399//412 398//412
f 354//413 400//413 399//413
f 355//414 401//414 400//414
f 372//415 402//415 401//415
f 389//416 403//416 402//416
f 389//417 404//417 403//417
f 388//418 405//418 404//418
f 387//419 406//419 405//419
f 386//420 407//420 406//420
f 385//421 408//421 407//421
f 384//422 409//422 408//422
f 383//423 410//423 409//423
f 382//424 411//424 410//424
f 381//425 412//425 411//425
f 380//426 413//426 412//426
f 379//427 414//427 413//427
f 378//428 415//428 414//428
f 377//429 416//429 415//429
f 376//430 417//430 416//430
f 375//431 418//431 417//431
f 373//432 419//432 418//432
f 374//433 420//433 419//433
f 374//434 403//434 420//434
f 374//435 402//435 403//435
f 356//436 401//436 402//436
f 325//437 400//437 401//437
f 324//438 399//438 400//438
f 324//439 421//439 399//439
f 324//440 422//440 421//440
f 323//441 423//441 422//441
f 327//442 424//442 423//442
f 329//443 425//443 424//443
f 331//444 426//444 425//444
f 332//445 427//445 426//445
f 334//446 428//446 427//446
f 336//447 391//447 428//447
f 422//440 324//440 323//440
f 423//441 323//441 327//441
f 424//442 327//442 329//442
f 425//443 329//443 331//443
f 426//444 331//444 332//444
f 427//445 332//445 334//445
f 428//446 334//446 336//446
f 400//448 325//448 324//448
f 401//449 356//449 325//449
f 402//450 374//450 356//450
f 419//433 373//433 374//433
f 418//451 375//451 373//451
f 417//431 376//431 375//431
f 416//430 377//430 376//430
f 415//429 378//429 377//429
f 414//428 379//428 378//428
f 413//427 380//427 379//427
f 391//447 336//447 338//447
f 390//404 338//404 341//404
f 392//405 341//405 343//405
f 393//406 343//406 345//406
f 394//407 345//407 347//407
f 395//408 347//408 349//408
f 396//409 349//409 350//409
f 396//410 350//410 352//410
f 412//426 381//426 380//426
f 411//425 382//425 381//425
f 410//424 383//424 382//424
f 409//452 384//452 383//452
f 408//422 385//422 384//422
f 407//421 386//421 385//421
f 406//420 387//420 386//420
f 405//419 388//419 387//419
f 397//411 352//411 354//411
f 400//453 354//453 355//453
f 401//454 355//454 372//454
f 402//455 372//455 389//455
f 404//418 389//418 388//418
f 429//13 430//13 431//13
f 432//13 430//13 429//13
f 433//14 434//14 430//14
f 432//14 433//14 430//14
f 433//15 435//15 434//15
f 436//16 435//16 433//16
f 436//17 437//17 435//17
f 438//17 437//17 436//17
f 438//456 439//456 437//456
f 440//18 439//18 438//18
f 440//20 441//20 439//20
f 442//20 441//20 440//20
f 442//21 443//21 441//21
f 444//457 443//457 442//457
f 445//458 446//458 443//458
f 444//458 445//458 443//458
f 447//459 448//459 446//459
f 445//459 447//459 446//459
f 449//1 450//1 448//1
f 447//1 449//1 448//1
f 451//2 452//2 450//2
f 449//2 451//2 450//2
f 453//3 454//3 452//3
f 451//4 453//4 452//4
f 455//5 456//5 454//5
f 453//5 455//5 454//5
f 457//7 458//7 456//7
f 455//460 457//460 456//460
f 457//8 459//8 458//8
f 460//8 459//8 457//8
f 461//9 462//9 459//9
f 460//9 461//9 459//9
f 463//33 432//33 429//33
f 464//33 432//33 463//33
f 464//34 433//34 432//34
f 465//34 433//34 464//34
f 466//36 436//36 433//36
f 465//35 466//35 433//35
f 467//37 438//37 436//37
f 466//37 467//37 436//37
f 468//38 440//38 438//38
f 467//38 468//38 438//38
f 468//41 442//41 440//41
f 469//41 442//41 468//41
f 469//43 444//43 442//43
f 470//42 444//42 469//42
f 471//461 445//461 444//461
f 470//461 471//461 444//461
f 471//462 447//462 445//462
f 472//462 447//462 471//462
f 473//22 449//22 447//22
f 472//22 473//22 447//22
f 474//23 451//23 449//23
f 473//23 474//23 449//23
f 474//25 453//25 451//25
f 475//24 453//24 474//24
f 475//26 455//26 453//26
f 476//26 455//26 475//26
f 476//27 457//27 455//27
f 477//463 457//463 476//463
f 478//464 460//464 457//464
f 477//28 478//28 457//28
f 479//30 461//30 460//30
f 478//29 479//29 460//29
f 480//54 464//54 463//54
f 481//54 480//54 463//54
f 480//56 465//56 464//56
f 482//56 465//56 480//56
f 482//57 466//57 465//57
f 483//57 466//57 482//57
f 483//59 467//59 466//59
f 484//59 467//59 483//59
f 484//60 468//60 467//60
f 485//60 468//60 484//60
f 486//465 469//465 468//465
f 485//61 486//61 468//61
f 487//62 470//62 469//62
f 486//62 487//62 469//62
f 487//466 471//466 470//466
f 488//466 471//466 487//466
f 489//467 472//467 471//467
f 488//467 489//467 471//467
f 489//44 473//44 472//44
f 490//44 473//44 489//44
f 490//468 474//468 473//468
f 491//45 474//45 490//45
f 492//46 475//46 474//46
f 491//46 492//46 474//46
f 493//469 476//469 475//469
f 492//47 493//47 475//47
f 494//48 477//48 476//48
f 493//48 494//48 476//48
f 495//50 478//50 477//50
f 494//50 495//50 477//50
f 495//51 479//51 478//51
f 496//51 479//51 495//51
f 446//98 497//98 498//98
f 448//99 499//99 497//99
f 450//100 500//100 499//100
f 452//101 501//101 500//101
f 454//102 502//102 501//102
f 456//103 503//103 502//103
f 459//104 504//104 503//104
f 462//105 505//105 504//105
f 462//106 506//106 505//106
f 462//470 507//470 506//470
f 461//471 508//471 507//471
f 479//472 509//472 508//472
f 496//473 510//473 509//473
f 496//85 511//85 510//85
f 495//86 512//86 511//86
f 494//87 513//87 512//87
f 493//88 514//88 513//88
f 492//89 515//89 514//89
f 491//90 516//90 515//90
f 490//91 517//91 516//91
f 489//92 518//92 517//92
f 488//93 519//93 518//93
f 487//76 520//76 519//76
f 486//77 521//77 520//77
f 485//78 522//78 521//78
f 484//79 523//79 522//79
f 483//80 524//80 523//80
f 482//81 525//81 524//81
f 480//82 526//82 525//82
f 481//83 527//83 526//83
f 481//84 510//84 527//84
f 481//474 509//474 510//474
f 463//475 508//475 509//475
f 429//476 507//476 508//476
f 431//477 506//477 507//477
f 431//63 528//63 506//63
f 431//64 529//64 528//64
f 430//65 530//65 529//65
f 434//66 531//66 530//66
f 435//67 532//67 531//67
f 437//68 533//68 532//68
f 439//69 534//69 533//69
f 441//70 535//70 534//70
f 443//71 498//71 535//71
f 529//64 431//64 430//64
f 530//65 430//65 434//65
f 531//66 434//66 435//66
f 532//67 435//67 437//67
f 533//68 437//68 439//68
f 534//69 439//69 441//69
f 535//478 441//478 443//478
f 507//479 429//479 431//479
f 508//480 463//480 429//480
f 509//481 481//481 463//481
f 526//83 480//83 481//83
f 525//82 482//82 480//82
f 524//81 483//81 482//81
f 523//80 484//80 483//80
f 522//79 485//79 484//79
f 521//78 486//78 485//78
f 520//77 487//77 486//77
f 498//71 443//71 446//71
f 497//98 446//98 448//98
f 499//99 448//99 450//99
f 500//100 450//100 452//100
f 501//101 452//101 454//101
f 502//102 454//102 456//102
f 503//103 456//103 458//103
f 503//482 458//482 459//482
f 519//76 488//76 487//76
f 518//93 489//93 488//93
f 517//92 490//92 489//92
f 516//91 491//91 490//91
f 515//90 492//90 491//90
f 514//89 493//89 492//89
f 513//88 494//88 493//88
f 512//87 495//87 494//87
f 504//105 459//105 462//105
f 507//483 462//483 461//483
f 508//484 461//484 479//484
f 509//485 479//485 496//485
f 511//86 496//86 495//86
f 536//126 537//126 538//126
f 539//127 536//127 538//127
f 540//128 541//128 537//128
f 536//128 540//128 537//128
f 542//129 543//129 541//129
f 540//129 542//129 541//129
f 544//130 545//130 543//130
f 542//130 544//130 543//130
f 544//131 546//131 545//131
f 547//131 546//131 544//131
f 547//132 548//132 546//132
f 549//132 548//132 547//132
f 549//133 550//133 548//133
f 551//134 550//134 549//134
f 551//486 552//486 550//486
f 553//486 552//486 551//486
f 554//487 555//487 552//487
f 553//487 554//487 552//487
f 556//115 557//115 555//115
f 554//116 556//116 555//116
f 558//117 559//117 557//117
f 556//117 558//117 557//117
f 560//118 561//118 559//118
f 558//118 560//118 559//118
f 562//119 563//119 561//119
f 560//119 562//119 561//119
f 562//120 564//120 563//120
f 565//120 564//120 562//120
f 565//121 566//121 564//121
f 567//121 566//121 565//121
f 567//122 568//122 566//122
f 569//123 568//123 567//123
f 570//488 536//488 539//488
f 571//149 536//149 570//149
f 571//151 540//151 536//151
f 572//489 540//489 571//489
f 572//152 542//152 540//152
f 573//152 542//152 572//152
f 574//153 544//153 542//153
f 573//153 574//153 542//153
f 575//154 547//154 544//154
f 574//154 575//154 544//154
f 576//155 549//155 547//155
f 575//155 576//155 547//155
f 577//158 551//158 549//158
f 576//490 577//490 549//490
f 578//491 553//491 551//491
f 577//492 578//492 551//492
f 578//493 554//493 553//493
f 579//494 554//494 578//494
f 579//136 556//136 554//136
f 580//495 556//495 579//495
f 580//137 558//137 556//137
f 581//137 558//137 580//137
f 581//139 560//139 558//139
f 582//139 560//139 581//139
f 583//140 562//140 560//140
f 582//140 583//140 560//140
f 584//141 565//141 562//141
f 583//141 584//141 562//141
f 585//142 567//142 565//142
f 584//496 585//496 565//496
f 586//497 569//497 567//497
f 585//143 586//143 567//143
f 587//172 571//172 570//172
f 588//172 587//172 570//172
f 589//173 572//173 571//173
f 587//173 589//173 571//173
f 590//174 573//174 572//174
f 589//175 590//175 572//175
f 591//176 574//176 573//176
f 590//176 591//176 573//176
f 591//177 575//177 574//177
f 592//178 575//178 591//178
f 592//179 576//179 575//179
f 593//179 576//179 592//179
f 593//180 577//180 576//180
f 594//180 577//180 593//180
f 594//498 578//498 577//498
f 595//499 578//499 594//499
f 596//500 579//500 578//500
f 595//501 596//501 578//501
f 597//159 580//159 579//159
f 596//159 597//159 579//159
f 598//160 581//160 580//160
f 597//160 598//160 580//160
f 599//161 582//161 581//161
f 598//162 599//162 581//162
f 600//163 583//163 582//163
f 599//163 600//163 582//163
f 600//164 584//164 583//164
f 601//165 584//165 600//165
f 601//166 585//166 584//166
f 602//166 585//166 601//166
f 602//167 586//167 585//167
f 603//167 586//167 602//167
f 552//216 604//216 605//216
f 555//502 606//502 604//502
f 557//218 607//218 606//218
f 559//219 608//219 607//219
f 561//220 609//220 608//220
f 563//221 610//221 609//221
f 566//222 611//222 610//222
f 568//223 612//223 611//223
f 568//224 613//224 612//224
f 568//503 614//503 613//503
f 569//504 615//504 614//504
f 586//505 616//505 615//505
f 603//506 617//506 616//506
f 603//203 618//203 617//203
f 602//204 619//204 618//204
f 601//205 620//205 619//205
f 600//206 621//206 620//206
f 599//207 622//207 621//207
f 598//208 623//208 622//208
f 597//209 624//209 623//209
f 596//210 625//210 624//210
f 595//211 626//211 625//211
f 594//194 627//194 626//194
f 593//195 628//195 627//195
f 592//196 629//196 628//196
f 591//197 630//197 629//197
f 590//198 631//198 630//198
f 589//199 632//199 631//199
f 587//200 633//200 632//200
f 588//201 634//201 633//201
f 588//202 617//202 634//202
f 588//507 616//507 617//507
f 570//508 615//508 616//508
f 539//509 614//509 615//509
f 538//510 613//510 614//510
f 538//181 635//181 613//181
f 538//228 636//228 635//228
f 537//183 637//183 636//183
f 541//184 638//184 637//184
f 543//185 639//185 638//185
f 545//186 640//186 639//186
f 546//187 641//187 640//187
f 548//188 642//188 641//188
f 550//189 605//189 642//189
f 636//228 538//228 537//228
f 637//183 537//183 541//183
f 638//184 541//184 543//184
f 639//185 543//185 545//185
f 640//186 545//186 546//186
f 641//187 546//187 548//187
f 642//188 548//188 550//188
f 614//511 539//511 538//511
f 615//512 570//512 539//512
f 616//513 588//513 570//513
f 633//201 587//201 588//201
f 632//200 589//200 587//200
f 631//199 590//199 589//199
f 630//198 591//198 590//198
f 629//197 592//197 591//197
f 628//196 593//196 592//196
f 627//195 594//195 593//195
f 605//189 550//189 552//189
f 604//216 552//216 555//216
f 606//217 555//217 557//217
f 607//218 557//218 559//218
f 608//219 559//219 561//219
f 609//220 561//220 563//220
f 610//221 563//221 564//221
f 610//222 564//222 566//222
f 626//194 595//194 594//194
f 625//211 596//211 595//211
f 624//210 597//210 596//210
f 623//209 598//209 597//209
f 622//208 599//208 598//208
f 621//207 600//207 599//207
f 620//206 601//206 600//206
f 619//205 602//205 601//205
f 611//223 566//223 568//223
f 614//514 568//514 569//514
f 615//515 569//515 586//515
f 616//516 586//516 603//516
f 618//204 603//204 602//204
f 643//244 644//244 645//244
f 646//244 644//244 643//244
f 647//246 648//246 644//246
f 646//246 647//246 644//246
f 647//248 649//248 648//248
f 650//517 649//517 647//517
f 650//249 651//249 649//249
f 652//249 651//249 650//249
f 652//250 653//250 651//250
f 654//251 653//251 652//251
f 654//252 655//252 653//252
f 656//252 655//252 654//252
f 656//253 657//253 655//253
f 658//253 657//253 656//253
f 659//518 660//518 657//518
f 658//519 659//519 657//519
f 661//520 662//520 660//520
f 659//520 661//520 660//520
f 663//232 664//232 662//232
f 661//521 663//521 662//521
f 665//233 666//233 664//233
f 663//233 665//233 664//233
f 667//522 668//522 666//522
f 665//234 667//234 666//234
f 669//236 670//236 668//236
f 667//236 669//236 668//236
f 671//237 672//237 670//237
f 669//238 671//238 670//238
f 671//239 673//239 672//239
f 674//239 673//239 671//239
f 675//240 676//240 673//240
f 674//240 675//240 673//240
f 677//268 646//268 643//268
f 678//267 646//267 677//267
f 678//523 647//523 646//523
f 679//269 647//269 678//269
f 680//270 650//270 647//270
f 679//524 680//524 647//524
f 681//271 652//271 650//271
f 680//271 681//271 650//271
f 682//273 654//273 652//273
f 681//272 682//272 652//272
f 682//274 656//274 654//274
f 683//274 656//274 682//274
f 683//275 658//275 656//275
f 684//275 658//275 683//275
f 685//525 659//525 658//525
f 684//525 685//525 658//525
f 685//526 661//526 659//526
f 686//526 661//526 685//526
f 687//255 663//255 661//255
f 686//254 687//254 661//254
f 688//257 665//257 663//257
f 687//257 688//257 663//257
f 688//258 667//258 665//258
f 689//258 667//258 688//258
f 689//260 669//260 667//260
f 690//260 669//260 689//260
f 690//262 671//262 669//262
f 691//261 671//261 690//261
f 692//263 674//263 671//263
f 691//263 692//263 671//263
f 693//264 675//264 674//264
f 692//264 693//264 674//264
f 694//287 678//287 677//287
f 695//287 694//287 677//287
f 694//289 679//289 678//289
f 696//289 679//289 694//289
f 696//290 680//290 679//290
f 697//290 680//290 696//290
f 697//527 681//527 680//527
f 698//291 681//291 697//291
f 698//292 682//292 681//292
f 699//292 682//292 698//292
f 700//528 683//528 682//528
f 699//293 700//293 682//293
f 701//294 684//294 683//294
f 700//294 701//294 683//294
f 701//529 685//529 684//529
f 702//529 685//529 701//529
f 703//530 686//530 685//530
f 702//530 703//530 685//530
f 703//276 687//276 686//276
f 704//276 687//276 703//276
f 704//531 688//531 687//531
f 705//277 688//277 704//277
f 706//278 689//278 688//278
f 705//278 706//278 688//278
f 707//280 690//280 689//280
f 706//280 707//280 689//280
f 708//281 691//281 690//281
f 707//281 708//281 690//281
f 709//283 692//283 691//283
f 708//283 709//283 691//283
f 709//284 693//284 692//284
f 710//284 693//284 709//284
f 660//330 711//330 712//330
f 662//331 713//331 711//331
f 664//332 714//332 713//332
f 666//333 715//333 714//333
f 668//334 716//334 715//334
f 670//335 717//335 716//335
f 673//336 718//336 717//336
f 676//337 719//337 718//337
f 676//338 720//338 719//338
f 676//532 721//532 720//532
f 675//533 722//533 721//533
f 693//534 723//534 722//534
f 710//535 724//535 723//535
f 710//317 725//317 724//317
f 709//318 726//318 725//318
f 708//319 727//319 726//319
f 707//320 728//320 727//320
f 706//321 729//321 728//321
f 705//322 730//322 729//322
f 704//323 731//323 730//323
f 703//324 732//324 731//324
f 702//325 733//325 732//325
f 701//308 734//308 733//308
f 700//309 735//309 734//309
f 699//310 736//310 735//310
f 698//311 737//311 736//311
f 697//312 738//312 737//312
f 696//313 739//313 738//313
f 694//314 740//314 739//314
f 695//315 741//315 740//315
f 695//316 724//316 741//316
f 695//536 723//536 724//536
f 677//537 722//537 723//537
f 643//538 721//538 722//538
f 645//539 720//539 721//539
f 645//295 742//295 720//295
f 645//296 743//296 742//296
f 644//297 744//297 743//297
f 648//298 745//298 744//298
f 649//299 746//299 745//299
f 651//300 747//300 746//300
f 653//301 748//301 747//301
f 655//302 749//302 748//302
f 657//303 712//303 749//303
f 743//296 645//296 644//296
f 744//540 644//540 648//540
f 745//298 648//298 649//298
f 746//299 649//299 651//299
f 747//300 651//300 653//300
f 748//301 653//301 655//301
f 749//302 655//302 657//302
f 721//541 643//541 645//541
f 722//542 677//542 643//542
f 723//543 695//543 677//543
f 740//315 694//315 695//315
f 739//314 696//314 694//314
f 738//313 697//313 696//313
f 737//312 698//312 697//312
f 736//311 699//311 698//311
f 735//310 700//310 699//310
f 734//309 701//309 700//309
f 712//303 657//303 660//303
f 711//544 660//544 662//544
f 713//331 662//331 664//331
f 714//332 664//332 666//332
f 715//333 666//333 668//333
f 716//545 668//545 670//545
f 717//335 670//335 672//335
f 717//336 672//336 673//336
f 733//308 702//308 701//308
f 732//325 703//325 702//325
f 731//324 704//324 703//324
f 730//323 705//323 704//323
f 729//322 706//322 705//322
f 728//321 707//321 706//321
f 727//320 708//320 707//320
f 726//319 709//319 708//319
f 718//337 673//337 676//337
f 721//546 676//546 675//546
f 722//547 675//547 693//547
f 723//548 693//548 710//548
f 725//318 710//318 709//318
f 750//549 77//549 78//549
f 751//550 76//550 77//550
f 752//551 75//551 76//551
f 753//552 74//552 75//552
f 754//553 73//553 74//553
f 755//554 72//554 73//554
f 756//555 71//555 72//555
f 757//556 69//556 71//556
f 758//557 70//557 69//557
f 758//558 759//558 70//558
f 758//559 760//559 759//559
f 761//560 70//560 759//560
f 761//561 107//561 70//561
f 762//562 106//562 107//562
f 763//563 105//563 106//563
f 764//564 104//564 105//564
f 765//565 103//565 104//565
f 766//566 102//566 103//566
f 767//567 101//567 102//567
f 768//568 100//568 101//568
f 769//569 78//569 100//569
f 760//570 758//570 770//570
f 760//571 770//571 757//571
f 760//572 757//572 771//572
f 760//573 771//573 772//573
f 760//574 772//574 756//574
f 760//575 756//575 773//575
f 760//576 773//576 755//576
f 69//577 757//577 770//577
f 71//578 772//578 771//578
f 72//579 773//579 756//579
f 760//580 755//580 774//580
f 760//581 774//581 754//581
f 760//582 754//582 775//582
f 760//583 775//583 753//583
f 760//584 753//584 776//584
f 760//585 776//585 752//585
f 760//586 752//586 777//586
f 760//587 777//587 778//587
f 73//588 774//588 755//588
f 74//589 753//589 775//589
f 75//590 752//590 776//590
f 76//591 778//591 777//591
f 760//592 778//592 751//592
f 760//593 751//593 779//593
f 760//594 779//594 750//594
f 760//595 750//595 780//595
f 760//596 780//596 769//596
f 760//597 769//597 781//597
f 760//598 781//598 768//598
f 760//599 768//599 782//599
f 77//600 779//600 751//600
f 78//601 780//601 750//601
f 78//602 769//602 780//602
f 100//603 768//603 781//603
f 760//604 782//604 783//604
f 760//605 783//605 767//605
f 760//606 767//606 784//606
f 760//607 784//607 766//607
f 760//608 766//608 785//608
f 760//609 785//609 765//609
f 760//610 765//610 786//610
f 760//611 786//611 764//611
f 101//612 783//612 782//612
f 102//613 784//613 767//613
f 103//614 785//614 766//614
f 104//615 764//615 786//615
f 760//616 764//616 787//616
f 760//617 787//617 763//617
f 760//618 763//618 788//618
f 760//619 788//619 789//619
f 760//620 789//620 762//620
f 760//621 762//621 790//621
f 760//622 790//622 761//622
f 105//623 763//623 787//623
f 106//624 789//624 788//624
f 107//625 790//625 762//625
f 779//626 77//626 750//626
f 778//627 76//627 751//627
f 777//628 752//628 76//628
f 776//629 753//629 75//629
f 775//630 754//630 74//630
f 774//631 73//631 754//631
f 773//632 72//632 755//632
f 772//633 71//633 756//633
f 771//634 757//634 71//634
f 770//635 758//635 69//635
f 759//636 760//636 761//636
f 790//637 107//637 761//637
f 789//638 106//638 762//638
f 788//639 763//639 106//639
f 787//640 764//640 105//640
f 786//641 765//641 104//641
f 785//642 103//642 765//642
f 784//643 102//643 766//643
f 783//644 101//644 767//644
f 782//645 768//645 101//645
f 781//646 769//646 100//646
f 791//647 184//647 185//647
f 792//648 183//648 184//648
f 793//649 182//649 183//649
f 794//650 181//650 182//650
f 795//651 180//651 181//651
f 796//652 179//652 180//652
f 797//653 178//653 179//653
f 798//654 176//654 178//654
f 799//655 177//655 176//655
f 799//656 800//656 177//656
f 799//619 801//619 800//619
f 802//657 177//657 800//657
f 802//658 214//658 177//658
f 803//659 213//659 214//659
f 804//660 212//660 213//660
f 805//661 211//661 212//661
f 806//662 210//662 211//662
f 807//663 209//663 210//663
f 808//664 208//664 209//664
f 809//665 207//665 208//665
f 810//666 185//666 207//666
f 801//620 799//620 811//620
f 801//621 811//621 798//621
f 801//622 798//622 812//622
f 801//636 812//636 813//636
f 801//559 813//559 797//559
f 801//570 797//570 814//570
f 801//571 814//571 796//571
f 176//667 798//667 811//667
f 178//668 813//668 812//668
f 179//669 814//669 797//669
f 801//670 796//670 815//670
f 801//573 815//573 795//573
f 801//574 795//574 816//574
f 801//671 816//671 794//671
f 801//576 794//576 817//576
f 801//580 817//580 793//580
f 801//581 793//581 818//581
f 801//582 818//582 819//582
f 180//672 815//672 796//672
f 181//673 794//673 816//673
f 182//674 793//674 817//674
f 183//675 819//675 818//675
f 801//583 819//583 792//583
f 801//584 792//584 820//584
f 801//585 820//585 791//585
f 801//586 791//586 821//586
f 801//587 821//587 810//587
f 801//592 810//592 822//592
f 801//593 822//593 809//593
f 801//594 809//594 823//594
f 184//676 820//676 792//676
f 185//677 821//677 791//677
f 185//678 810//678 821//678
f 207//600 809//600 822//600
f 801//595 823//595 824//595
f 801//596 824//596 808//596
f 801//597 808//597 825//597
f 801//598 825//598 807//598
f 801//599 807//599 826//599
f 801//604 826//604 806//604
f 801//605 806//605 827//605
f 801//606 827//606 805//606
f 208//679 824//679 823//679
f 209//680 825//680 808//680
f 210//681 826//681 807//681
f 211//682 805//682 827//682
f 801//607 805//607 828//607
f 801//608 828//608 804//608
f 801//609 804//609 829//609
f 801//610 829//610 830//610
f 801//611 830//611 803//611
f 801//616 803//616 831//616
f 801//683 831//683 802//683
f 212//684 804//684 828//684
f 213//685 830//685 829//685
f 214//686 831//686 803//686
f 820//687 184//687 791//687
f 819//688 183//688 792//688
f 818//689 793//689 183//689
f 817//632 794//632 182//632
f 816//690 795//690 181//690
f 815//691 180//691 795//691
f 814//692 179//692 796//692
f 813//693 178//693 797//693
f 812//694 798//694 178//694
f 811//695 799//695 176//695
f 800//618 801//618 802//618
f 831//696 214//696 802//696
f 830//697 213//697 803//697
f 829//698 804//698 213//698
f 828//643 805//643 212//643
f 827//699 806//699 211//699
f 826//700 210//700 806//700
f 825//701 209//701 807//701
f 824//702 208//702 808//702
f 823//703 809//703 208//703
f 822//704 810//704 207//704
f 832//705 291//705 292//705
f 833//706 290//706 291//706
f 834//707 289//707 290//707
f 835//708 288//708 289//708
f 836//709 287//709 288//709
f 837//710 286//710 287//710
f 838//711 285//711 286//711
f 839//712 283//712 285//712
f 840//713 284//713 283//713
f 840//714 841//714 284//714
f 840//610 842//610 841//610
f 843//715 284//715 841//715
f 843//716 321//716 284//716
f 844//717 320//717 321//717
f 845//718 319//718 320//718
f 846//719 318//719 319//719
f 847//720 317//720 318//720
f 848//721 316//721 317//721
f 849//722 315//722 316//722
f 850//723 314//723 315//723
f 851//724 292//724 314//724
f 842//611 840//611 852//611
f 842//616 852//616 839//616
f 842//683 839//683 853//683
f 842//618 853//618 854//618
f 842//619 854//619 838//619
f 842//725 838//725 855//725
f 842//621 855//621 837//621
f 283//726 839//726 852//726
f 285//727 854//727 853//727
f 286//728 855//728 838//728
f 842//622 837//622 856//622
f 842//636 856//636 836//636
f 842//559 836//559 857//559
f 842//570 857//570 835//570
f 842//571 835//571 858//571
f 842//670 858//670 834//670
f 842//573 834//573 859//573
f 842//574 859//574 860//574
f 287//729 856//729 837//729
f 288//730 835//730 857//730
f 289//731 834//731 858//731
f 290//732 860//732 859//732
f 842//671 860//671 833//671
f 842//576 833//576 861//576
f 842//580 861//580 832//580
f 842//581 832//581 862//581
f 842//582 862//582 851//582
f 842//583 851//583 863//583
f 842//584 863//584 850//584
f 842//585 850//585 864//585
f 291//733 861//733 833//733
f 292//734 862//734 832//734
f 292//735 851//735 862//735
f 314//676 850//676 863//676
f 842//586 864//586 865//586
f 842//587 865//587 849//587
f 842//592 849//592 866//592
f 842//593 866//593 848//593
f 842//594 848//594 867//594
f 842//595 867//595 847//595
f 842//596 847//596 868//596
f 842//597 868//597 846//597
f 315//736 865//736 864//736
f 316//737 866//737 849//737
f 317//738 867//738 848//738
f 318//739 846//739 868//739
f 842//598 846//598 869//598
f 842//740 869//740 845//740
f 842//604 845//604 870//604
f 842//605 870//605 871//605
f 842//741 871//741 844//741
f 842//607 844//607 872//607
f 842//608 872//608 843//608
f 319//742 845//742 869//742
f 320//743 871//743 870//743
f 321//744 872//744 844//744
f 861//745 291//745 832//745
f 860//746 290//746 833//746
f 859//747 834//747 290//747
f 858//692 835//692 289//692
f 857//748 836//748 288//748
f 856//749 287//749 836//749
f 855//750 286//750 837//750
f 854//751 285//751 838//751
f 853//752 839//752 285//752
f 852//753 840//753 283//753
f 841//609 842//609 843//609
f 872//754 321//754 843//754
f 871//755 320//755 844//755
f 870//756 845//756 320//756
f 869//701 846//701 319//701
f 868//757 847//757 318//757
f 867//758 317//758 847//758
f 866//759 316//759 848//759
f 865//760 315//760 849//760
f 864//761 850//761 315//761
f 863//762 851//762 314//762
f 873//763 398//763 399//763
f 874//764 397//764 398//764
f 875//765 396//765 397//765
f 876//766 395//766 396//766
f 877//767 394//767 395//767
f 878//768 393//768 394//768
f 879//769 392//769 393//769
f 880//770 390//770 392//770
f 881//771 391//771 390//771
f 881//772 882//772 391//772
f 881//605 883//605 882//605
f 884//773 391//773 882//773
f 884//774 428//774 391//774
f 885//775 427//775 428//775
f 886//776 426//776 427//776
f 887//777 425//777 426//777
f 888//778 424//778 425//778
f 889//779 423//779 424//779
f 890//780 422//780 423//780
f 891//781 421//781 422//781
f 892//782 399//782 421//782
f 883//606 881//606 893//606
f 883//607 893//607 880//607
f 883//783 880//783 894//783
f 883//609 894//609 895//609
f 883//610 895//610 879//610
f 883//784 879//784 896//784
f 883//616 896//616 878//616
f 390//785 880//785 893//785
f 392//786 895//786 894//786
f 393//787 896//787 879//787
f 883//683 878//683 897//683
f 883//618 897//618 877//618
f 883//619 877//619 898//619
f 883//620 898//620 876//620
f 883//621 876//621 899//621
f 883//622 899//622 875//622
f 883//636 875//636 900//636
f 883//559 900//559 901//559
f 394//788 897//788 878//788
f 395//789 876//789 898//789
f 396//790 875//790 899//790
f 397//791 901//791 900//791
f 883//792 901//792 874//792
f 883//571 874//571 902//571
f 883//670 902//670 873//670
f 883//573 873//573 903//573
f 883//574 903//574 892//574
f 883//671 892//671 904//671
f 883//576 904//576 891//576
f 883//793 891//793 905//793
f 398//794 902//794 874//794
f 399//795 903//795 873//795
f 399//796 892//796 903//796
f 421//797 891//797 904//797
f 883//581 905//581 906//581
f 883//582 906//582 890//582
f 883//583 890//583 907//583
f 883//584 907//584 889//584
f 883//585 889//585 908//585
f 883//586 908//586 888//586
f 883//587 888//587 909//587
f 883//592 909//592 887//592
f 422//798 906//798 905//798
f 423//799 907//799 890//799
f 424//800 908//800 889//800
f 425//801 887//801 909//801
f 883//593 887//593 910//593
f 883//802 910//802 886//802
f 883//595 886//595 911//595
f 883//596 911//596 912//596
f 883//803 912//803 885//803
f 883//598 885//598 913//598
f 883//599 913//599 884//599
f 426//804 886//804 910//804
f 427//805 912//805 911//805
f 428//806 913//806 885//806
f 902//807 398//807 873//807
f 901//808 397//808 874//808
f 900//809 875//809 397//809
f 899//750 876//750 396//750
f 898//810 877//810 395//810
f 897//811 394//811 877//811
f 896//640 393//640 878//640
f 895//812 392//812 879//812
f 894//813 880//813 392//813
f 893//814 881//814 390//814
f 882//604 883//604 884//604
f 913//815 428//815 884//815
f 912//816 427//816 885//816
f 911//817 886//817 427//817
f 910//759 887//759 426//759
f 909//818 888//818 425//818
f 908//819 424//819 888//819
f 907//629 423//629 889//629
f 906//820 422//820 890//820
f 905//821 891//821 422//821
f 904//822 892//822 421//822
f 914//561 505//561 506//561
f 915//562 504//562 505//562
f 916//563 503//563 504//563
f 917//564 502//564 503//564
f 918//565 501//565 502//565
f 919//566 500//566 501//566
f 920//567 499//567 500//567
f 921//568 497//568 499//568
f 922//823 498//823 497//823
f 922//602 923//602 498//602
f 922//596 924//596 923//596
f 925//601 498//601 923//601
f 925//549 535//549 498//549
f 926//550 534//550 535//550
f 927//551 533//551 534//551
f 928//552 532//552 533//552
f 929//553 531//553 532//553
f 930//554 530//554 531//554
f 931//555 529//555 530//555
f 932//556 528//556 529//556
f 933//824 506//824 528//824
f 924//597 922//597 934//597
f 924//598 934//598 921//598
f 924//740 921//740 935//740
f 924//604 935//604 936//604
f 924//605 936//605 920//605
f 924//741 920//741 937//741
f 924//607 937//607 919//607
f 497//825 921//825 934//825
f 499//612 936//612 935//612
f 500//613 937//613 920//613
f 924//608 919//608 938//608
f 924//609 938//609 918//609
f 924//610 918//610 939//610
f 924//611 939//611 917//611
f 924//616 917//616 940//616
f 924//683 940//683 916//683
f 924//618 916//618 941//618
f 924//619 941//619 942//619
f 501//826 938//826 919//826
f 502//615 917//615 939//615
f 503//827 916//827 940//827
f 504//624 942//624 941//624
f 924//620 942//620 915//620
f 924//621 915//621 943//621
f 924//622 943//622 914//622
f 924//636 914//636 944//636
f 924//559 944//559 933//559
f 924//570 933//570 945//570
f 924//571 945//571 932//571
f 924//670 932//670 946//670
f 505//667 943//667 915//667
f 506//560 944//560 914//560
f 506//558 933//558 944//558
f 528//828 932//828 945//828
f 924//573 946//573 947//573
f 924//574 947//574 931//574
f 924//671 931//671 948//671
f 924//576 948//576 930//576
f 924//580 930//580 949//580
f 924//581 949//581 929//581
f 924//582 929//582 950//582
f 924//583 950//583 928//583
f 529//578 947//578 946//578
f 530//579 948//579 931//579
f 531//829 949//829 930//829
f 532//589 928//589 950//589
f 924//584 928//584 951//584
f 924//830 951//830 927//830
f 924//586 927//586 952//586
f 924//587 952//587 953//587
f 924//592 953//592 926//592
f 924//593 926//593 954//593
f 924//594 954//594 925//594
f 533//831 927//831 951//831
f 534//591 953//591 952//591
f 535//832 954//832 926//832
f 943//637 505//637 914//637
f 942//638 504//638 915//638
f 941//639 916//639 504//639
f 940//640 917//640 503//640
f 939//833 918//833 502//833
f 938//642 501//642 918//642
f 937//643 500//643 919//643
f 936//644 499//644 920//644
f 935//645 921//645 499//645
f 934//646 922//646 497//646
f 923//595 924//595 925//595
f 954//626 535//626 925//626
f 953//627 534//627 926//627
f 952//628 927//628 534//628
f 951//629 928//629 533//629
f 950//834 929//834 532//834
f 949//631 531//631 929//631
f 948//632 530//632 930//632
f 947//633 529//633 931//633
f 946//634 932//634 529//634
f 945//635 933//635 528//635
f 955//658 612//658 613//658
f 956//659 611//659 612//659
f 957//660 610//660 611//660
f 958//661 609//661 610//661
f 959//662 608//662 609//662
f 960//663 607//663 608//663
f 961//664 606//664 607//664
f 962//665 604//665 606//665
f 963//666 605//666 604//666
f 963//678 964//678 605//678
f 963//587 965//587 964//587
f 966//677 605//677 964//677
f 966//647 642//647 605//647
f 967//648 641//648 642//648
f 968//649 640//649 641//649
f 969//650 639//650 640//650
f 970//651 638//651 639//651
f 971//652 637//652 638//652
f 972//653 636//653 637//653
f 973//654 635//654 636//654
f 974//655 613//655 635//655
f 965//592 963//592 975//592
f 965//593 975//593 962//593
f 965//594 962//594 976//594
f 965//595 976//595 977//595
f 965//596 977//596 961//596
f 965//597 961//597 978//597
f 965//598 978//598 960//598
f 604//600 962//600 975//600
f 606//679 977//679 976//679
f 607//680 978//680 961//680
f 965//599 960//599 979//599
f 965//604 979//604 959//604
f 965//605 959//605 980//605
f 965//606 980//606 958//606
f 965//607 958//607 981//607
f 965//608 981//608 957//608
f 965//609 957//609 982//609
f 965//610 982//610 983//610
f 608//681 979//681 960//681
f 609//682 958//682 980//682
f 610//684 957//684 981//684
f 611//685 983//685 982//685
f 965//611 983//611 956//611
f 965//616 956//616 984//616
f 965//683 984//683 955//683
f 965//618 955//618 985//618
f 965//619 985//619 974//619
f 965//620 974//620 986//620
f 965//621 986//621 973//621
f 965//622 973//622 987//622
f 612//686 984//686 956//686
f 613//657 985//657 955//657
f 613//656 974//656 985//656
f 635//667 973//667 986//667
f 965//636 987//636 988//636
f 965//559 988//559 972//559
f 965//570 972//570 989//570
f 965//571 989//571 971//571
f 965//670 971//670 990//670
f 965//573 990//573 970//573
f 965//574 970//574 991//574
f 965//671 991//671 969//671
f 636//668 988//668 987//668
f 637//669 989//669 972//669
f 638//672 990//672 971//672
f 639//673 969//673 991//673
f 965//576 969//576 992//576
f 965//580 992//580 968//580
f 965//581 968//581 993//581
f 965//582 993//582 994//582
f 965//583 994//583 967//583
f 965//584 967//584 995//584
f 965//585 995//585 966//585
f 640//674 968//674 992//674
f 641//675 994//675 993//675
f 642//676 995//676 967//676
f 984//696 612//696 955//696
f 983//697 611//697 956//697
f 982//698 957//698 611//698
f 981//643 958//643 610//643
f 980//699 959//699 609//699
f 979//700 608//700 959//700
f 978//701 607//701 960//701
f 977//702 606//702 961//702
f 976//703 962//703 606//703
f 975//704 963//704 604//704
f 964//586 965//586 966//586
f 995//687 642//687 966//687
f 994//688 641//688 967//688
f 993//689 968//689 641//689
f 992//632 969//632 640//632
f 991//690 970//690 639//690
f 990//691 638//691 970//691
f 989//692 637//692 971//692
f 988//693 636//693 972//693
f 987//694 973//694 636//694
f 986//695 974//695 635//695
f 996//835 719//835 720//835
f 997//717 718//717 719//717
f 998//718 717//718 718//718
f 999//719 716//719 717//719
f 1000//720 715//720 716//720
f 1001//721 714//721 715//721
f 1002//722 713//722 714//722
f 1003//723 711//723 713//723
f 1004//724 712//724 711//724
f 1004//735 1005//735 712//735
f 1004//582 1006//582 1005//582
f 1007//734 712//734 1005//734
f 1007//836 749//836 712//836
f 1008//706 748//706 749//706
f 1009//707 747//707 748//707
f 1010//708 746//708 747//708
f 1011//709 745//709 746//709
f 1012//710 744//710 745//710
f 1013//711 743//711 744//711
f 1014//712 742//712 743//712
f 1015//713 720//713 742//713
f 1006//583 1004//583 1016//583
f 1006//584 1016//584 1003//584
f 1006//585 1003//585 1017//585
f 1006//586 1017//586 1018//586
f 1006//587 1018//587 1002//587
f 1006//837 1002//837 1019//837
f 1006//593 1019//593 1001//593
f 711//838 1003//838 1016//838
f 713//736 1018//736 1017//736
f 714//839 1019//839 1002//839
f 1006//594 1001//594 1020//594
f 1006//595 1020//595 1000//595
f 1006//596 1000//596 1021//596
f 1006//597 1021//597 999//597
f 1006//598 999//598 1022//598
f 1006//599 1022//599 998//599
f 1006//604 998//604 1023//604
f 1006//605 1023//605 1024//605
f 715//738 1020//738 1001//738
f 716//840 999//840 1021//840
f 717//742 998//742 1022//742
f 718//743 1024//743 1023//743
f 1006//606 1024//606 997//606
f 1006//607 997//607 1025//607
f 1006//608 1025//608 996//608
f 1006//609 996//609 1026//609
f 1006//610 1026//610 1015//610
f 1006//611 1015//611 1027//611
f 1006//616 1027//616 1014//616
f 1006//683 1014//683 1028//683
f 719//841 1025//841 997//841
f 720//715 1026//715 996//715
f 720//714 1015//714 1026//714
f 742//686 1014//686 1027//686
f 1006//618 1028//618 1029//618
f 1006//619 1029//619 1013//619
f 1006//620 1013//620 1030//620
f 1006//621 1030//621 1012//621
f 1006//622 1012//622 1031//622
f 1006//636 1031//636 1011//636
f 1006//559 1011//559 1032//559
f 1006//570 1032//570 1010//570
f 743//727 1029//727 1028//727
f 744//842 1030//842 1013//842
f 745//729 1031//729 1012//729
f 746//843 1010//843 1032//843
f 1006//571 1010//571 1033//571
f 1006//572 1033//572 1009//572
f 1006//573 1009//573 1034//573
f 1006//574 1034//574 1035//574
f 1006//575 1035//575 1008//575
f 1006//576 1008//576 1036//576
f 1006//580 1036//580 1007//580
f 747//731 1009//731 1033//731
f 748//732 1035//732 1034//732
f 749//844 1036//844 1008//844
f 1025//754 719//754 996//754
f 1024//755 718//755 997//755
f 1023//756 998//756 718//756
f 1022//701 999//701 717//701
f 1021//757 1000//757 716//757
f 1020//845 715//845 1000//845
f 1019//759 714//759 1001//759
f 1018//760 713//760 1002//760
f 1017//761 1003//761 713//761
f 1016//762 1004//762 711//762
f 1005//581 1006//581 1007//581
f 1036//745 749//745 1007//745
f 1035//746 748//746 1008//746
f 1034//747 1009//747 748//747
f 1033//692 1010//692 747//692
f 1032//748 1011//748 746//748
f 1031//846 745//846 1011//846
f 1030//750 744//750 1012//750
f 1029//751 743//751 1013//751
f 1028//752 1014//752 743//752
f 1027//753 1015//753 742//753
f 99//847 82//847 98//847
f 82//847 83//847 98//847
f 98//847 83//847 97//847
f 83//847 84//847 97//847
f 97//847 1037//847 96//847
f 1037//847 1038//847 96//847
f 96//847 1038//847 95//847
f 1038//847 1039//847 95//847
f 95//847 1039//847 94//847
f 1039//847 1040//847 94//847
f 94//847 1040//847 93//847
f 1040//847 1041//847 93//847
f 93//847 1041//847 92//847
f 1041//847 1042//847 92//847
f 92//847 1042//847 91//847
f 1042//847 1043//847 91//847
f 91//847 1043//847 90//847
f 1043//847 1044//847 90//847
f 90//847 1044//847 89//847
f 1044//847 1045//847 89//847
f 89//847 1045//847 88//847
f 1045//847 1046//847 88//847
f 88//847 1046//847 87//847
f 1046//848 1047//848 87//848
f 87//847 1047//847 86//847
f 1047//847 1048//847 86//847
f 86//847 1048//847 85//847
f 1048//848 1049//848 85//848
f 85//847 1049//847 84//847
f 1049//848 1050//848 84//848
f 84//847 1051//847 97//847
f 1051//847 1037//847 97//847
f 1051//847 84//847 1052//847
f 1052//847 84//847 1053//847
f 84//847 1054//847 1053//847
f 1054//847 84//847 1050//847
f 206//847 189//847 205//847
f 189//847 190//847 205//847
f 205//847 190//847 204//847
f 190//847 191//847 204//847
f 204//847 1055//847 203//847
f 1055//847 1056//847 203//847
f 203//847 1056//847 202//847
f 1056//847 1057//847 202//847
f 202//847 1057//847 201//847
f 1057//847 1058//847 201//847
f 201//847 1058//847 200//847
f 1058//847 1059//847 200//847
f 200//847 1059//847 199//847
f 1059//847 1060//847 199//847
f 199//847 1060//847 198//847
f 1060//847 1061//847 198//847
f 198//847 1061//847 197//847
f 1061//847 1062//847 197//847
f 197//847 1062//847 196//847
f 1062//847 1063//847 196//847
f 196//847 1063//847 195//847
f 1063//847 1064//847 195//847
f 195//847 1064//847 194//847
f 1064//847 1065//847 194//847
f 194//847 1065//847 193//847
f 1065//847 1066//847 193//847
f 193//847 1066//847 192//847
f 1066//847 1067//847 192//847
f 192//847 1067//847 191//847
f 1067//847 1068//847 191//847
f 191//847 1069//847 204//847
f 1069//847 1055//847 204//847
f 1069//847 191//847 1070//847
f 1070//847 191//847 1071//847
f 191//847 1072//847 1071//847
f 1072//847 191//847 1068//847
f 313//847 296//847 312//847
f 296//847 297//847 312//847
f 312//847 297//847 311//847
f 297//847 298//847 311//847
f 311//847 1073//847 310//847
f 1073//847 1074//847 310//847
f 310//847 1074//847 309//847
f 1074//847 1075//847 309//847
f 309//847 1075//847 308//847
f 1075//847 1076//847 308//847
f 308//847 1076//847 307//847
f 1076//847 1077//847 307//847
f 307//847 1077//847 306//847
f 1077//847 1078//847 306//847
f 306//847 1078//847 305//847
f 1078//847 1079//847 305//847
f 305//847 1079//847 304//847
f 1079//847 1080//847 304//847
f 304//847 1080//847 303//847
f 1080//847 1081//847 303//847
f 303//847 1081//847 302//847
f 1081//847 1082//847 302//847
f 302//847 1082//847 301//847
f 1082//847 1083//847 301//847
f 301//847 1083//847 300//847
f 1083//847 1084//847 300//847
f 300//847 1084//847 299//847
f 1084//847 1085//847 299//847
f 299//847 1085//847 298//847
f 1085//847 1086//847 298//847
f 298//847 1087//847 311//847
f 1087//847 1073//847 311//847
f 1087//847 298//847 1088//847
f 1088//847 298//847 1089//847
f 298//847 1090//847 1089//847
f 1090//847 298//847 1086//847
f 420//847 403//847 419//847
f 403//847 404//847 419//847
f 419//847 404//847 418//847
f 404//847 405//847 418//847
f 418//847 1091//847 417//847
f 1091//848 1092//848 417//848
f 417//847 1092//847 416//847
f 1092//847 1093//847 416//847
f 416//847 1093//847 415//847
f 1093//847 1094//847 415//847
f 415//847 1094//847 414//847
f 1094//847 1095//847 414//847
f 414//847 1095//847 413//847
f 1095//847 1096//847 413//847
f 413//847 1096//847 412//847
f 1096//847 1097//847 412//847
f 412//847 1097//847 411//847
f 1097//849 1098//849 411//849
f 411//847 1098//847 410//847
f 1098//847 1099//847 410//847
f 410//847 1099//847 409//847
f 1099//847 1100//847 409//847
f 409//847 1100//847 408//847
f 1100//849 1101//849 408//849
f 408//847 1101//847 407//847
f 1101//847 1102//847 407//847
f 407//847 1102//847 406//847
f 1102//847 1103//847 406//847
f 406//847 1103//847 405//847
f 1103//847 1104//847 405//847
f 405//847 1105//847 418//847
f 1105//847 1091//847 418//847
f 1105//847 405//847 1106//847
f 1106//847 405//847 1107//847
f 405//847 1108//847 1107//847
f 1108//847 405//847 1104//847
f 527//847 510//847 526//847
f 510//847 511//847 526//847
f 526//847 511//847 525//847
f 511//847 512//847 525//847
f 525//847 1109//847 524//847
f 1109//847 1110//847 524//847
f 524//847 1110//847 523//847
f 1110//847 1111//847 523//847
f 523//847 1111//847 522//847
f 1111//847 1112//847 522//847
f 522//847 1112//847 521//847
f 1112//847 1113//847 521//847
f 521//847 1113//847 520//847
f 1113//847 1114//847 520//847
f 520//847 1114//847 519//847
f 1114//847 1115//847 519//847
f 519//847 1115//847 518//847
f 1115//847 1116//847 518//847
f 518//847 1116//847 517//847
f 1116//847 1117//847 517//847
f 517//847 1117//847 516//847
f 1117//847 1118//847 516//847
f 516//847 1118//847 515//847
f 1118//849 1119//849 515//849
f 515//847 1119//847 514//847
f 1119//847 1120//847 514//847
f 514//847 1120//847 513//847
f 1120//849 1121//849 513//849
f 513//847 1121//847 512//847
f 1121//849 1122//849 512//849
f 512//847 1123//847 525//847
f 1123//847 1109//847 525//847
f 1123//847 512//847 1124//847
f 1124//847 512//847 1125//847
f 512//847 1126//847 1125//847
f 1126//847 512//847 1122//847
f 634//847 617//847 633//847
f 617//847 618//847 633//847
f 633//847 618//847 632//847
f 618//847 619//847 632//847
f 632//847 1127//847 631//847
f 1127//847 1128//847 631//847
f 631//847 1128//847 630//847
f 1128//847 1129//847 630//847
f 630//847 1129//847 629//847
f 1129//847 1130//847 629//847
f 629//847 1130//847 628//847
f 1130//847 1131//847 628//847
f 628//847 1131//847 627//847
f 1131//847 1132//847 627//847
f 627//847 1132//847 626//847
f 1132//847 1133//847 626//847
f 626//847 1133//847 625//847
f 1133//847 1134//847 625//847
f 625//847 1134//847 624//847
f 1134//847 1135//847 624//847
f 624//847 1135//847 623//847
f 1135//847 1136//847 623//847
f 623//847 1136//847 622//847
f 1136//847 1137//847 622//847
f 622//847 1137//847 621//847
f 1137//847 1138//847 621//847
f 621//847 1138//847 620//847
f 1138//847 1139//847 620//847
f 620//847 1139//847 619//847
f 1139//847 1140//847 619//847
f 619//847 1141//847 632//847
f 1141//847 1127//847 632//847
f 1141//847 619//847 1142//847
f 1142//847 619//847 1143//847
f 619//847 1144//847 1143//847
f 1144//847 619//847 1140//847
f 741//847 724//847 740//847
f 724//847 725//847 740//847
f 740//847 725//847 739//847
f 725//847 726//847 739//847
f 739//847 1145//847 738//847
f 1145//847 1146//847 738//847
f 738//847 1146//847 737//847
f 1146//847 1147//847 737//847
f 737//847 1147//847 736//847
f 1147//847 1148//847 736//847
f 736//847 1148//847 735//847
f 1148//847 1149//847 735//847
f 735//847 1149//847 734//847
f 1149//847 1150//847 734//847
f 734//847 1150//847 733//847
f 1150//847 1151//847 733//847
f 733//847 1151//847 732//847
f 1151//847 1152//847 732//847
f 732//847 1152//847 731//847
f 1152//847 1153//847 731//847
f 731//847 1153//847 730//847
f 1153//847 1154//847 730//847
f 730//847 1154//847 729//847
f 1154//847 1155//847 729//847
f 729//847 1155//847 728//847
f 1155//847 1156//847 728//847
f 728//847 1156//847 727//847
f 1156//847 1157//847 727//847
f 727//847 1157//847 726//847
f 1157//847 1158//847 726//847
f 726//847 1159//847 739//847
f 1159//847 1145//847 739//847
f 1159//847 726//847 1160//847
f 1160//847 726//847 1161//847
f 726//847 1162//847 1161//847
f 1162//847 726//847 1158//847
f 1163//1 1164//1 1165//1
f 1163//1 1165//1 1166//1
f 1164//2 1167//2 1168//2
f 1164//2 1168//2 1165//2
f 1167//3 1169//3 1168//3
f 1168//3 1169//3 1170//3
f 1169//5 1171//5 1170//5
f 1170//5 1171//5 1172//5
f 1171//460 1173//460 1172//460
f 1172//460 1173//460 1174//460
f 1173//850 1175//850 1176//850
f 1173//8 1176//8 1174//8
f 1175//9 1177//9 1178//9
f 1175//9 1178//9 1176//9
f 1177//11 1179//11 1180//11
f 1177//851 1180//851 1178//851
f 1179//852 1181//852 1180//852
f 1180//853 1181//853 1182//853
f 1181//13 1183//13 1182//13
f 1182//13 1183//13 1184//13
f 1183//14 1185//14 1184//14
f 1184//14 1185//14 1186//14
f 1185//15 1187//15 1188//15
f 1185//16 1188//16 1186//16
f 1187//17 1189//17 1190//17
f 1187//17 1190//17 1188//17
f 1189//18 1191//18 1192//18
f 1189//19 1192//19 1190//19
f 1191//20 1193//20 1192//20
f 1192//20 1193//20 1194//20
f 1193//21 1195//21 1194//21
f 1194//21 1195//21 1196//21
f 1166//22 1165//22 1197//22
f 1197//22 1165//22 1198//22
f 1165//23 1168//23 1198//23
f 1198//23 1168//23 1199//23
f 1168//24 1170//24 1200//24
f 1168//25 1200//25 1199//25
f 1170//26 1172//26 1201//26
f 1170//26 1201//26 1200//26
f 1172//463 1174//463 1202//463
f 1172//854 1202//854 1201//854
f 1174//464 1176//464 1202//464
f 1202//28 1176//28 1203//28
f 1176//29 1178//29 1203//29
f 1203//29 1178//29 1204//29
f 1178//31 1180//31 1204//31
f 1204//855 1180//855 1205//855
f 1180//856 1182//856 1206//856
f 1180//857 1206//857 1205//857
f 1182//33 1184//33 1207//33
f 1182//33 1207//33 1206//33
f 1184//34 1186//34 1208//34
f 1184//34 1208//34 1207//34
f 1186//36 1188//36 1208//36
f 1208//36 1188//36 1209//36
f 1188//37 1190//37 1209//37
f 1209//37 1190//37 1210//37
f 1190//858 1192//858 1210//858
f 1210//39 1192//39 1211//39
f 1192//41 1194//41 1212//41
f 1192//41 1212//41 1211//41
f 1194//43 1196//43 1213//43
f 1194//43 1213//43 1212//43
f 1197//44 1198//44 1214//44
f 1214//44 1198//44 1215//44
f 1198//468 1199//468 1216//468
f 1198//45 1216//45 1215//45
f 1199//46 1200//46 1217//46
f 1199//46 1217//46 1216//46
f 1200//47 1201//47 1218//47
f 1200//47 1218//47 1217//47
f 1201//48 1202//48 1219//48
f 1201//48 1219//48 1218//48
f 1202//49 1203//49 1220//49
f 1202//50 1220//50 1219//50
f 1203//51 1204//51 1220//51
f 1220//51 1204//51 1221//51
f 1204//52 1205//52 1221//52
f 1221//52 1205//52 1222//52
f 1205//53 1206//53 1223//53
f 1205//53 1223//53 1222//53
f 1206//54 1207//54 1224//54
f 1206//54 1224//54 1223//54
f 1207//55 1208//55 1224//55
f 1224//56 1208//56 1225//56
f 1208//57 1209//57 1225//57
f 1225//57 1209//57 1226//57
f 1209//859 1210//859 1227//859
f 1209//59 1227//59 1226//59
f 1210//60 1211//60 1227//60
f 1227//60 1211//60 1228//60
f 1211//61 1212//61 1228//61
f 1228//465 1212//465 1229//465
f 1212//62 1213//62 1230//62
f 1212//62 1230//62 1229//62
f 1231//860 1232//860 1163//860
f 1232//98 1233//98 1163//98
f 1233//99 1234//99 1163//99
f 1234//100 1235//100 1164//100
f 1235//101 1236//101 1167//101
f 1236//102 1237//102 1169//102
f 1237//103 1238//103 1171//103
f 1238//104 1239//104 1173//104
f 1239//107 1240//107 1175//107
f 1240//106 1241//106 1177//106
f 1241//63 1242//63 1179//63
f 1242//64 1243//64 1181//64
f 1243//65 1244//65 1183//65
f 1244//66 1245//66 1187//66
f 1245//861 1246//861 1189//861
f 1246//68 1247//68 1191//68
f 1247//69 1248//69 1193//69
f 1248//70 1249//70 1195//70
f 1249//71 1232//71 1195//71
f 1232//862 1231//862 1195//862
f 1231//863 1250//863 1196//863
f 1250//864 1251//864 1213//864
f 1251//865 1051//865 1230//865
f 1051//76 1052//76 1230//76
f 1052//77 1053//77 1229//77
f 1053//78 1054//78 1228//78
f 1054//79 1050//79 1227//79
f 1050//80 1049//80 1226//80
f 1049//81 1048//81 1225//81
f 1048//82 1047//82 1224//82
f 1047//83 1046//83 1223//83
f 1046//84 1045//84 1222//84
f 1045//85 1044//85 1221//85
f 1044//86 1043//86 1220//86
f 1043//87 1042//87 1219//87
f 1042//88 1041//88 1218//88
f 1041//89 1040//89 1217//89
f 1040//90 1039//90 1216//90
f 1039//91 1038//91 1215//91
f 1038//92 1037//92 1214//92
f 1037//93 1051//93 1214//93
f 1051//866 1251//866 1214//866
f 1251//867 1250//867 1197//867
f 1250//868 1231//868 1166//868
f 1164//99 1163//99 1234//99
f 1167//100 1164//100 1235//100
f 1169//101 1167//101 1236//101
f 1171//102 1169//102 1237//102
f 1173//103 1171//103 1238//103
f 1175//482 1173//482 1239//482
f 1177//105 1175//105 1240//105
f 1163//869 1166//869 1231//869
f 1166//870 1197//870 1250//870
f 1197//871 1214//871 1251//871
f 1214//92 1215//92 1038//92
f 1215//91 1216//91 1039//91
f 1216//90 1217//90 1040//90
f 1217//89 1218//89 1041//89
f 1218//88 1219//88 1042//88
f 1219//87 1220//87 1043//87
f 1220//86 1221//86 1044//86
f 1179//106 1177//106 1241//106
f 1181//63 1179//63 1242//63
f 1183//64 1181//64 1243//64
f 1185//65 1183//65 1244//65
f 1187//66 1185//66 1244//66
f 1189//67 1187//67 1245//67
f 1191//68 1189//68 1246//68
f 1193//69 1191//69 1247//69
f 1221//85 1222//85 1045//85
f 1222//84 1223//84 1046//84
f 1223//83 1224//83 1047//83
f 1224//82 1225//82 1048//82
f 1225//81 1226//81 1049//81
f 1226//80 1227//80 1050//80
f 1227//79 1228//79 1054//79
f 1228//78 1229//78 1053//78
f 1195//70 1193//70 1248//70
f 1196//872 1195//872 1231//872
f 1213//873 1196//873 1250//873
f 1230//874 1213//874 1251//874
f 1229//77 1230//77 1052//77
f 1252//875 1253//875 1254//875
f 1254//116 1253//116 1255//116
f 1253//117 1256//117 1257//117
f 1253//117 1257//117 1255//117
f 1256//118 1258//118 1259//118
f 1256//118 1259//118 1257//118
f 1258//119 1260//119 1261//119
f 1258//119 1261//119 1259//119
f 1260//120 1262//120 1261//120
f 1261//120 1262//120 1263//120
f 1262//121 1264//121 1263//121
f 1263//121 1264//121 1265//121
f 1264//123 1266//123 1267//123
f 1264//123 1267//123 1265//123
f 1266//124 1268//124 1269//124
f 1266//124 1269//124 1267//124
f 1268//125 1270//125 1269//125
f 1269//125 1270//125 1271//125
f 1270//126 1272//126 1271//126
f 1271//876 1272//876 1273//876
f 1272//128 1274//128 1275//128
f 1272//128 1275//128 1273//128
f 1274//129 1276//129 1277//129
f 1274//129 1277//129 1275//129
f 1276//130 1278//130 1279//130
f 1276//130 1279//130 1277//130
f 1278//131 1280//131 1279//131
f 1279//131 1280//131 1281//131
f 1280//132 1282//132 1281//132
f 1281//132 1282//132 1283//132
f 1282//877 1284//877 1285//877
f 1282//134 1285//134 1283//134
f 1254//878 1255//878 1286//878
f 1286//878 1255//878 1287//878
f 1255//137 1257//137 1287//137
f 1287//137 1257//137 1288//137
f 1257//139 1259//139 1288//139
f 1288//139 1259//139 1289//139
f 1259//140 1261//140 1290//140
f 1259//140 1290//140 1289//140
f 1261//141 1263//141 1291//141
f 1261//141 1291//141 1290//141
f 1263//142 1265//142 1292//142
f 1263//142 1292//142 1291//142
f 1265//879 1267//879 1293//879
f 1265//880 1293//880 1292//880
f 1267//145 1269//145 1293//145
f 1293//145 1269//145 1294//145
f 1269//147 1271//147 1295//147
f 1269//147 1295//147 1294//147
f 1271//149 1273//149 1295//149
f 1295//150 1273//150 1296//150
f 1273//151 1275//151 1296//151
f 1296//151 1275//151 1297//151
f 1275//152 1277//152 1297//152
f 1297//152 1277//152 1298//152
f 1277//153 1279//153 1299//153
f 1277//153 1299//153 1298//153
f 1279//154 1281//154 1300//154
f 1279//154 1300//154 1299//154
f 1281//155 1283//155 1301//155
f 1281//155 1301//155 1300//155
f 1283//490 1285//490 1302//490
f 1283//881 1302//881 1301//881
f 1286//882 1287//882 1303//882
f 1303//159 1287//159 1304//159
f 1287//160 1288//160 1304//160
f 1304//160 1288//160 1305//160
f 1288//161 1289//161 1305//161
f 1305//161 1289//161 1306//161
f 1289//163 1290//163 1307//163
f 1289//163 1307//163 1306//163
f 1290//164 1291//164 1308//164
f 1290//164 1308//164 1307//164
f 1291//166 1292//166 1309//166
f 1291//166 1309//166 1308//166
f 1292//167 1293//167 1310//167
f 1292//167 1310//167 1309//167
f 1293//883 1294//883 1310//883
f 1310//168 1294//168 1311//168
f 1294//884 1295//884 1312//884
f 1294//170 1312//170 1311//170
f 1295//172 1296//172 1312//172
f 1312//172 1296//172 1313//172
f 1296//173 1297//173 1313//173
f 1313//173 1297//173 1314//173
f 1297//174 1298//174 1314//174
f 1314//174 1298//174 1315//174
f 1298//176 1299//176 1316//176
f 1298//176 1316//176 1315//176
f 1299//177 1300//177 1317//177
f 1299//177 1317//177 1316//177
f 1300//179 1301//179 1318//179
f 1300//179 1318//179 1317//179
f 1301//180 1302//180 1319//180
f 1301//180 1319//180 1318//180
f 1320//885 1321//885 1252//885
f 1321//216 1322//216 1252//216
f 1322//502 1323//502 1252//502
f 1323//218 1324//218 1253//218
f 1324//219 1325//219 1256//219
f 1325//220 1326//220 1258//220
f 1326//221 1327//221 1260//221
f 1327//222 1328//222 1262//222
f 1328//886 1329//886 1264//886
f 1329//224 1330//224 1266//224
f 1330//181 1331//181 1268//181
f 1331//182 1332//182 1270//182
f 1332//183 1333//183 1272//183
f 1333//184 1334//184 1276//184
f 1334//185 1335//185 1278//185
f 1335//186 1336//186 1280//186
f 1336//187 1337//187 1282//187
f 1337//887 1338//887 1284//887
f 1338//189 1321//189 1284//189
f 1321//888 1320//888 1284//888
f 1320//889 1339//889 1285//889
f 1339//890 1340//890 1302//890
f 1340//891 1069//891 1319//891
f 1069//194 1070//194 1319//194
f 1070//195 1071//195 1318//195
f 1071//892 1072//892 1317//892
f 1072//197 1068//197 1316//197
f 1068//198 1067//198 1315//198
f 1067//199 1066//199 1314//199
f 1066//200 1065//200 1313//200
f 1065//201 1064//201 1312//201
f 1064//202 1063//202 1311//202
f 1063//203 1062//203 1310//203
f 1062//204 1061//204 1309//204
f 1061//205 1060//205 1308//205
f 1060//206 1059//206 1307//206
f 1059//207 1058//207 1306//207
f 1058//208 1057//208 1305//208
f 1057//209 1056//209 1304//209
f 1056//210 1055//210 1303//210
f 1055//211 1069//211 1303//211
f 1069//893 1340//893 1303//893
f 1340//894 1339//894 1286//894
f 1339//895 1320//895 1254//895
f 1253//217 1252//217 1323//217
f 1256//218 1253//218 1324//218
f 1258//219 1256//219 1325//219
f 1260//220 1258//220 1326//220
f 1262//221 1260//221 1327//221
f 1264//222 1262//222 1328//222
f 1266//223 1264//223 1329//223
f 1252//896 1254//896 1320//896
f 1254//897 1286//897 1339//897
f 1286//898 1303//898 1340//898
f 1303//210 1304//210 1056//210
f 1304//209 1305//209 1057//209
f 1305//208 1306//208 1058//208
f 1306//207 1307//207 1059//207
f 1307//206 1308//206 1060//206
f 1308//205 1309//205 1061//205
f 1309//204 1310//204 1062//204
f 1268//899 1266//899 1330//899
f 1270//900 1268//900 1331//900
f 1272//228 1270//228 1332//228
f 1274//183 1272//183 1333//183
f 1276//184 1274//184 1333//184
f 1278//185 1276//185 1334//185
f 1280//186 1278//186 1335//186
f 1282//187 1280//187 1336//187
f 1310//203 1311//203 1063//203
f 1311//202 1312//202 1064//202
f 1312//201 1313//201 1065//201
f 1313//200 1314//200 1066//200
f 1314//199 1315//199 1067//199
f 1315//198 1316//198 1068//198
f 1316//197 1317//197 1072//197
f 1317//196 1318//196 1071//196
f 1284//188 1282//188 1337//188
f 1285//901 1284//901 1320//901
f 1302//902 1285//902 1339//902
f 1319//903 1302//903 1340//903
f 1318//195 1319//195 1070//195
f 1341//232 1342//232 1343//232
f 1341//232 1343//232 1344//232
f 1342//233 1345//233 1346//233
f 1342//233 1346//233 1343//233
f 1345//234 1347//234 1346//234
f 1346//235 1347//235 1348//235
f 1347//236 1349//236 1348//236
f 1348//236 1349//236 1350//236
f 1349//237 1351//237 1350//237
f 1350//237 1351//237 1352//237
f 1351//239 1353//239 1354//239
f 1351//239 1354//239 1352//239
f 1353//240 1355//240 1356//240
f 1353//240 1356//240 1354//240
f 1355//904 1357//904 1358//904
f 1355//241 1358//241 1356//241
f 1357//243 1359//243 1358//243
f 1358//905 1359//905 1360//905
f 1359//244 1361//244 1360//244
f 1360//244 1361//244 1362//244
f 1361//906 1363//906 1362//906
f 1362//246 1363//246 1364//246
f 1363//517 1365//517 1366//517
f 1363//517 1366//517 1364//517
f 1365//249 1367//249 1368//249
f 1365//249 1368//249 1366//249
f 1367//250 1369//250 1370//250
f 1367//250 1370//250 1368//250
f 1369//252 1371//252 1370//252
f 1370//252 1371//252 1372//252
f 1371//253 1373//253 1372//253
f 1372//253 1373//253 1374//253
f 1344//255 1343//255 1375//255
f 1375//255 1343//255 1376//255
f 1343//257 1346//257 1376//257
f 1376//257 1346//257 1377//257
f 1346//907 1348//907 1378//907
f 1346//259 1378//259 1377//259
f 1348//260 1350//260 1379//260
f 1348//260 1379//260 1378//260
f 1350//262 1352//262 1380//262
f 1350//261 1380//261 1379//261
f 1352//263 1354//263 1380//263
f 1380//263 1354//263 1381//263
f 1354//264 1356//264 1381//264
f 1381//264 1356//264 1382//264
f 1356//265 1358//265 1382//265
f 1382//908 1358//908 1383//908
f 1358//266 1360//266 1384//266
f 1358//909 1384//909 1383//909
f 1360//267 1362//267 1385//267
f 1360//267 1385//267 1384//267
f 1362//269 1364//269 1386//269
f 1362//269 1386//269 1385//269
f 1364//524 1366//524 1386//524
f 1386//270 1366//270 1387//270
f 1366//271 1368//271 1387//271
f 1387//271 1368//271 1388//271
f 1368//273 1370//273 1388//273
f 1388//272 1370//272 1389//272
f 1370//274 1372//274 1390//274
f 1370//274 1390//274 1389//274
f 1372//275 1374//275 1391//275
f 1372//275 1391//275 1390//275
f 1375//276 1376//276 1392//276
f 1392//276 1376//276 1393//276
f 1376//277 1377//277 1394//277
f 1376//277 1394//277 1393//277
f 1377//278 1378//278 1395//278
f 1377//278 1395//278 1394//278
f 1378//280 1379//280 1396//280
f 1378//280 1396//280 1395//280
f 1379//281 1380//281 1397//281
f 1379//281 1397//281 1396//281
f 1380//282 1381//282 1398//282
f 1380//283 1398//283 1397//283
f 1381//284 1382//284 1398//284
f 1398//284 1382//284 1399//284
f 1382//285 1383//285 1399//285
f 1399//285 1383//285 1400//285
f 1383//286 1384//286 1401//286
f 1383//286 1401//286 1400//286
f 1384//287 1385//287 1402//287
f 1384//287 1402//287 1401//287
f 1385//288 1386//288 1402//288
f 1402//289 1386//289 1403//289
f 1386//290 1387//290 1403//290
f 1403//290 1387//290 1404//290
f 1387//910 1388//910 1405//910
f 1387//291 1405//291 1404//291
f 1388//292 1389//292 1405//292
f 1405//292 1389//292 1406//292
f 1389//528 1390//528 1406//528
f 1406//293 1390//293 1407//293
f 1390//294 1391//294 1408//294
f 1390//294 1408//294 1407//294
f 1409//911 1410//911 1341//911
f 1410//330 1411//330 1341//330
f 1411//331 1412//331 1341//331
f 1412//332 1413//332 1342//332
f 1413//333 1414//333 1345//333
f 1414//334 1415//334 1347//334
f 1415//335 1416//335 1349//335
f 1416//336 1417//336 1351//336
f 1417//337 1418//337 1353//337
f 1418//338 1419//338 1355//338
f 1419//295 1420//295 1357//295
f 1420//296 1421//296 1359//296
f 1421//297 1422//297 1361//297
f 1422//298 1423//298 1365//298
f 1423//912 1424//912 1367//912
f 1424//300 1425//300 1369//300
f 1425//301 1426//301 1371//301
f 1426//302 1427//302 1373//302
f 1427//303 1410//303 1373//303
f 1410//913 1409//913 1373//913
f 1409//914 1428//914 1374//914
f 1428//915 1429//915 1391//915
f 1429//916 1087//916 1408//916
f 1087//308 1088//308 1408//308
f 1088//309 1089//309 1407//309
f 1089//310 1090//310 1406//310
f 1090//311 1086//311 1405//311
f 1086//312 1085//312 1404//312
f 1085//313 1084//313 1403//313
f 1084//314 1083//314 1402//314
f 1083//315 1082//315 1401//315
f 1082//316 1081//316 1400//316
f 1081//317 1080//317 1399//317
f 1080//318 1079//318 1398//318
f 1079//319 1078//319 1397//319
f 1078//320 1077//320 1396//320
f 1077//321 1076//321 1395//321
f 1076//322 1075//322 1394//322
f 1075//323 1074//323 1393//323
f 1074//324 1073//324 1392//324
f 1073//325 1087//325 1392//325
f 1087//917 1429//917 1392//917
f 1429//918 1428//918 1375//918
f 1428//919 1409//919 1344//919
f 1342//331 1341//331 1412//331
f 1345//332 1342//332 1413//332
f 1347//333 1345//333 1414//333
f 1349//334 1347//334 1415//334
f 1351//335 1349//335 1416//335
f 1353//336 1351//336 1417//336
f 1355//337 1353//337 1418//337
f 1341//920 1344//920 1409//920
f 1344//921 1375//921 1428//921
f 1375//922 1392//922 1429//922
f 1392//324 1393//324 1074//324
f 1393//323 1394//323 1075//323
f 1394//322 1395//322 1076//322
f 1395//321 1396//321 1077//321
f 1396//320 1397//320 1078//320
f 1397//319 1398//319 1079//319
f 1398//318 1399//318 1080//318
f 1357//338 1355//338 1419//338
f 1359//295 1357//295 1420//295
f 1361//923 1359//923 1421//923
f 1363//297 1361//297 1422//297
f 1365//298 1363//298 1422//298
f 1367//299 1365//299 1423//299
f 1369//300 1367//300 1424//300
f 1371//301 1369//301 1425//301
f 1399//317 1400//317 1081//317
f 1400//316 1401//316 1082//316
f 1401//315 1402//315 1083//315
f 1402//314 1403//314 1084//314
f 1403//313 1404//313 1085//313
f 1404//312 1405//312 1086//312
f 1405//311 1406//311 1090//311
f 1406//310 1407//310 1089//310
f 1373//302 1371//302 1426//302
f 1374//924 1373//924 1409//924
f 1391//925 1374//925 1428//925
f 1408//926 1391//926 1429//926
f 1407//309 1408//309 1088//309
f 1430//348 1431//348 1432//348
f 1432//348 1431//348 1433//348
f 1431//350 1434//350 1435//350
f 1431//350 1435//350 1433//350
f 1434//351 1436//351 1437//351
f 1434//351 1437//351 1435//351
f 1436//352 1438//352 1439//352
f 1436//352 1439//352 1437//352
f 1438//353 1440//353 1439//353
f 1439//353 1440//353 1441//353
f 1440//354 1442//354 1441//354
f 1441//354 1442//354 1443//354
f 1442//355 1444//355 1445//355
f 1442//355 1445//355 1443//355
f 1444//357 1446//357 1447//357
f 1444//357 1447//357 1445//357
f 1446//358 1448//358 1447//358
f 1447//358 1448//358 1449//358
f 1448//359 1450//359 1449//359
f 1449//359 1450//359 1451//359
f 1450//361 1452//361 1453//361
f 1450//361 1453//361 1451//361
f 1452//362 1454//362 1455//362
f 1452//362 1455//362 1453//362
f 1454//363 1456//363 1457//363
f 1454//363 1457//363 1455//363
f 1456//364 1458//364 1457//364
f 1457//364 1458//364 1459//364
f 1458//365 1460//365 1459//365
f 1459//365 1460//365 1461//365
f 1460//366 1462//366 1463//366
f 1460//366 1463//366 1461//366
f 1432//927 1433//927 1464//927
f 1464//928 1433//928 1465//928
f 1433//370 1435//370 1465//370
f 1465//370 1435//370 1466//370
f 1435//371 1437//371 1466//371
f 1466//371 1437//371 1467//371
f 1437//372 1439//372 1468//372
f 1437//372 1468//372 1467//372
f 1439//373 1441//373 1469//373
f 1439//373 1469//373 1468//373
f 1441//374 1443//374 1470//374
f 1441//374 1470//374 1469//374
f 1443//929 1445//929 1471//929
f 1443//376 1471//376 1470//376
f 1445//377 1447//377 1471//377
f 1471//377 1447//377 1472//377
f 1447//378 1449//378 1473//378
f 1447//378 1473//378 1472//378
f 1449//930 1451//930 1473//930
f 1473//931 1451//931 1474//931
f 1451//381 1453//381 1474//381
f 1474//381 1453//381 1475//381
f 1453//382 1455//382 1475//382
f 1475//382 1455//382 1476//382
f 1455//383 1457//383 1477//383
f 1455//383 1477//383 1476//383
f 1457//384 1459//384 1478//384
f 1457//384 1478//384 1477//384
f 1459//385 1461//385 1479//385
f 1459//385 1479//385 1478//385
f 1461//932 1463//932 1480//932
f 1461//387 1480//387 1479//387
f 1464//388 1465//388 1481//388
f 1481//388 1465//388 1482//388
f 1465//389 1466//389 1482//389
f 1482//389 1466//389 1483//389
f 1466//390 1467//390 1483//390
f 1483//390 1467//390 1484//390
f 1467//391 1468//391 1485//391
f 1467//391 1485//391 1484//391
f 1468//392 1469//392 1486//392
f 1468//392 1486//392 1485//392
f 1469//393 1470//393 1487//393
f 1469//393 1487//393 1486//393
f 1470//394 1471//394 1488//394
f 1470//394 1488//394 1487//394
f 1471//395 1472//395 1488//395
f 1488//395 1472//395 1489//395
f 1472//396 1473//396 1490//396
f 1472//396 1490//396 1489//396
f 1473//397 1474//397 1490//397
f 1490//397 1474//397 1491//397
f 1474//398 1475//398 1491//398
f 1491//398 1475//398 1492//398
f 1475//399 1476//399 1492//399
f 1492//399 1476//399 1493//399
f 1476//400 1477//400 1494//400
f 1476//400 1494//400 1493//400
f 1477//401 1478//401 1495//401
f 1477//401 1495//401 1494//401
f 1478//402 1479//402 1496//402
f 1478//402 1496//402 1495//402
f 1479//403 1480//403 1497//403
f 1479//403 1497//403 1496//403
f 1498//933 1499//933 1430//933
f 1499//439 1500//439 1430//439
f 1500//440 1501//440 1430//440
f 1501//441 1502//441 1431//441
f 1502//442 1503//442 1434//442
f 1503//443 1504//443 1436//443
f 1504//444 1505//444 1438//444
f 1505//445 1506//445 1440//445
f 1506//446 1507//446 1442//446
f 1507//447 1508//447 1444//447
f 1508//404 1509//404 1446//404
f 1509//405 1510//405 1448//405
f 1510//406 1511//406 1450//406
f 1511//407 1512//407 1454//407
f 1512//408 1513//408 1456//408
f 1513//409 1514//409 1458//409
f 1514//410 1515//410 1460//410
f 1515//411 1516//411 1462//411
f 1516//412 1499//412 1462//412
f 1499//934 1498//934 1462//934
f 1498//935 1517//935 1463//935
f 1517//936 1518//936 1480//936
f 1518//937 1105//937 1497//937
f 1105//417 1106//417 1497//417
f 1106//418 1107//418 1496//418
f 1107//419 1108//419 1495//419
f 1108//420 1104//420 1494//420
f 1104//421 1103//421 1493//421
f 1103//422 1102//422 1492//422
f 1102//452 1101//452 1491//452
f 1101//424 1100//424 1490//424
f 1100//425 1099//425 1489//425
f 1099//426 1098//426 1488//426
f 1098//427 1097//427 1487//427
f 1097//428 1096//428 1486//428
f 1096//429 1095//429 1485//429
f 1095//430 1094//430 1484//430
f 1094//431 1093//431 1483//431
f 1093//451 1092//451 1482//451
f 1092//433 1091//433 1481//433
f 1091//434 1105//434 1481//434
f 1105//938 1518//938 1481//938
f 1518//939 1517//939 1464//939
f 1517//940 1498//940 1432//940
f 1431//440 1430//440 1501//440
f 1434//441 1431//441 1502//441
f 1436//442 1434//442 1503//442
f 1438//443 1436//443 1504//443
f 1440//444 1438//444 1505//444
f 1442//445 1440//445 1506//445
f 1444//446 1442//446 1507//446
f 1430//941 1432//941 1498//941
f 1432//942 1464//942 1517//942
f 1464//943 1481//943 1518//943
f 1481//433 1482//433 1092//433
f 1482//451 1483//451 1093//451
f 1483//431 1484//431 1094//431
f 1484//430 1485//430 1095//430
f 1485//429 1486//429 1096//429
f 1486//428 1487//428 1097//428
f 1487//427 1488//427 1098//427
f 1446//447 1444//447 1508//447
f 1448//404 1446//404 1509//404
f 1450//405 1448//405 1510//405
f 1452//406 1450//406 1511//406
f 1454//407 1452//407 1511//407
f 1456//408 1454//408 1512//408
f 1458//409 1456//409 1513//409
f 1460//410 1458//410 1514//410
f 1488//426 1489//426 1099//426
f 1489//425 1490//425 1100//425
f 1490//424 1491//424 1101//424
f 1491//452 1492//452 1102//452
f 1492//422 1493//422 1103//422
f 1493//421 1494//421 1104//421
f 1494//420 1495//420 1108//420
f 1495//419 1496//419 1107//419
f 1462//411 1460//411 1515//411
f 1463//944 1462//944 1498//944
f 1480//945 1463//945 1517//945
f 1497//946 1480//946 1518//946
f 1496//418 1497//418 1106//418
f 1519//13 1520//13 1521//13
f 1519//13 1521//13 1522//13
f 1520//14 1523//14 1524//14
f 1520//14 1524//14 1521//14
f 1523//15 1525//15 1524//15
f 1524//15 1525//15 1526//15
f 1525//17 1527//17 1526//17
f 1526//17 1527//17 1528//17
f 1527//19 1529//19 1528//19
f 1528//19 1529//19 1530//19
f 1529//947 1531//947 1532//947
f 1529//20 1532//20 1530//20
f 1531//21 1533//21 1534//21
f 1531//21 1534//21 1532//21
f 1533//458 1535//458 1536//458
f 1533//948 1536//948 1534//948
f 1535//949 1537//949 1536//949
f 1536//950 1537//950 1538//950
f 1537//1 1539//1 1538//1
f 1538//1 1539//1 1540//1
f 1539//2 1541//2 1540//2
f 1540//2 1541//2 1542//2
f 1541//3 1543//3 1544//3
f 1541//4 1544//4 1542//4
f 1543//5 1545//5 1546//5
f 1543//5 1546//5 1544//5
f 1545//7 1547//7 1548//7
f 1545//460 1548//460 1546//460
f 1547//8 1549//8 1548//8
f 1548//8 1549//8 1550//8
f 1549//9 1551//9 1550//9
f 1550//9 1551//9 1552//9
f 1522//33 1521//33 1553//33
f 1553//33 1521//33 1554//33
f 1521//34 1524//34 1554//34
f 1554//34 1524//34 1555//34
f 1524//36 1526//36 1556//36
f 1524//35 1556//35 1555//35
f 1526//37 1528//37 1557//37
f 1526//37 1557//37 1556//37
f 1528//39 1530//39 1558//39
f 1528//858 1558//858 1557//858
f 1530//40 1532//40 1558//40
f 1558//41 1532//41 1559//41
f 1532//43 1534//43 1559//43
f 1559//43 1534//43 1560//43
f 1534//461 1536//461 1560//461
f 1560//951 1536//951 1561//951
f 1536//952 1538//952 1562//952
f 1536//953 1562//953 1561//953
f 1538//22 1540//22 1563//22
f 1538//22 1563//22 1562//22
f 1540//23 1542//23 1564//23
f 1540//23 1564//23 1563//23
f 1542//24 1544//24 1564//24
f 1564//24 1544//24 1565//24
f 1544//26 1546//26 1565//26
f 1565//26 1546//26 1566//26
f 1546//854 1548//854 1566//854
f 1566//463 1548//463 1567//463
f 1548//28 1550//28 1568//28
f 1548//28 1568//28 1567//28
f 1550//29 1552//29 1569//29
f 1550//29 1569//29 1568//29
f 1553//54 1554//54 1570//54
f 1570//54 1554//54 1571//54
f 1554//55 1555//55 1572//55
f 1554//56 1572//56 1571//56
f 1555//57 1556//57 1573//57
f 1555//57 1573//57 1572//57
f 1556//59 1557//59 1574//59
f 1556//59 1574//59 1573//59
f 1557//60 1558//60 1575//60
f 1557//60 1575//60 1574//60
f 1558//465 1559//465 1576//465
f 1558//61 1576//61 1575//61
f 1559//62 1560//62 1576//62
f 1576//62 1560//62 1577//62
f 1560//466 1561//466 1577//466
f 1577//466 1561//466 1578//466
f 1561//467 1562//467 1579//467
f 1561//467 1579//467 1578//467
f 1562//44 1563//44 1580//44
f 1562//44 1580//44 1579//44
f 1563//468 1564//468 1580//468
f 1580//45 1564//45 1581//45
f 1564//46 1565//46 1581//46
f 1581//46 1565//46 1582//46
f 1565//954 1566//954 1583//954
f 1565//47 1583//47 1582//47
f 1566//48 1567//48 1583//48
f 1583//48 1567//48 1584//48
f 1567//50 1568//50 1584//50
f 1584//49 1568//49 1585//49
f 1568//51 1569//51 1586//51
f 1568//51 1586//51 1585//51
f 1587//955 1588//955 1519//955
f 1588//63 1589//63 1519//63
f 1589//64 1590//64 1519//64
f 1590//65 1591//65 1520//65
f 1591//66 1592//66 1523//66
f 1592//67 1593//67 1525//67
f 1593//68 1594//68 1527//68
f 1594//69 1595//69 1529//69
f 1595//478 1596//478 1531//478
f 1596//71 1597//71 1533//71
f 1597//98 1598//98 1535//98
f 1598//99 1599//99 1537//99
f 1599//100 1600//100 1539//100
f 1600//101 1601//101 1543//101
f 1601//956 1602//956 1545//956
f 1602//103 1603//103 1547//103
f 1603//104 1604//104 1549//104
f 1604//105 1605//105 1551//105
f 1605//106 1588//106 1551//106
f 1588//957 1587//957 1551//957
f 1587//958 1606//958 1552//958
f 1606//959 1607//959 1569//959
f 1607//960 1123//960 1586//960
f 1123//85 1124//85 1586//85
f 1124//86 1125//86 1585//86
f 1125//87 1126//87 1584//87
f 1126//88 1122//88 1583//88
f 1122//89 1121//89 1582//89
f 1121//90 1120//90 1581//90
f 1120//91 1119//91 1580//91
f 1119//92 1118//92 1579//92
f 1118//93 1117//93 1578//93
f 1117//76 1116//76 1577//76
f 1116//77 1115//77 1576//77
f 1115//78 1114//78 1575//78
f 1114//79 1113//79 1574//79
f 1113//80 1112//80 1573//80
f 1112//81 1111//81 1572//81
f 1111//82 1110//82 1571//82
f 1110//83 1109//83 1570//83
f 1109//84 1123//84 1570//84
f 1123//961 1607//961 1570//961
f 1607//962 1606//962 1553//962
f 1606//963 1587//963 1522//963
f 1520//64 1519//64 1590//64
f 1523//65 1520//65 1591//65
f 1525//66 1523//66 1592//66
f 1527//67 1525//67 1593//67
f 1529//68 1527//68 1594//68
f 1531//111 1529//111 1595//111
f 1533//70 1531//70 1596//70
f 1519//964 1522//964 1587//964
f 1522//965 1553//965 1606//965
f 1553//966 1570//966 1607//966
f 1570//83 1571//83 1110//83
f 1571//82 1572//82 1111//82
f 1572//81 1573//81 1112//81
f 1573//80 1574//80 1113//80
f 1574//79 1575//79 1114//79
f 1575//78 1576//78 1115//78
f 1576//77 1577//77 1116//77
f 1535//71 1533//71 1597//71
f 1537//98 1535//98 1598//98
f 1539//99 1537//99 1599//99
f 1541//100 1539//100 1600//100
f 1543//101 1541//101 1600//101
f 1545//102 1543//102 1601//102
f 1547//103 1545//103 1602//103
f 1549//104 1547//104 1603//104
f 1577//76 1578//76 1117//76
f 1578//93 1579//93 1118//93
f 1579//92 1580//92 1119//92
f 1580//91 1581//91 1120//91
f 1581//90 1582//90 1121//90
f 1582//89 1583//89 1122//89
f 1583//88 1584//88 1126//88
f 1584//87 1585//87 1125//87
f 1551//105 1549//105 1604//105
f 1552//967 1551//967 1587//967
f 1569//968 1552//968 1606//968
f 1586//969 1569//969 1607//969
f 1585//86 1586//86 1124//86
f 1608//970 1609//970 1610//970
f 1610//127 1609//127 1611//127
f 1609//128 1612//128 1613//128
f 1609//128 1613//128 1611//128
f 1612//129 1614//129 1615//129
f 1612//129 1615//129 1613//129
f 1614//130 1616//130 1617//130
f 1614//130 1617//130 1615//130
f 1616//131 1618//131 1617//131
f 1617//131 1618//131 1619//131
f 1618//132 1620//132 1619//132
f 1619//132 1620//132 1621//132
f 1620//134 1622//134 1623//134
f 1620//134 1623//134 1621//134
f 1622//486 1624//486 1625//486
f 1622//486 1625//486 1623//486
f 1624//487 1626//487 1625//487
f 1625//487 1626//487 1627//487
f 1626//115 1628//115 1627//115
f 1627//971 1628//971 1629//971
f 1628//117 1630//117 1631//117
f 1628//117 1631//117 1629//117
f 1630//118 1632//118 1633//118
f 1630//118 1633//118 1631//118
f 1632//119 1634//119 1635//119
f 1632//119 1635//119 1633//119
f 1634//120 1636//120 1635//120
f 1635//120 1636//120 1637//120
f 1636//121 1638//121 1637//121
f 1637//121 1638//121 1639//121
f 1638//972 1640//972 1641//972
f 1638//123 1641//123 1639//123
f 1610//973 1611//973 1642//973
f 1642//973 1611//973 1643//973
f 1611//151 1613//151 1643//151
f 1643//151 1613//151 1644//151
f 1613//152 1615//152 1644//152
f 1644//152 1615//152 1645//152
f 1615//153 1617//153 1646//153
f 1615//153 1646//153 1645//153
f 1617//154 1619//154 1647//154
f 1617//154 1647//154 1646//154
f 1619//155 1621//155 1648//155
f 1619//155 1648//155 1647//155
f 1621//974 1623//974 1649//974
f 1621//881 1649//881 1648//881
f 1623//491 1625//491 1649//491
f 1649//491 1625//491 1650//491
f 1625//493 1627//493 1651//493
f 1625//493 1651//493 1650//493
f 1627//136 1629//136 1651//136
f 1651//495 1629//495 1652//495
f 1629//137 1631//137 1652//137
f 1652//137 1631//137 1653//137
f 1631//139 1633//139 1653//139
f 1653//139 1633//139 1654//139
f 1633//140 1635//140 1655//140
f 1633//140 1655//140 1654//140
f 1635//141 1637//141 1656//141
f 1635//141 1656//141 1655//141
f 1637//142 1639//142 1657//142
f 1637//142 1657//142 1656//142
f 1639//144 1641//144 1658//144
f 1639//880 1658//880 1657//880
f 1642//975 1643//975 1659//975
f 1659//172 1643//172 1660//172
f 1643//173 1644//173 1660//173
f 1660//173 1644//173 1661//173
f 1644//174 1645//174 1661//174
f 1661//174 1645//174 1662//174
f 1645//176 1646//176 1663//176
f 1645//176 1663//176 1662//176
f 1646//177 1647//177 1664//177
f 1646//177 1664//177 1663//177
f 1647//179 1648//179 1665//179
f 1647//179 1665//179 1664//179
f 1648//180 1649//180 1666//180
f 1648//180 1666//180 1665//180
f 1649//976 1650//976 1666//976
f 1666//498 1650//498 1667//498
f 1650//977 1651//977 1668//977
f 1650//500 1668//500 1667//500
f 1651//159 1652//159 1668//159
f 1668//159 1652//159 1669//159
f 1652//160 1653//160 1669//160
f 1669//160 1653//160 1670//160
f 1653//161 1654//161 1670//161
f 1670//161 1654//161 1671//161
f 1654//163 1655//163 1672//163
f 1654//163 1672//163 1671//163
f 1655//164 1656//164 1673//164
f 1655//164 1673//164 1672//164
f 1656//166 1657//166 1674//166
f 1656//166 1674//166 1673//166
f 1657//167 1658//167 1675//167
f 1657//167 1675//167 1674//167
f 1676//978 1677//978 1608//978
f 1677//181 1678//181 1608//181
f 1678//182 1679//182 1608//182
f 1679//183 1680//183 1609//183
f 1680//184 1681//184 1612//184
f 1681//185 1682//185 1614//185
f 1682//186 1683//186 1616//186
f 1683//187 1684//187 1618//187
f 1684//887 1685//887 1620//887
f 1685//189 1686//189 1622//189
f 1686//216 1687//216 1624//216
f 1687//502 1688//502 1626//502
f 1688//218 1689//218 1628//218
f 1689//219 1690//219 1632//219
f 1690//220 1691//220 1634//220
f 1691//221 1692//221 1636//221
f 1692//222 1693//222 1638//222
f 1693//886 1694//886 1640//886
f 1694//224 1677//224 1640//224
f 1677//979 1676//979 1640//979
f 1676//980 1695//980 1641//980
f 1695//981 1696//981 1658//981
f 1696//982 1141//982 1675//982
f 1141//203 1142//203 1675//203
f 1142//204 1143//204 1674//204
f 1143//983 1144//983 1673//983
f 1144//206 1140//206 1672//206
f 1140//207 1139//207 1671//207
f 1139//208 1138//208 1670//208
f 1138//209 1137//209 1669//209
f 1137//210 1136//210 1668//210
f 1136//211 1135//211 1667//211
f 1135//194 1134//194 1666//194
f 1134//195 1133//195 1665//195
f 1133//196 1132//196 1664//196
f 1132//197 1131//197 1663//197
f 1131//198 1130//198 1662//198
f 1130//199 1129//199 1661//199
f 1129//200 1128//200 1660//200
f 1128//201 1127//201 1659//201
f 1127//202 1141//202 1659//202
f 1141//984 1696//984 1659//984
f 1696//985 1695//985 1642//985
f 1695//986 1676//986 1610//986
f 1609//228 1608//228 1679//228
f 1612//183 1609//183 1680//183
f 1614//184 1612//184 1681//184
f 1616//185 1614//185 1682//185
f 1618//186 1616//186 1683//186
f 1620//187 1618//187 1684//187
f 1622//188 1620//188 1685//188
f 1608//987 1610//987 1676//987
f 1610//988 1642//988 1695//988
f 1642//989 1659//989 1696//989
f 1659//201 1660//201 1128//201
f 1660//200 1661//200 1129//200
f 1661//199 1662//199 1130//199
f 1662//198 1663//198 1131//198
f 1663//197 1664//197 1132//197
f 1664//196 1665//196 1133//196
f 1665//195 1666//195 1134//195
f 1624//990 1622//990 1686//990
f 1626//991 1624//991 1687//991
f 1628//217 1626//217 1688//217
f 1630//218 1628//218 1689//218
f 1632//219 1630//219 1689//219
f 1634//220 1632//220 1690//220
f 1636//221 1634//221 1691//221
f 1638//222 1636//222 1692//222
f 1666//194 1667//194 1135//194
f 1667//211 1668//211 1136//211
f 1668//210 1669//210 1137//210
f 1669//209 1670//209 1138//209
f 1670//208 1671//208 1139//208
f 1671//207 1672//207 1140//207
f 1672//206 1673//206 1144//206
f 1673//205 1674//205 1143//205
f 1640//223 1638//223 1693//223
f 1641//992 1640//992 1676//992
f 1658//993 1641//993 1695//993
f 1675//994 1658//994 1696//994
f 1674//204 1675//204 1142//204
f 1697//244 1698//244 1699//244
f 1697//244 1699//244 1700//244
f 1698//246 1701//246 1702//246
f 1698//246 1702//246 1699//246
f 1701//248 1703//248 1702//248
f 1702//517 1703//517 1704//517
f 1703//249 1705//249 1704//249
f 1704//249 1705//249 1706//249
f 1705//250 1707//250 1706//250
f 1706//250 1707//250 1708//250
f 1707//252 1709//252 1710//252
f 1707//252 1710//252 1708//252
f 1709//253 1711//253 1712//253
f 1709//253 1712//253 1710//253
f 1711//995 1713//995 1714//995
f 1711//518 1714//518 1712//518
f 1713//520 1715//520 1714//520
f 1714//996 1715//996 1716//996
f 1715//232 1717//232 1716//232
f 1716//232 1717//232 1718//232
f 1717//997 1719//997 1718//997
f 1718//233 1719//233 1720//233
f 1719//235 1721//235 1722//235
f 1719//235 1722//235 1720//235
f 1721//236 1723//236 1724//236
f 1721//236 1724//236 1722//236
f 1723//237 1725//237 1726//237
f 1723//237 1726//237 1724//237
f 1725//239 1727//239 1726//239
f 1726//239 1727//239 1728//239
f 1727//240 1729//240 1728//240
f 1728//240 1729//240 1730//240
f 1700//267 1699//267 1731//267
f 1731//267 1699//267 1732//267
f 1699//269 1702//269 1732//269
f 1732//269 1702//269 1733//269
f 1702//998 1704//998 1734//998
f 1702//524 1734//524 1733//524
f 1704//271 1706//271 1735//271
f 1704//271 1735//271 1734//271
f 1706//272 1708//272 1736//272
f 1706//273 1736//273 1735//273
f 1708//274 1710//274 1736//274
f 1736//274 1710//274 1737//274
f 1710//275 1712//275 1737//275
f 1737//275 1712//275 1738//275
f 1712//525 1714//525 1738//525
f 1738//999 1714//999 1739//999
f 1714//526 1716//526 1740//526
f 1714//1000 1740//1000 1739//1000
f 1716//255 1718//255 1741//255
f 1716//255 1741//255 1740//255
f 1718//257 1720//257 1742//257
f 1718//257 1742//257 1741//257
f 1720//259 1722//259 1742//259
f 1742//258 1722//258 1743//258
f 1722//260 1724//260 1743//260
f 1743//260 1724//260 1744//260
f 1724//261 1726//261 1744//261
f 1744//262 1726//262 1745//262
f 1726//263 1728//263 1746//263
f 1726//263 1746//263 1745//263
f 1728//264 1730//264 1747//264
f 1728//264 1747//264 1746//264
f 1731//287 1732//287 1748//287
f 1748//287 1732//287 1749//287
f 1732//289 1733//289 1750//289
f 1732//289 1750//289 1749//289
f 1733//290 1734//290 1751//290
f 1733//290 1751//290 1750//290
f 1734//291 1735//291 1752//291
f 1734//291 1752//291 1751//291
f 1735//292 1736//292 1753//292
f 1735//292 1753//292 1752//292
f 1736//528 1737//528 1754//528
f 1736//293 1754//293 1753//293
f 1737//294 1738//294 1754//294
f 1754//294 1738//294 1755//294
f 1738//529 1739//529 1755//529
f 1755//529 1739//529 1756//529
f 1739//530 1740//530 1757//530
f 1739//530 1757//530 1756//530
f 1740//276 1741//276 1758//276
f 1740//276 1758//276 1757//276
f 1741//531 1742//531 1758//531
f 1758//277 1742//277 1759//277
f 1742//278 1743//278 1759//278
f 1759//278 1743//278 1760//278
f 1743//1001 1744//1001 1761//1001
f 1743//280 1761//280 1760//280
f 1744//281 1745//281 1761//281
f 1761//281 1745//281 1762//281
f 1745//282 1746//282 1762//282
f 1762//283 1746//283 1763//283
f 1746//284 1747//284 1764//284
f 1746//284 1764//284 1763//284
f 1765//1002 1766//1002 1697//1002
f 1766//295 1767//295 1697//295
f 1767//296 1768//296 1697//296
f 1768//297 1769//297 1698//297
f 1769//298 1770//298 1701//298
f 1770//299 1771//299 1703//299
f 1771//300 1772//300 1705//300
f 1772//301 1773//301 1707//301
f 1773//302 1774//302 1709//302
f 1774//303 1775//303 1711//303
f 1775//330 1776//330 1713//330
f 1776//331 1777//331 1715//331
f 1777//332 1778//332 1717//332
f 1778//333 1779//333 1721//333
f 1779//1003 1780//1003 1723//1003
f 1780//335 1781//335 1725//335
f 1781//336 1782//336 1727//336
f 1782//337 1783//337 1729//337
f 1783//338 1766//338 1729//338
f 1766//1004 1765//1004 1729//1004
f 1765//1005 1784//1005 1730//1005
f 1784//1006 1785//1006 1747//1006
f 1785//1007 1159//1007 1764//1007
f 1159//317 1160//317 1764//317
f 1160//318 1161//318 1763//318
f 1161//319 1162//319 1762//319
f 1162//320 1158//320 1761//320
f 1158//321 1157//321 1760//321
f 1157//322 1156//322 1759//322
f 1156//323 1155//323 1758//323
f 1155//324 1154//324 1757//324
f 1154//325 1153//325 1756//325
f 1153//308 1152//308 1755//308
f 1152//309 1151//309 1754//309
f 1151//310 1150//310 1753//310
f 1150//311 1149//311 1752//311
f 1149//312 1148//312 1751//312
f 1148//313 1147//313 1750//313
f 1147//314 1146//314 1749//314
f 1146//315 1145//315 1748//315
f 1145//316 1159//316 1748//316
f 1159//1008 1785//1008 1748//1008
f 1785//1009 1784//1009 1731//1009
f 1784//1010 1765//1010 1700//1010
f 1698//296 1697//296 1768//296
f 1701//297 1698//297 1769//297
f 1703//298 1701//298 1770//298
f 1705//299 1703//299 1771//299
f 1707//300 1705//300 1772//300
f 1709//301 1707//301 1773//301
f 1711//302 1709//302 1774//302
f 1697//1011 1700//1011 1765//1011
f 1700//1012 1731//1012 1784//1012
f 1731//1013 1748//1013 1785//1013
f 1748//315 1749//315 1146//315
f 1749//314 1750//314 1147//314
f 1750//313 1751//313 1148//313
f 1751//312 1752//312 1149//312
f 1752//311 1753//311 1150//311
f 1753//310 1754//310 1151//310
f 1754//309 1755//309 1152//309
f 1713//303 1711//303 1775//303
f 1715//330 1713//330 1776//330
f 1717//1014 1715//1014 1777//1014
f 1719//332 1717//332 1778//332
f 1721//333 1719//333 1778//333
f 1723//334 1721//334 1779//334
f 1725//335 1723//335 1780//335
f 1727//336 1725//336 1781//336
f 1755//308 1756//308 1153//308
f 1756//325 1757//325 1154//325
f 1757//324 1758//324 1155//324
f 1758//323 1759//323 1156//323
f 1759//322 1760//322 1157//322
f 1760//321 1761//321 1158//321
f 1761//320 1762//320 1162//320
f 1762//319 1763//319 1161//319
f 1729//337 1727//337 1782//337
f 1730//1015 1729//1015 1765//1015
f 1747//1016 1730//1016 1784//1016
f 1764//1017 1747//1017 1785//1017
f 1763//318 1764//318 1160//318
f 1786//1018 1232//1018 1787//1018
f 1232//1019 1249//1019 1787//1019
f 1249//1020 1248//1020 1788//1020
f 1248//1021 1247//1021 1789//1021
f 1247//1022 1246//1022 1790//1022
f 1246//1023 1245//1023 1791//1023
f 1245//1024 1244//1024 1792//1024
f 1244//1025 1243//1025 1793//1025
f 1243//1026 1242//1026 1794//1026
f 1242//1027 1241//1027 1795//1027
f 1241//1028 1240//1028 1796//1028
f 1240//1029 1239//1029 1797//1029
f 1239//1030 1238//1030 1798//1030
f 1238//1031 1237//1031 1799//1031
f 1237//1032 1236//1032 1800//1032
f 1236//1033 1235//1033 1801//1033
f 1235//1034 1234//1034 1802//1034
f 1234//1035 1233//1035 1803//1035
f 1233//1036 1232//1036 1804//1036
f 1232//1037 1786//1037 1804//1037
f 1804//1038 1803//1038 1233//1038
f 1803//1039 1802//1039 1234//1039
f 1802//1040 1801//1040 1235//1040
f 1801//1041 1800//1041 1236//1041
f 1800//1042 1799//1042 1237//1042
f 1799//1043 1798//1043 1238//1043
f 1798//1044 1797//1044 1239//1044
f 1797//1045 1796//1045 1240//1045
f 1796//1046 1795//1046 1241//1046
f 1795//1047 1794//1047 1242//1047
f 1794//1048 1793//1048 1243//1048
f 1793//1049 1792//1049 1244//1049
f 1792//1050 1791//1050 1245//1050
f 1791//1051 1790//1051 1246//1051
f 1790//1052 1789//1052 1247//1052
f 1789//1053 1788//1053 1248//1053
f 1788//1054 1787//1054 1249//1054
f 1805//1055 1321//1055 1806//1055
f 1321//1056 1338//1056 1806//1056
f 1338//1057 1337//1057 1807//1057
f 1337//1058 1336//1058 1808//1058
f 1336//1059 1335//1059 1809//1059
f 1335//1060 1334//1060 1810//1060
f 1334//1061 1333//1061 1811//1061
f 1333//1062 1332//1062 1812//1062
f 1332//1063 1331//1063 1813//1063
f 1331//1064 1330//1064 1814//1064
f 1330//1065 1329//1065 1815//1065
f 1329//1066 1328//1066 1816//1066
f 1328//1067 1327//1067 1817//1067
f 1327//1068 1326//1068 1818//1068
f 1326//1069 1325//1069 1819//1069
f 1325//1070 1324//1070 1820//1070
f 1324//1071 1323//1071 1821//1071
f 1323//1072 1322//1072 1822//1072
f 1322//1073 1321//1073 1823//1073
f 1321//1074 1805//1074 1823//1074
f 1823//1075 1822//1075 1322//1075
f 1822//1076 1821//1076 1323//1076
f 1821//1077 1820//1077 1324//1077
f 1820//1078 1819//1078 1325//1078
f 1819//1079 1818//1079 1326//1079
f 1818//1080 1817//1080 1327//1080
f 1817//1081 1816//1081 1328//1081
f 1816//1082 1815//1082 1329//1082
f 1815//1083 1814//1083 1330//1083
f 1814//1084 1813//1084 1331//1084
f 1813//1085 1812//1085 1332//1085
f 1812//1086 1811//1086 1333//1086
f 1811//1087 1810//1087 1334//1087
f 1810//1088 1809//1088 1335//1088
f 1809//1089 1808//1089 1336//1089
f 1808//1090 1807//1090 1337//1090
f 1807//1091 1806//1091 1338//1091
f 1824//1092 1410//1092 1825//1092
f 1410//1093 1427//1093 1825//1093
f 1427//1094 1426//1094 1826//1094
f 1426//1095 1425//1095 1827//1095
f 1425//1096 1424//1096 1828//1096
f 1424//1097 1423//1097 1829//1097
f 1423//1098 1422//1098 1830//1098
f 1422//1099 1421//1099 1831//1099
f 1421//1100 1420//1100 1832//1100
f 1420//1101 1419//1101 1833//1101
f 1419//1102 1418//1102 1834//1102
f 1418//1103 1417//1103 1835//1103
f 1417//1104 1416//1104 1836//1104
f 1416//1105 1415//1105 1837//1105
f 1415//1106 1414//1106 1838//1106
f 1414//1107 1413//1107 1839//1107
f 1413//1108 1412//1108 1840//1108
f 1412//1109 1411//1109 1841//1109
f 1411//1110 1410//1110 1842//1110
f 1410//1111 1824//1111 1842//1111
f 1842//1112 1841//1112 1411//1112
f 1841//1113 1840//1113 1412//1113
f 1840//1114 1839//1114 1413//1114
f 1839//1115 1838//1115 1414//1115
f 1838//1116 1837//1116 1415//1116
f 1837//1117 1836//1117 1416//1117
f 1836//1118 1835//1118 1417//1118
f 1835//1119 1834//1119 1418//1119
f 1834//1120 1833//1120 1419//1120
f 1833//1121 1832//1121 1420//1121
f 1832//1122 1831//1122 1421//1122
f 1831//1123 1830//1123 1422//1123
f 1830//1124 1829//1124 1423//1124
f 1829//1125 1828//1125 1424//1125
f 1828//1126 1827//1126 1425//1126
f 1827//1127 1826//1127 1426//1127
f 1826//1128 1825//1128 1427//1128
f 1843//1129 1499//1129 1844//1129
f 1499//1130 1516//1130 1844//1130
f 1516//1131 1515//1131 1845//1131
f 1515//1132 1514//1132 1846//1132
f 1514//1133 1513//1133 1847//1133
f 1513//1134 1512//1134 1848//1134
f 1512//1135 1511//1135 1849//1135
f 1511//1136 1510//1136 1850//1136
f 1510//1137 1509//1137 1851//1137
f 1509//1138 1508//1138 1852//1138
f 1508//1139 1507//1139 1853//1139
f 1507//1140 1506//1140 1854//1140
f 1506//1141 1505//1141 1855//1141
f 1505//1142 1504//1142 1856//1142
f 1504//1143 1503//1143 1857//1143
f 1503//1144 1502//1144 1858//1144
f 1502//1145 1501//1145 1859//1145
f 1501//1146 1500//1146 1860//1146
f 1500//1147 1499//1147 1861//1147
f 1499//1148 1843//1148 1861//1148
f 1861//1149 1860//1149 1500//1149
f 1860//1150 1859//1150 1501//1150
f 1859//1151 1858//1151 1502//1151
f 1858//1152 1857//1152 1503//1152
f 1857//1153 1856//1153 1504//1153
f 1856//1154 1855//1154 1505//1154
f 1855//1155 1854//1155 1506//1155
f 1854//1156 1853//1156 1507//1156
f 1853//1157 1852//1157 1508//1157
f 1852//1158 1851//1158 1509//1158
f 1851//1159 1850//1159 1510//1159
f 1850//1160 1849//1160 1511//1160
f 1849//1161 1848//1161 1512//1161
f 1848//1162 1847//1162 1513//1162
f 1847//1163 1846//1163 1514//1163
f 1846//1164 1845//1164 1515//1164
f 1845//1165 1844//1165 1516//1165
f 1862//1166 1588//1166 1863//1166
f 1588//1167 1605//1167 1863//1167
f 1605//1168 1604//1168 1864//1168
f 1604//1169 1603//1169 1865//1169
f 1603//1170 1602//1170 1866//1170
f 1602//1171 1601//1171 1867//1171
f 1601//1172 1600//1172 1868//1172
f 1600//1173 1599//1173 1869//1173
f 1599//1174 1598//1174 1870//1174
f 1598//1175 1597//1175 1871//1175
f 1597//1176 1596//1176 1872//1176
f 1596//1177 1595//1177 1873//1177
f 1595//1178 1594//1178 1874//1178
f 1594//1179 1593//1179 1875//1179
f 1593//1180 1592//1180 1876//1180
f 1592//1181 1591//1181 1877//1181
f 1591//1182 1590//1182 1878//1182
f 1590//1183 1589//1183 1879//1183
f 1589//1184 1588//1184 1880//1184
f 1588//1185 1862//1185 1880//1185
f 1880//1186 1879//1186 1589//1186
f 1879//1187 1878//1187 1590//1187
f 1878//1188 1877//1188 1591//1188
f 1877//1189 1876//1189 1592//1189
f 1876//1190 1875//1190 1593//1190
f 1875//1191 1874//1191 1594//1191
f 1874//1192 1873//1192 1595//1192
f 1873//1193 1872//1193 1596//1193
f 1872//1194 1871//1194 1597//1194
f 1871//1195 1870//1195 1598//1195
f 1870//1196 1869//1196 1599//1196
f 1869//1197 1868//1197 1600//1197
f 1868//1198 1867//1198 1601//1198
f 1867//1199 1866//1199 1602//1199
f 1866//1200 1865//1200 1603//1200
f 1865//1201 1864//1201 1604//1201
f 1864//1202 1863//1202 1605//1202
f 1881//1203 1677//1203 1882//1203
f 1677//1204 1694//1204 1882//1204
f 1694//1205 1693//1205 1883//1205
f 1693//1206 1692//1206 1884//1206
f 1692//1207 1691//1207 1885//1207
f 1691//1208 1690//1208 1886//1208
f 1690//1209 1689//1209 1887//1209
f 1689//1210 1688//1210 1888//1210
f 1688//1211 1687//1211 1889//1211
f 1687//1212 1686//1212 1890//1212
f 1686//1213 1685//1213 1891//1213
f 1685//1214 1684//1214 1892//1214
f 1684//1215 1683//1215 1893//1215
f 1683//1216 1682//1216 1894//1216
f 1682//1217 1681//1217 1895//1217
f 1681//1218 1680//1218 1896//1218
f 1680//1219 1679//1219 1897//1219
f 1679//1220 1678//1220 1898//1220
f 1678//1221 1677//1221 1899//1221
f 1677//1222 1881//1222 1899//1222
f 1899//1223 1898//1223 1678//1223
f 1898//1224 1897//1224 1679//1224
f 1897//1225 1896//1225 1680//1225
f 1896//1226 1895//1226 1681//1226
f 1895//1227 1894//1227 1682//1227
f 1894//1228 1893//1228 1683//1228
f 1893//1229 1892//1229 1684//1229
f 1892//1230 1891//1230 1685//1230
f 1891//1231 1890//1231 1686//1231
f 1890//1232 1889//1232 1687//1232
f 1889//1233 1888//1233 1688//1233
f 1888//1234 1887//1234 1689//1234
f 1887//1235 1886//1235 1690//1235
f 1886//1236 1885//1236 1691//1236
f 1885//1237 1884//1237 1692//1237
f 1884//1238 1883//1238 1693//1238
f 1883//1239 1882//1239 1694//1239
f 1900//1240 1766//1240 1901//1240
f 1766//1241 1783//1241 1901//1241
f 1783//1242 1782//1242 1902//1242
f 1782//1243 1781//1243 1903//1243
f 1781//1244 1780//1244 1904//1244
f 1780//1245 1779//1245 1905//1245
f 1779//1246 1778//1246 1906//1246
f 1778//1247 1777//1247 1907//1247
f 1777//1248 1776//1248 1908//1248
f 1776//1249 1775//1249 1909//1249
f 1775//1250 1774//1250 1910//1250
f 1774//1251 1773//1251 1911//1251
f 1773//1252 1772//1252 1912//1252
f 1772//1253 1771//1253 1913//1253
f 1771//1254 1770//1254 1914//1254
f 1770//1255 1769//1255 1915//1255
f 1769//1256 1768//1256 1916//1256
f 1768//1257 1767//1257 1917//1257
f 1767//1258 1766//1258 1918//1258
f 1766//1259 1900//1259 1918//1259
f 1918//1260 1917//1260 1767//1260
f 1917//1261 1916//1261 1768//1261
f 1916//1262 1915//1262 1769//1262
f 1915//1263 1914//1263 1770//1263
f 1914//1264 1913//1264 1771//1264
f 1913//1265 1912//1265 1772//1265
f 1912//1266 1911//1266 1773//1266
f 1911//1267 1910//1267 1774//1267
f 1910//1268 1909//1268 1775//1268
f 1909//1269 1908//1269 1776//1269
f 1908//1270 1907//1270 1777//1270
f 1907//1271 1906//1271 1778//1271
f 1906//1272 1905//1272 1779//1272
f 1905//1273 1904//1273 1780//1273
f 1904//1274 1903//1274 1781//1274
f 1903//1275 1902//1275 1782//1275
f 1902//1276 1901//1276 1783//1276
f 1919//1277 1920//1277 1921//1277
f 1919//1278 1921//1278 1922//1278
f 1920//1279 1923//1279 1924//1279
f 1920//1280 1924//1280 1921//1280
f 1923//1281 1925//1281 1926//1281
f 1923//1282 1926//1282 1924//1282
f 1925//1283 1927//1283 1928//1283
f 1925//1284 1928//1284 1926//1284
f 1927//1285 1929//1285 1930//1285
f 1927//1286 1930//1286 1928//1286
f 1929//1287 1931//1287 1932//1287
f 1929//1288 1932//1288 1930//1288
f 1931//1289 1933//1289 1932//1289
f 1932//1290 1933//1290 1934//1290
f 1933//1291 1935//1291 1934//1291
f 1934//1292 1935//1292 1936//1292
f 1935//1293 1937//1293 1936//1293
f 1936//1294 1937//1294 1938//1294
f 1937//1295 1939//1295 1938//1295
f 1938//1296 1939//1296 1940//1296
f 1939//1297 1941//1297 1940//1297
f 1940//1298 1941//1298 1942//1298
f 1941//1299 1943//1299 1942//1299
f 1942//1300 1943//1300 1944//1300
f 1943//1301 1945//1301 1946//1301
f 1943//1302 1946//1302 1944//1302
f 1945//1303 1947//1303 1948//1303
f 1945//1304 1948//1304 1946//1304
f 1947//1305 1949//1305 1950//1305
f 1947//1306 1950//1306 1948//1306
f 1949//1307 1951//1307 1952//1307
f 1949//1308 1952//1308 1950//1308
f 1951//1309 1953//1309 1954//1309
f 1951//1310 1954//1310 1952//1310
f 1953//1311 1955//1311 1956//1311
f 1953//1312 1956//1312 1954//1312
f 1955//1313 1957//1313 1958//1313
f 1955//1314 1958//1314 1956//1314
f 1957//1315 1959//1315 1958//1315
f 1958//1316 1959//1316 1960//1316
f 1959//1317 1961//1317 1960//1317
f 1960//1318 1961//1318 1962//1318
f 1961//1319 1963//1319 1962//1319
f 1962//1320 1963//1320 1964//1320
f 1963//1321 1965//1321 1964//1321
f 1964//1322 1965//1322 1966//1322
f 1965//1323 1967//1323 1966//1323
f 1966//1324 1967//1324 1968//1324
f 1967//1325 1969//1325 1968//1325
f 1968//1326 1969//1326 1970//1326
f 1922//1327 1921//1327 1971//1327
f 1971//1328 1921//1328 1972//1328
f 1921//1329 1924//1329 1972//1329
f 1972//1330 1924//1330 1973//1330
f 1924//1331 1926//1331 1973//1331
f 1973//1332 1926//1332 1974//1332
f 1926//1333 1928//1333 1974//1333
f 1974//1334 1928//1334 1975//1334
f 1928//1335 1930//1335 1975//1335
f 1975//1336 1930//1336 1976//1336
f 1930//1337 1932//1337 1976//1337
f 1976//1338 1932//1338 1977//1338
f 1932//1339 1934//1339 1978//1339
f 1932//1340 1978//1340 1977//1340
f 1934//1341 1936//1341 1979//1341
f 1934//1342 1979//1342 1978//1342
f 1936//1343 1938//1343 1980//1343
f 1936//1344 1980//1344 1979//1344
f 1938//1345 1940//1345 1981//1345
f 1938//1346 1981//1346 1980//1346
f 1940//1347 1942//1347 1982//1347
f 1940//1348 1982//1348 1981//1348
f 1942//1349 1944//1349 1983//1349
f 1942//1350 1983//1350 1982//1350
f 1944//1351 1946//1351 1983//1351
f 1983//1352 1946//1352 1984//1352
f 1946//1353 1948//1353 1984//1353
f 1984//1354 1948//1354 1985//1354
f 1948//1355 1950//1355 1985//1355
f 1985//1356 1950//1356 1986//1356
f 1950//1357 1952//1357 1986//1357
f 1986//1358 1952//1358 1987//1358
f 1952//1359 1954//1359 1987//1359
f 1987//1360 1954//1360 1988//1360
f 1954//1361 1956//1361 1988//1361
f 1988//1362 1956//1362 1989//1362
f 1956//1363 1958//1363 1989//1363
f 1989//1364 1958//1364 1990//1364
f 1958//1365 1960//1365 1991//1365
f 1958//1366 1991//1366 1990//1366
f 1960//1367 1962//1367 1992//1367
f 1960//1368 1992//1368 1991//1368
f 1962//1369 1964//1369 1993//1369
f 1962//1370 1993//1370 1992//1370
f 1964//1371 1966//1371 1994//1371
f 1964//1372 1994//1372 1993//1372
f 1966//1373 1968//1373 1995//1373
f 1966//1374 1995//1374 1994//1374
f 1968//1375 1970//1375 1996//1375
f 1968//1376 1996//1376 1995//1376
f 1997//1377 1998//1377 1919//1377
f 1998//1378 1999//1378 1919//1378
f 1999//1379 2000//1379 1920//1379
f 2000//1380 2001//1380 1923//1380
f 2001//1381 2002//1381 1925//1381
f 2002//1382 2003//1382 1927//1382
f 2003//1383 2004//1383 1929//1383
f 2004//1384 2005//1384 1931//1384
f 2005//1385 2006//1385 1933//1385
f 2006//1386 2007//1386 1937//1386
f 2007//1387 2008//1387 1939//1387
f 2008//1388 2009//1388 1941//1388
f 2009//1389 2010//1389 1943//1389
f 2010//1390 2011//1390 1945//1390
f 2011//1391 2012//1391 1947//1391
f 2012//1392 2013//1392 1949//1392
f 2013//1393 2014//1393 1951//1393
f 2014//1394 2015//1394 1953//1394
f 2015//1395 2016//1395 1955//1395
f 2016//1396 2017//1396 1957//1396
f 2017//1397 2018//1397 1959//1397
f 2018//1398 2019//1398 1963//1398
f 2019//1399 2020//1399 1965//1399
f 2020//1400 2021//1400 1967//1400
f 2021//1401 2022//1401 1969//1401
f 2022//1402 1998//1402 1969//1402
f 1998//1403 1997//1403 1969//1403
f 1997//1404 2023//1404 1970//1404
f 2023//1405 1786//1405 1996//1405
f 1786//1406 1787//1406 1995//1406
f 1787//1407 1788//1407 1993//1407
f 1788//1408 1789//1408 1992//1408
f 1789//1409 1790//1409 1991//1409
f 1790//1410 1791//1410 1990//1410
f 1791//1411 1792//1411 1989//1411
f 1792//1412 1793//1412 1988//1412
f 1793//1413 1794//1413 1987//1413
f 1794//1414 1795//1414 1986//1414
f 1795//1415 1796//1415 1983//1415
f 1796//1416 1797//1416 1981//1416
f 1797//1417 1798//1417 1980//1417
f 1798//1418 1799//1418 1979//1418
f 1799//1419 1800//1419 1978//1419
f 1800//1420 1801//1420 1977//1420
f 1801//1421 1802//1421 1976//1421
f 1802//1422 1803//1422 1975//1422
f 1803//1423 1804//1423 1974//1423
f 1804//1424 1786//1424 1971//1424
f 1786//1425 2023//1425 1971//1425
f 2023//1426 1997//1426 1922//1426
f 1920//1427 1919//1427 1999//1427
f 1923//1428 1920//1428 2000//1428
f 1925//1429 1923//1429 2001//1429
f 1927//1430 1925//1430 2002//1430
f 1929//1431 1927//1431 2003//1431
f 1931//1432 1929//1432 2004//1432
f 1933//1433 1931//1433 2005//1433
f 1919//1434 1922//1434 1997//1434
f 1922//1435 1971//1435 2023//1435
f 1971//1436 1972//1436 1804//1436
f 1972//1437 1973//1437 1804//1437
f 1973//1438 1974//1438 1804//1438
f 1974//1439 1975//1439 1803//1439
f 1975//1440 1976//1440 1802//1440
f 1976//1441 1977//1441 1801//1441
f 1977//1442 1978//1442 1800//1442
f 1935//1443 1933//1443 2006//1443
f 1937//1444 1935//1444 2006//1444
f 1939//1445 1937//1445 2007//1445
f 1941//1446 1939//1446 2008//1446
f 1943//1447 1941//1447 2009//1447
f 1945//1448 1943//1448 2010//1448
f 1947//1449 1945//1449 2011//1449
f 1949//1450 1947//1450 2012//1450
f 1978//1451 1979//1451 1799//1451
f 1979//1452 1980//1452 1798//1452
f 1980//1453 1981//1453 1797//1453
f 1981//1454 1982//1454 1796//1454
f 1982//1455 1983//1455 1796//1455
f 1983//1456 1984//1456 1795//1456
f 1984//1457 1985//1457 1795//1457
f 1985//1458 1986//1458 1795//1458
f 1951//1459 1949//1459 2013//1459
f 1953//1460 1951//1460 2014//1460
f 1955//1461 1953//1461 2015//1461
f 1957//1462 1955//1462 2016//1462
f 1959//1463 1957//1463 2017//1463
f 1961//1464 1959//1464 2018//1464
f 1963//1465 1961//1465 2018//1465
f 1965//1466 1963//1466 2019//1466
f 1986//1467 1987//1467 1794//1467
f 1987//1468 1988//1468 1793//1468
f 1988//1469 1989//1469 1792//1469
f 1989//1470 1990//1470 1791//1470
f 1990//1471 1991//1471 1790//1471
f 1991//1472 1992//1472 1789//1472
f 1992//1473 1993//1473 1788//1473
f 1993//1474 1994//1474 1787//1474
f 1967//1475 1965//1475 2020//1475
f 1969//1476 1967//1476 2021//1476
f 1970//1477 1969//1477 1997//1477
f 1996//1478 1970//1478 2023//1478
f 1994//1479 1995//1479 1787//1479
f 1995//1480 1996//1480 1786//1480
f 2024//1481 2025//1481 2026//1481
f 2024//1482 2026//1482 2027//1482
f 2025//1483 2028//1483 2029//1483
f 2025//1484 2029//1484 2026//1484
f 2028//1485 2030//1485 2031//1485
f 2028//1486 2031//1486 2029//1486
f 2030//1487 2032//1487 2033//1487
f 2030//1488 2033//1488 2031//1488
f 2032//1489 2034//1489 2035//1489
f 2032//1490 2035//1490 2033//1490
f 2034//1491 2036//1491 2037//1491
f 2034//1492 2037//1492 2035//1492
f 2036//1493 2038//1493 2037//1493
f 2037//1494 2038//1494 2039//1494
f 2038//1495 2040//1495 2039//1495
f 2039//1496 2040//1496 2041//1496
f 2040//1497 2042//1497 2041//1497
f 2041//1498 2042//1498 2043//1498
f 2042//1499 2044//1499 2043//1499
f 2043//1500 2044//1500 2045//1500
f 2044//1501 2046//1501 2045//1501
f 2045//1502 2046//1502 2047//1502
f 2046//1503 2048//1503 2047//1503
f 2047//1504 2048//1504 2049//1504
f 2048//1505 2050//1505 2051//1505
f 2048//1506 2051//1506 2049//1506
f 2050//1507 2052//1507 2053//1507
f 2050//1508 2053//1508 2051//1508
f 2052//1509 2054//1509 2055//1509
f 2052//1510 2055//1510 2053//1510
f 2054//1511 2056//1511 2057//1511
f 2054//1512 2057//1512 2055//1512
f 2056//1513 2058//1513 2059//1513
f 2056//1514 2059//1514 2057//1514
f 2058//1515 2060//1515 2061//1515
f 2058//1516 2061//1516 2059//1516
f 2060//1517 2062//1517 2063//1517
f 2060//1518 2063//1518 2061//1518
f 2062//1519 2064//1519 2063//1519
f 2063//1520 2064//1520 2065//1520
f 2064//1521 2066//1521 2065//1521
f 2065//1522 2066//1522 2067//1522
f 2066//1523 2068//1523 2067//1523
f 2067//1524 2068//1524 2069//1524
f 2068//1525 2070//1525 2069//1525
f 2069//1526 2070//1526 2071//1526
f 2070//1527 2072//1527 2071//1527
f 2071//1528 2072//1528 2073//1528
f 2072//1529 2074//1529 2073//1529
f 2073//1530 2074//1530 2075//1530
f 2027//1531 2026//1531 2076//1531
f 2076//1532 2026//1532 2077//1532
f 2026//1533 2029//1533 2077//1533
f 2077//1534 2029//1534 2078//1534
f 2029//1535 2031//1535 2078//1535
f 2078//1536 2031//1536 2079//1536
f 2031//1537 2033//1537 2079//1537
f 2079//1538 2033//1538 2080//1538
f 2033//1539 2035//1539 2080//1539
f 2080//1540 2035//1540 2081//1540
f 2035//1541 2037//1541 2081//1541
f 2081//1542 2037//1542 2082//1542
f 2037//1543 2039//1543 2083//1543
f 2037//1544 2083//1544 2082//1544
f 2039//1545 2041//1545 2084//1545
f 2039//1546 2084//1546 2083//1546
f 2041//1547 2043//1547 2085//1547
f 2041//1548 2085//1548 2084//1548
f 2043//1549 2045//1549 2086//1549
f 2043//1550 2086//1550 2085//1550
f 2045//1551 2047//1551 2087//1551
f 2045//1552 2087//1552 2086//1552
f 2047//1553 2049//1553 2088//1553
f 2047//1554 2088//1554 2087//1554
f 2049//1555 2051//1555 2088//1555
f 2088//1556 2051//1556 2089//1556
f 2051//1557 2053//1557 2089//1557
f 2089//1558 2053//1558 2090//1558
f 2053//1559 2055//1559 2090//1559
f 2090//1560 2055//1560 2091//1560
f 2055//1561 2057//1561 2091//1561
f 2091//1562 2057//1562 2092//1562
f 2057//1563 2059//1563 2092//1563
f 2092//1564 2059//1564 2093//1564
f 2059//1565 2061//1565 2093//1565
f 2093//1566 2061//1566 2094//1566
f 2061//1567 2063//1567 2094//1567
f 2094//1568 2063//1568 2095//1568
f 2063//1569 2065//1569 2096//1569
f 2063//1570 2096//1570 2095//1570
f 2065//1571 2067//1571 2097//1571
f 2065//1572 2097//1572 2096//1572
f 2067//1573 2069//1573 2098//1573
f 2067//1574 2098//1574 2097//1574
f 2069//1575 2071//1575 2099//1575
f 2069//1576 2099//1576 2098//1576
f 2071//1577 2073//1577 2100//1577
f 2071//1578 2100//1578 2099//1578
f 2073//1579 2075//1579 2101//1579
f 2073//1580 2101//1580 2100//1580
f 2102//1581 2103//1581 2024//1581
f 2103//1582 2104//1582 2024//1582
f 2104//1583 2105//1583 2025//1583
f 2105//1584 2106//1584 2028//1584
f 2106//1585 2107//1585 2030//1585
f 2107//1586 2108//1586 2032//1586
f 2108//1587 2109//1587 2034//1587
f 2109//1588 2110//1588 2036//1588
f 2110//1589 2111//1589 2038//1589
f 2111//1590 2112//1590 2042//1590
f 2112//1591 2113//1591 2044//1591
f 2113//1592 2114//1592 2046//1592
f 2114//1593 2115//1593 2048//1593
f 2115//1594 2116//1594 2050//1594
f 2116//1595 2117//1595 2052//1595
f 2117//1596 2118//1596 2054//1596
f 2118//1597 2119//1597 2056//1597
f 2119//1598 2120//1598 2058//1598
f 2120//1599 2121//1599 2060//1599
f 2121//1600 2122//1600 2062//1600
f 2122//1601 2123//1601 2064//1601
f 2123//1602 2124//1602 2068//1602
f 2124//1603 2125//1603 2070//1603
f 2125//1604 2126//1604 2072//1604
f 2126//1605 2127//1605 2074//1605
f 2127//1606 2103//1606 2074//1606
f 2103//1607 2102//1607 2074//1607
f 2102//1608 2128//1608 2075//1608
f 2128//1609 1805//1609 2101//1609
f 1805//1610 1806//1610 2100//1610
f 1806//1611 1807//1611 2098//1611
f 1807//1612 1808//1612 2097//1612
f 1808//1613 1809//1613 2096//1613
f 1809//1614 1810//1614 2095//1614
f 1810//1615 1811//1615 2094//1615
f 1811//1616 1812//1616 2093//1616
f 1812//1617 1813//1617 2092//1617
f 1813//1618 1814//1618 2091//1618
f 1814//1619 1815//1619 2088//1619
f 1815//1620 1816//1620 2086//1620
f 1816//1621 1817//1621 2085//1621
f 1817//1622 1818//1622 2084//1622
f 1818//1623 1819//1623 2083//1623
f 1819//1624 1820//1624 2082//1624
f 1820//1625 1821//1625 2081//1625
f 1821//1626 1822//1626 2080//1626
f 1822//1627 1823//1627 2079//1627
f 1823//1628 1805//1628 2076//1628
f 1805//1629 2128//1629 2076//1629
f 2128//1630 2102//1630 2027//1630
f 2025//1631 2024//1631 2104//1631
f 2028//1632 2025//1632 2105//1632
f 2030//1633 2028//1633 2106//1633
f 2032//1634 2030//1634 2107//1634
f 2034//1635 2032//1635 2108//1635
f 2036//1636 2034//1636 2109//1636
f 2038//1637 2036//1637 2110//1637
f 2024//1638 2027//1638 2102//1638
f 2027//1639 2076//1639 2128//1639
f 2076//1640 2077//1640 1823//1640
f 2077//1641 2078//1641 1823//1641
f 2078//1642 2079//1642 1823//1642
f 2079//1643 2080//1643 1822//1643
f 2080//1644 2081//1644 1821//1644
f 2081//1645 2082//1645 1820//1645
f 2082//1646 2083//1646 1819//1646
f 2040//1647 2038//1647 2111//1647
f 2042//1648 2040//1648 2111//1648
f 2044//1649 2042//1649 2112//1649
f 2046//1650 2044//1650 2113//1650
f 2048//1651 2046//1651 2114//1651
f 2050//1652 2048//1652 2115//1652
f 2052//1653 2050//1653 2116//1653
f 2054//1654 2052//1654 2117//1654
f 2083//1655 2084//1655 1818//1655
f 2084//1656 2085//1656 1817//1656
f 2085//1657 2086//1657 1816//1657
f 2086//1658 2087//1658 1815//1658
f 2087//1659 2088//1659 1815//1659
f 2088//1660 2089//1660 1814//1660
f 2089//1661 2090//1661 1814//1661
f 2090//1662 2091//1662 1814//1662
f 2056//1663 2054//1663 2118//1663
f 2058//1664 2056//1664 2119//1664
f 2060//1665 2058//1665 2120//1665
f 2062//1666 2060//1666 2121//1666
f 2064//1667 2062//1667 2122//1667
f 2066//1668 2064//1668 2123//1668
f 2068//1669 2066//1669 2123//1669
f 2070//1670 2068//1670 2124//1670
f 2091//1671 2092//1671 1813//1671
f 2092//1672 2093//1672 1812//1672
f 2093//1673 2094//1673 1811//1673
f 2094//1674 2095//1674 1810//1674
f 2095//1675 2096//1675 1809//1675
f 2096//1676 2097//1676 1808//1676
f 2097//1677 2098//1677 1807//1677
f 2098//1678 2099//1678 1806//1678
f 2072//1679 2070//1679 2125//1679
f 2074//1680 2072//1680 2126//1680
f 2075//1681 2074//1681 2102//1681
f 2101//1682 2075//1682 2128//1682
f 2099//1683 2100//1683 1806//1683
f 2100//1684 2101//1684 1805//1684
f 2129//1685 2130//1685 2131//1685
f 2129//1686 2131//1686 2132//1686
f 2130//1687 2133//1687 2134//1687
f 2130//1688 2134//1688 2131//1688
f 2133//1689 2135//1689 2136//1689
f 2133//1690 2136//1690 2134//1690
f 2135//1691 2137//1691 2138//1691
f 2135//1692 2138//1692 2136//1692
f 2137//1693 2139//1693 2140//1693
f 2137//1694 2140//1694 2138//1694
f 2139//1695 2141//1695 2142//1695
f 2139//1696 2142//1696 2140//1696
f 2141//1697 2143//1697 2142//1697
f 2142//1698 2143//1698 2144//1698
f 2143//1699 2145//1699 2144//1699
f 2144//1700 2145//1700 2146//1700
f 2145//1701 2147//1701 2146//1701
f 2146//1702 2147//1702 2148//1702
f 2147//1703 2149//1703 2148//1703
f 2148//1704 2149//1704 2150//1704
f 2149//1705 2151//1705 2150//1705
f 2150//1706 2151//1706 2152//1706
f 2151//1707 2153//1707 2152//1707
f 2152//1708 2153//1708 2154//1708
f 2153//1709 2155//1709 2156//1709
f 2153//1710 2156//1710 2154//1710
f 2155//1711 2157//1711 2158//1711
f 2155//1712 2158//1712 2156//1712
f 2157//1713 2159//1713 2160//1713
f 2157//1714 2160//1714 2158//1714
f 2159//1715 2161//1715 2162//1715
f 2159//1716 2162//1716 2160//1716
f 2161//1717 2163//1717 2164//1717
f 2161//1718 2164//1718 2162//1718
f 2163//1719 2165//1719 2166//1719
f 2163//1720 2166//1720 2164//1720
f 2165//1721 2167//1721 2168//1721
f 2165//1722 2168//1722 2166//1722
f 2167//1723 2169//1723 2168//1723
f 2168//1724 2169//1724 2170//1724
f 2169//1725 2171//1725 2170//1725
f 2170//1726 2171//1726 2172//1726
f 2171//1727 2173//1727 2172//1727
f 2172//1728 2173//1728 2174//1728
f 2173//1729 2175//1729 2174//1729
f 2174//1730 2175//1730 2176//1730
f 2175//1731 2177//1731 2176//1731
f 2176//1732 2177//1732 2178//1732
f 2177//1733 2179//1733 2178//1733
f 2178//1734 2179//1734 2180//1734
f 2132//1735 2131//1735 2181//1735
f 2181//1736 2131//1736 2182//1736
f 2131//1737 2134//1737 2182//1737
f 2182//1738 2134//1738 2183//1738
f 2134//1739 2136//1739 2183//1739
f 2183//1740 2136//1740 2184//1740
f 2136//1741 2138//1741 2184//1741
f 2184//1742 2138//1742 2185//1742
f 2138//1743 2140//1743 2185//1743
f 2185//1744 2140//1744 2186//1744
f 2140//1745 2142//1745 2186//1745
f 2186//1746 2142//1746 2187//1746
f 2142//1747 2144//1747 2188//1747
f 2142//1748 2188//1748 2187//1748
f 2144//1749 2146//1749 2189//1749
f 2144//1750 2189//1750 2188//1750
f 2146//1751 2148//1751 2190//1751
f 2146//1752 2190//1752 2189//1752
f 2148//1753 2150//1753 2191//1753
f 2148//1754 2191//1754 2190//1754
f 2150//1755 2152//1755 2192//1755
f 2150//1756 2192//1756 2191//1756
f 2152//1757 2154//1757 2193//1757
f 2152//1758 2193//1758 2192//1758
f 2154//1759 2156//1759 2193//1759
f 2193//1760 2156//1760 2194//1760
f 2156//1761 2158//1761 2194//1761
f 2194//1762 2158//1762 2195//1762
f 2158//1763 2160//1763 2195//1763
f 2195//1764 2160//1764 2196//1764
f 2160//1765 2162//1765 2196//1765
f 2196//1766 2162//1766 2197//1766
f 2162//1767 2164//1767 2197//1767
f 2197//1768 2164//1768 2198//1768
f 2164//1769 2166//1769 2198//1769
f 2198//1770 2166//1770 2199//1770
f 2166//1771 2168//1771 2199//1771
f 2199//1772 2168//1772 2200//1772
f 2168//1773 2170//1773 2201//1773
f 2168//1774 2201//1774 2200//1774
f 2170//1775 2172//1775 2202//1775
f 2170//1776 2202//1776 2201//1776
f 2172//1777 2174//1777 2203//1777
f 2172//1778 2203//1778 2202//1778
f 2174//1779 2176//1779 2204//1779
f 2174//1780 2204//1780 2203//1780
f 2176//1781 2178//1781 2205//1781
f 2176//1782 2205//1782 2204//1782
f 2178//1783 2180//1783 2206//1783
f 2178//1784 2206//1784 2205//1784
f 2207//1785 2208//1785 2129//1785
f 2208//1786 2209//1786 2129//1786
f 2209//1787 2210//1787 2130//1787
f 2210//1788 2211//1788 2133//1788
f 2211//1789 2212//1789 2135//1789
f 2212//1790 2213//1790 2137//1790
f 2213//1791 2214//1791 2139//1791
f 2214//1792 2215//1792 2141//1792
f 2215//1793 2216//1793 2143//1793
f 2216//1794 2217//1794 2147//1794
f 2217//1795 2218//1795 2149//1795
f 2218//1796 2219//1796 2151//1796
f 2219//1797 2220//1797 2153//1797
f 2220//1798 2221//1798 2155//1798
f 2221//1799 2222//1799 2157//1799
f 2222//1800 2223//1800 2159//1800
f 2223//1801 2224//1801 2161//1801
f 2224//1802 2225//1802 2163//1802
f 2225//1803 2226//1803 2165//1803
f 2226//1804 2227//1804 2167//1804
f 2227//1805 2228//1805 2169//1805
f 2228//1806 2229//1806 2173//1806
f 2229//1807 2230//1807 2175//1807
f 2230//1808 2231//1808 2177//1808
f 2231//1809 2232//1809 2179//1809
f 2232//1810 2208//1810 2179//1810
f 2208//1811 2207//1811 2179//1811
f 2207//1812 2233//1812 2180//1812
f 2233//1813 1824//1813 2206//1813
f 1824//1814 1825//1814 2205//1814
f 1825//1815 1826//1815 2203//1815
f 1826//1816 1827//1816 2202//1816
f 1827//1817 1828//1817 2201//1817
f 1828//1818 1829//1818 2200//1818
f 1829//1819 1830//1819 2199//1819
f 1830//1820 1831//1820 2198//1820
f 1831//1821 1832//1821 2197//1821
f 1832//1822 1833//1822 2196//1822
f 1833//1823 1834//1823 2193//1823
f 1834//1824 1835//1824 2191//1824
f 1835//1825 1836//1825 2190//1825
f 1836//1826 1837//1826 2189//1826
f 1837//1827 1838//1827 2188//1827
f 1838//1828 1839//1828 2187//1828
f 1839//1829 1840//1829 2186//1829
f 1840//1830 1841//1830 2185//1830
f 1841//1831 1842//1831 2184//1831
f 1842//1832 1824//1832 2181//1832
f 1824//1833 2233//1833 2181//1833
f 2233//1834 2207//1834 2132//1834
f 2130//1835 2129//1835 2209//1835
f 2133//1836 2130//1836 2210//1836
f 2135//1837 2133//1837 2211//1837
f 2137//1838 2135//1838 2212//1838
f 2139//1839 2137//1839 2213//1839
f 2141//1840 2139//1840 2214//1840
f 2143//1841 2141//1841 2215//1841
f 2129//1842 2132//1842 2207//1842
f 2132//1843 2181//1843 2233//1843
f 2181//1844 2182//1844 1842//1844
f 2182//1845 2183//1845 1842//1845
f 2183//1846 2184//1846 1842//1846
f 2184//1847 2185//1847 1841//1847
f 2185//1848 2186//1848 1840//1848
f 2186//1849 2187//1849 1839//1849
f 2187//1850 2188//1850 1838//1850
f 2145//1851 2143//1851 2216//1851
f 2147//1852 2145//1852 2216//1852
f 2149//1853 2147//1853 2217//1853
f 2151//1854 2149//1854 2218//1854
f 2153//1855 2151//1855 2219//1855
f 2155//1856 2153//1856 2220//1856
f 2157//1857 2155//1857 2221//1857
f 2159//1858 2157//1858 2222//1858
f 2188//1859 2189//1859 1837//1859
f 2189//1860 2190//1860 1836//1860
f 2190//1861 2191//1861 1835//1861
f 2191//1862 2192//1862 1834//1862
f 2192//1863 2193//1863 1834//1863
f 2193//1864 2194//1864 1833//1864
f 2194//1865 2195//1865 1833//1865
f 2195//1866 2196//1866 1833//1866
f 2161//1867 2159//1867 2223//1867
f 2163//1868 2161//1868 2224//1868
f 2165//1869 2163//1869 2225//1869
f 2167//1870 2165//1870 2226//1870
f 2169//1871 2167//1871 2227//1871
f 2171//1872 2169//1872 2228//1872
f 2173//1873 2171//1873 2228//1873
f 2175//1874 2173//1874 2229//1874
f 2196//1875 2197//1875 1832//1875
f 2197//1876 2198//1876 1831//1876
f 2198//1877 2199//1877 1830//1877
f 2199//1878 2200//1878 1829//1878
f 2200//1879 2201//1879 1828//1879
f 2201//1880 2202//1880 1827//1880
f 2202//1881 2203//1881 1826//1881
f 2203//1882 2204//1882 1825//1882
f 2177//1883 2175//1883 2230//1883
f 2179//1884 2177//1884 2231//1884
f 2180//1885 2179//1885 2207//1885
f 2206//1886 2180//1886 2233//1886
f 2204//1887 2205//1887 1825//1887
f 2205//1888 2206//1888 1824//1888
f 2234//1889 2235//1889 2236//1889
f 2234//1890 2236//1890 2237//1890
f 2235//1891 2238//1891 2239//1891
f 2235//1892 2239//1892 2236//1892
f 2238//1893 2240//1893 2241//1893
f 2238//1894 2241//1894 2239//1894
f 2240//1895 2242//1895 2243//1895
f 2240//1896 2243//1896 2241//1896
f 2242//1897 2244//1897 2245//1897
f 2242//1898 2245//1898 2243//1898
f 2244//1899 2246//1899 2247//1899
f 2244//1900 2247//1900 2245//1900
f 2246//1901 2248//1901 2247//1901
f 2247//1902 2248//1902 2249//1902
f 2248//1903 2250//1903 2249//1903
f 2249//1904 2250//1904 2251//1904
f 2250//1905 2252//1905 2251//1905
f 2251//1906 2252//1906 2253//1906
f 2252//1907 2254//1907 2253//1907
f 2253//1908 2254//1908 2255//1908
f 2254//1909 2256//1909 2255//1909
f 2255//1910 2256//1910 2257//1910
f 2256//1911 2258//1911 2257//1911
f 2257//1912 2258//1912 2259//1912
f 2258//1913 2260//1913 2261//1913
f 2258//1914 2261//1914 2259//1914
f 2260//1915 2262//1915 2263//1915
f 2260//1916 2263//1916 2261//1916
f 2262//1917 2264//1917 2265//1917
f 2262//1918 2265//1918 2263//1918
f 2264//1919 2266//1919 2267//1919
f 2264//1920 2267//1920 2265//1920
f 2266//1921 2268//1921 2269//1921
f 2266//1922 2269//1922 2267//1922
f 2268//1923 2270//1923 2271//1923
f 2268//1924 2271//1924 2269//1924
f 2270//1925 2272//1925 2273//1925
f 2270//1926 2273//1926 2271//1926
f 2272//1927 2274//1927 2273//1927
f 2273//1928 2274//1928 2275//1928
f 2274//1929 2276//1929 2275//1929
f 2275//1930 2276//1930 2277//1930
f 2276//1931 2278//1931 2277//1931
f 2277//1932 2278//1932 2279//1932
f 2278//1933 2280//1933 2279//1933
f 2279//1934 2280//1934 2281//1934
f 2280//1935 2282//1935 2281//1935
f 2281//1936 2282//1936 2283//1936
f 2282//1937 2284//1937 2283//1937
f 2283//1938 2284//1938 2285//1938
f 2237//1939 2236//1939 2286//1939
f 2286//1940 2236//1940 2287//1940
f 2236//1941 2239//1941 2287//1941
f 2287//1942 2239//1942 2288//1942
f 2239//1943 2241//1943 2288//1943
f 2288//1944 2241//1944 2289//1944
f 2241//1945 2243//1945 2289//1945
f 2289//1946 2243//1946 2290//1946
f 2243//1947 2245//1947 2290//1947
f 2290//1948 2245//1948 2291//1948
f 2245//1949 2247//1949 2291//1949
f 2291//1950 2247//1950 2292//1950
f 2247//1951 2249//1951 2293//1951
f 2247//1952 2293//1952 2292//1952
f 2249//1953 2251//1953 2294//1953
f 2249//1954 2294//1954 2293//1954
f 2251//1955 2253//1955 2295//1955
f 2251//1956 2295//1956 2294//1956
f 2253//1957 2255//1957 2296//1957
f 2253//1958 2296//1958 2295//1958
f 2255//1959 2257//1959 2297//1959
f 2255//1960 2297//1960 2296//1960
f 2257//1961 2259//1961 2298//1961
f 2257//1962 2298//1962 2297//1962
f 2259//1963 2261//1963 2298//1963
f 2298//1964 2261//1964 2299//1964
f 2261//1965 2263//1965 2299//1965
f 2299//1966 2263//1966 2300//1966
f 2263//1967 2265//1967 2300//1967
f 2300//1968 2265//1968 2301//1968
f 2265//1969 2267//1969 2301//1969
f 2301//1970 2267//1970 2302//1970
f 2267//1971 2269//1971 2302//1971
f 2302//1972 2269//1972 2303//1972
f 2269//1973 2271//1973 2303//1973
f 2303//1974 2271//1974 2304//1974
f 2271//1975 2273//1975 2304//1975
f 2304//1976 2273//1976 2305//1976
f 2273//1977 2275//1977 2306//1977
f 2273//1978 2306//1978 2305//1978
f 2275//1979 2277//1979 2307//1979
f 2275//1980 2307//1980 2306//1980
f 2277//1981 2279//1981 2308//1981
f 2277//1982 2308//1982 2307//1982
f 2279//1983 2281//1983 2309//1983
f 2279//1984 2309//1984 2308//1984
f 2281//1985 2283//1985 2310//1985
f 2281//1986 2310//1986 2309//1986
f 2283//1987 2285//1987 2311//1987
f 2283//1988 2311//1988 2310//1988
f 2312//1989 2313//1989 2234//1989
f 2313//1990 2314//1990 2234//1990
f 2314//1991 2315//1991 2235//1991
f 2315//1992 2316//1992 2238//1992
f 2316//1993 2317//1993 2240//1993
f 2317//1994 2318//1994 2242//1994
f 2318//1995 2319//1995 2244//1995
f 2319//1996 2320//1996 2246//1996
f 2320//1997 2321//1997 2248//1997
f 2321//1998 2322//1998 2252//1998
f 2322//1999 2323//1999 2254//1999
f 2323//2000 2324//2000 2256//2000
f 2324//2001 2325//2001 2258//2001
f 2325//2002 2326//2002 2260//2002
f 2326//2003 2327//2003 2262//2003
f 2327//2004 2328//2004 2264//2004
f 2328//2005 2329//2005 2266//2005
f 2329//2006 2330//2006 2268//2006
f 2330//2007 2331//2007 2270//2007
f 2331//2008 2332//2008 2272//2008
f 2332//2009 2333//2009 2274//2009
f 2333//2010 2334//2010 2278//2010
f 2334//2011 2335//2011 2280//2011
f 2335//2012 2336//2012 2282//2012
f 2336//2013 2337//2013 2284//2013
f 2337//2014 2313//2014 2284//2014
f 2313//2015 2312//2015 2284//2015
f 2312//2016 2338//2016 2285//2016
f 2338//2017 1843//2017 2311//2017
f 1843//2018 1844//2018 2310//2018
f 1844//2019 1845//2019 2308//2019
f 1845//2020 1846//2020 2307//2020
f 1846//2021 1847//2021 2306//2021
f 1847//2022 1848//2022 2305//2022
f 1848//2023 1849//2023 2304//2023
f 1849//2024 1850//2024 2303//2024
f 1850//2025 1851//2025 2302//2025
f 1851//2026 1852//2026 2301//2026
f 1852//2027 1853//2027 2298//2027
f 1853//2028 1854//2028 2296//2028
f 1854//2029 1855//2029 2295//2029
f 1855//2030 1856//2030 2294//2030
f 1856//2031 1857//2031 2293//2031
f 1857//2032 1858//2032 2292//2032
f 1858//2033 1859//2033 2291//2033
f 1859//2034 1860//2034 2290//2034
f 1860//2035 1861//2035 2289//2035
f 1861//2036 1843//2036 2286//2036
f 1843//2037 2338//2037 2286//2037
f 2338//2038 2312//2038 2237//2038
f 2235//2039 2234//2039 2314//2039
f 2238//2040 2235//2040 2315//2040
f 2240//2041 2238//2041 2316//2041
f 2242//2042 2240//2042 2317//2042
f 2244//2043 2242//2043 2318//2043
f 2246//2044 2244//2044 2319//2044
f 2248//2045 2246//2045 2320//2045
f 2234//2046 2237//2046 2312//2046
f 2237//2047 2286//2047 2338//2047
f 2286//2048 2287//2048 1861//2048
f 2287//2049 2288//2049 1861//2049
f 2288//2050 2289//2050 1861//2050
f 2289//2051 2290//2051 1860//2051
f 2290//2052 2291//2052 1859//2052
f 2291//2053 2292//2053 1858//2053
f 2292//2054 2293//2054 1857//2054
f 2250//2055 2248//2055 2321//2055
f 2252//2056 2250//2056 2321//2056
f 2254//2057 2252//2057 2322//2057
f 2256//2058 2254//2058 2323//2058
f 2258//2059 2256//2059 2324//2059
f 2260//2060 2258//2060 2325//2060
f 2262//2061 2260//2061 2326//2061
f 2264//2062 2262//2062 2327//2062
f 2293//2063 2294//2063 1856//2063
f 2294//2064 2295//2064 1855//2064
f 2295//2065 2296//2065 1854//2065
f 2296//2066 2297//2066 1853//2066
f 2297//2067 2298//2067 1853//2067
f 2298//2068 2299//2068 1852//2068
f 2299//2069 2300//2069 1852//2069
f 2300//2070 2301//2070 1852//2070
f 2266//2071 2264//2071 2328//2071
f 2268//2072 2266//2072 2329//2072
f 2270//2073 2268//2073 2330//2073
f 2272//2074 2270//2074 2331//2074
f 2274//2075 2272//2075 2332//2075
f 2276//2076 2274//2076 2333//2076
f 2278//2077 2276//2077 2333//2077
f 2280//2078 2278//2078 2334//2078
f 2301//2079 2302//2079 1851//2079
f 2302//2080 2303//2080 1850//2080
f 2303//2081 2304//2081 1849//2081
f 2304//2082 2305//2082 1848//2082
f 2305//2083 2306//2083 1847//2083
f 2306//2084 2307//2084 1846//2084
f 2307//2085 2308//2085 1845//2085
f 2308//2086 2309//2086 1844//2086
f 2282//2087 2280//2087 2335//2087
f 2284//2088 2282//2088 2336//2088
f 2285//2089 2284//2089 2312//2089
f 2311//2090 2285//2090 2338//2090
f 2309//2091 2310//2091 1844//2091
f 2310//2092 2311//2092 1843//2092
f 2339//2093 2340//2093 2341//2093
f 2339//2094 2341//2094 2342//2094
f 2340//2095 2343//2095 2344//2095
f 2340//2096 2344//2096 2341//2096
f 2343//2097 2345//2097 2346//2097
f 2343//2098 2346//2098 2344//2098
f 2345//2099 2347//2099 2348//2099
f 2345//2100 2348//2100 2346//2100
f 2347//2101 2349//2101 2350//2101
f 2347//2102 2350//2102 2348//2102
f 2349//2103 2351//2103 2352//2103
f 2349//2104 2352//2104 2350//2104
f 2351//2105 2353//2105 2352//2105
f 2352//2106 2353//2106 2354//2106
f 2353//2107 2355//2107 2354//2107
f 2354//2108 2355//2108 2356//2108
f 2355//2109 2357//2109 2356//2109
f 2356//2110 2357//2110 2358//2110
f 2357//2111 2359//2111 2358//2111
f 2358//2112 2359//2112 2360//2112
f 2359//2113 2361//2113 2360//2113
f 2360//2114 2361//2114 2362//2114
f 2361//2115 2363//2115 2362//2115
f 2362//2116 2363//2116 2364//2116
f 2363//2117 2365//2117 2366//2117
f 2363//2118 2366//2118 2364//2118
f 2365//2119 2367//2119 2368//2119
f 2365//2120 2368//2120 2366//2120
f 2367//2121 2369//2121 2370//2121
f 2367//2122 2370//2122 2368//2122
f 2369//2123 2371//2123 2372//2123
f 2369//2124 2372//2124 2370//2124
f 2371//2125 2373//2125 2374//2125
f 2371//2126 2374//2126 2372//2126
f 2373//2127 2375//2127 2376//2127
f 2373//2128 2376//2128 2374//2128
f 2375//2129 2377//2129 2378//2129
f 2375//2130 2378//2130 2376//2130
f 2377//2131 2379//2131 2378//2131
f 2378//2132 2379//2132 2380//2132
f 2379//2133 2381//2133 2380//2133
f 2380//2134 2381//2134 2382//2134
f 2381//2135 2383//2135 2382//2135
f 2382//2136 2383//2136 2384//2136
f 2383//2137 2385//2137 2384//2137
f 2384//2138 2385//2138 2386//2138
f 2385//2139 2387//2139 2386//2139
f 2386//2140 2387//2140 2388//2140
f 2387//2141 2389//2141 2388//2141
f 2388//2142 2389//2142 2390//2142
f 2342//2143 2341//2143 2391//2143
f 2391//2144 2341//2144 2392//2144
f 2341//2145 2344//2145 2392//2145
f 2392//2146 2344//2146 2393//2146
f 2344//2147 2346//2147 2393//2147
f 2393//2148 2346//2148 2394//2148
f 2346//2149 2348//2149 2394//2149
f 2394//2150 2348//2150 2395//2150
f 2348//2151 2350//2151 2395//2151
f 2395//2152 2350//2152 2396//2152
f 2350//2153 2352//2153 2396//2153
f 2396//2154 2352//2154 2397//2154
f 2352//2155 2354//2155 2398//2155
f 2352//2156 2398//2156 2397//2156
f 2354//2157 2356//2157 2399//2157
f 2354//2158 2399//2158 2398//2158
f 2356//2159 2358//2159 2400//2159
f 2356//2160 2400//2160 2399//2160
f 2358//2161 2360//2161 2401//2161
f 2358//2162 2401//2162 2400//2162
f 2360//2163 2362//2163 2402//2163
f 2360//2164 2402//2164 2401//2164
f 2362//2165 2364//2165 2403//2165
f 2362//2166 2403//2166 2402//2166
f 2364//2167 2366//2167 2403//2167
f 2403//2168 2366//2168 2404//2168
f 2366//2169 2368//2169 2404//2169
f 2404//2170 2368//2170 2405//2170
f 2368//2171 2370//2171 2405//2171
f 2405//2172 2370//2172 2406//2172
f 2370//2173 2372//2173 2406//2173
f 2406//2174 2372//2174 2407//2174
f 2372//2175 2374//2175 2407//2175
f 2407//2176 2374//2176 2408//2176
f 2374//2177 2376//2177 2408//2177
f 2408//2178 2376//2178 2409//2178
f 2376//2179 2378//2179 2409//2179
f 2409//2180 2378//2180 2410//2180
f 2378//2181 2380//2181 2411//2181
f 2378//2182 2411//2182 2410//2182
f 2380//2183 2382//2183 2412//2183
f 2380//2184 2412//2184 2411//2184
f 2382//2185 2384//2185 2413//2185
f 2382//2186 2413//2186 2412//2186
f 2384//2187 2386//2187 2414//2187
f 2384//2188 2414//2188 2413//2188
f 2386//2189 2388//2189 2415//2189
f 2386//2190 2415//2190 2414//2190
f 2388//2191 2390//2191 2416//2191
f 2388//2192 2416//2192 2415//2192
f 2417//2193 2418//2193 2339//2193
f 2418//2194 2419//2194 2339//2194
f 2419//2195 2420//2195 2340//2195
f 2420//2196 2421//2196 2343//2196
f 2421//2197 2422//2197 2345//2197
f 2422//2198 2423//2198 2347//2198
f 2423//2199 2424//2199 2349//2199
f 2424//2200 2425//2200 2351//2200
f 2425//2201 2426//2201 2353//2201
f 2426//2202 2427//2202 2357//2202
f 2427//2203 2428//2203 2359//2203
f 2428//2204 2429//2204 2361//2204
f 2429//2205 2430//2205 2363//2205
f 2430//2206 2431//2206 2365//2206
f 2431//2207 2432//2207 2367//2207
f 2432//2208 2433//2208 2369//2208
f 2433//2209 2434//2209 2371//2209
f 2434//2210 2435//2210 2373//2210
f 2435//2211 2436//2211 2375//2211
f 2436//2212 2437//2212 2377//2212
f 2437//2213 2438//2213 2379//2213
f 2438//2214 2439//2214 2383//2214
f 2439//2215 2440//2215 2385//2215
f 2440//2216 2441//2216 2387//2216
f 2441//2217 2442//2217 2389//2217
f 2442//2218 2418//2218 2389//2218
f 2418//2219 2417//2219 2389//2219
f 2417//2220 2443//2220 2390//2220
f 2443//2221 1862//2221 2416//2221
f 1862//2222 1863//2222 2415//2222
f 1863//2223 1864//2223 2413//2223
f 1864//2224 1865//2224 2412//2224
f 1865//2225 1866//2225 2411//2225
f 1866//2226 1867//2226 2410//2226
f 1867//2227 1868//2227 2409//2227
f 1868//2228 1869//2228 2408//2228
f 1869//2229 1870//2229 2407//2229
f 1870//2230 1871//2230 2406//2230
f 1871//2231 1872//2231 2403//2231
f 1872//2232 1873//2232 2401//2232
f 1873//2233 1874//2233 2400//2233
f 1874//2234 1875//2234 2399//2234
f 1875//2235 1876//2235 2398//2235
f 1876//2236 1877//2236 2397//2236
f 1877//2237 1878//2237 2396//2237
f 1878//2238 1879//2238 2395//2238
f 1879//2239 1880//2239 2394//2239
f 1880//2240 1862//2240 2391//2240
f 1862//2241 2443//2241 2391//2241
f 2443//2242 2417//2242 2342//2242
f 2340//2243 2339//2243 2419//2243
f 2343//2244 2340//2244 2420//2244
f 2345//2245 2343//2245 2421//2245
f 2347//2246 2345//2246 2422//2246
f 2349//2247 2347//2247 2423//2247
f 2351//2248 2349//2248 2424//2248
f 2353//2249 2351//2249 2425//2249
f 2339//2250 2342//2250 2417//2250
f 2342//2251 2391//2251 2443//2251
f 2391//2252 2392//2252 1880//2252
f 2392//2253 2393//2253 1880//2253
f 2393//2254 2394//2254 1880//2254
f 2394//2255 2395//2255 1879//2255
f 2395//2256 2396//2256 1878//2256
f 2396//2257 2397//2257 1877//2257
f 2397//2258 2398//2258 1876//2258
f 2355//2259 2353//2259 2426//2259
f 2357//2260 2355//2260 2426//2260
f 2359//2261 2357//2261 2427//2261
f 2361//2262 2359//2262 2428//2262
f 2363//2263 2361//2263 2429//2263
f 2365//2264 2363//2264 2430//2264
f 2367//2265 2365//2265 2431//2265
f 2369//2266 2367//2266 2432//2266
f 2398//2267 2399//2267 1875//2267
f 2399//2268 2400//2268 1874//2268
f 2400//2269 2401//2269 1873//2269
f 2401//2270 2402//2270 1872//2270
f 2402//2271 2403//2271 1872//2271
f 2403//2272 2404//2272 1871//2272
f 2404//2273 2405//2273 1871//2273
f 2405//2274 2406//2274 1871//2274
f 2371//2275 2369//2275 2433//2275
f 2373//2276 2371//2276 2434//2276
f 2375//2277 2373//2277 2435//2277
f 2377//2278 2375//2278 2436//2278
f 2379//2279 2377//2279 2437//2279
f 2381//2280 2379//2280 2438//2280
f 2383//2281 2381//2281 2438//2281
f 2385//2282 2383//2282 2439//2282
f 2406//2283 2407//2283 1870//2283
f 2407//2284 2408//2284 1869//2284
f 2408//2285 2409//2285 1868//2285
f 2409//2286 2410//2286 1867//2286
f 2410//2287 2411//2287 1866//2287
f 2411//2288 2412//2288 1865//2288
f 2412//2289 2413//2289 1864//2289
f 2413//2290 2414//2290 1863//2290
f 2387//2291 2385//2291 2440//2291
f 2389//2292 2387//2292 2441//2292
f 2390//2293 2389//2293 2417//2293
f 2416//2294 2390//2294 2443//2294
f 2414//2295 2415//2295 1863//2295
f 2415//2296 2416//2296 1862//2296
f 2444//2297 2445//2297 2446//2297
f 2444//2298 2446//2298 2447//2298
f 2445//2299 2448//2299 2449//2299
f 2445//2300 2449//2300 2446//2300
f 2448//2301 2450//2301 2451//2301
f 2448//2302 2451//2302 2449//2302
f 2450//2303 2452//2303 2453//2303
f 2450//2304 2453//2304 2451//2304
f 2452//2305 2454//2305 2455//2305
f 2452//2306 2455//2306 2453//2306
f 2454//2307 2456//2307 2457//2307
f 2454//2308 2457//2308 2455//2308
f 2456//2309 2458//2309 2457//2309
f 2457//2310 2458//2310 2459//2310
f 2458//2311 2460//2311 2459//2311
f 2459//2312 2460//2312 2461//2312
f 2460//2313 2462//2313 2461//2313
f 2461//2314 2462//2314 2463//2314
f 2462//2315 2464//2315 2463//2315
f 2463//2316 2464//2316 2465//2316
f 2464//2317 2466//2317 2465//2317
f 2465//2318 2466//2318 2467//2318
f 2466//2319 2468//2319 2467//2319
f 2467//2320 2468//2320 2469//2320
f 2468//2321 2470//2321 2471//2321
f 2468//2322 2471//2322 2469//2322
f 2470//2323 2472//2323 2473//2323
f 2470//2324 2473//2324 2471//2324
f 2472//2325 2474//2325 2475//2325
f 2472//2326 2475//2326 2473//2326
f 2474//2327 2476//2327 2477//2327
f 2474//2328 2477//2328 2475//2328
f 2476//2329 2478//2329 2479//2329
f 2476//2330 2479//2330 2477//2330
f 2478//2331 2480//2331 2481//2331
f 2478//2332 2481//2332 2479//2332
f 2480//2333 2482//2333 2483//2333
f 2480//2334 2483//2334 2481//2334
f 2482//2335 2484//2335 2483//2335
f 2483//2336 2484//2336 2485//2336
f 2484//2337 2486//2337 2485//2337
f 2485//2338 2486//2338 2487//2338
f 2486//2339 2488//2339 2487//2339
f 2487//2340 2488//2340 2489//2340
f 2488//2341 2490//2341 2489//2341
f 2489//2342 2490//2342 2491//2342
f 2490//2343 2492//2343 2491//2343
f 2491//2344 2492//2344 2493//2344
f 2492//2345 2494//2345 2493//2345
f 2493//2346 2494//2346 2495//2346
f 2447//2347 2446//2347 2496//2347
f 2496//2348 2446//2348 2497//2348
f 2446//2349 2449//2349 2497//2349
f 2497//2350 2449//2350 2498//2350
f 2449//2351 2451//2351 2498//2351
f 2498//2352 2451//2352 2499//2352
f 2451//2353 2453//2353 2499//2353
f 2499//2354 2453//2354 2500//2354
f 2453//2355 2455//2355 2500//2355
f 2500//2356 2455//2356 2501//2356
f 2455//2357 2457//2357 2501//2357
f 2501//2358 2457//2358 2502//2358
f 2457//2359 2459//2359 2503//2359
f 2457//2360 2503//2360 2502//2360
f 2459//2361 2461//2361 2504//2361
f 2459//2362 2504//2362 2503//2362
f 2461//2363 2463//2363 2505//2363
f 2461//2364 2505//2364 2504//2364
f 2463//2365 2465//2365 2506//2365
f 2463//2366 2506//2366 2505//2366
f 2465//2367 2467//2367 2507//2367
f 2465//2368 2507//2368 2506//2368
f 2467//2369 2469//2369 2508//2369
f 2467//2370 2508//2370 2507//2370
f 2469//2371 2471//2371 2508//2371
f 2508//2372 2471//2372 2509//2372
f 2471//2373 2473//2373 2509//2373
f 2509//2374 2473//2374 2510//2374
f 2473//2375 2475//2375 2510//2375
f 2510//2376 2475//2376 2511//2376
f 2475//2377 2477//2377 2511//2377
f 2511//2378 2477//2378 2512//2378
f 2477//2379 2479//2379 2512//2379
f 2512//2380 2479//2380 2513//2380
f 2479//2381 2481//2381 2513//2381
f 2513//2382 2481//2382 2514//2382
f 2481//2383 2483//2383 2514//2383
f 2514//2384 2483//2384 2515//2384
f 2483//2385 2485//2385 2516//2385
f 2483//2386 2516//2386 2515//2386
f 2485//2387 2487//2387 2517//2387
f 2485//2388 2517//2388 2516//2388
f 2487//2389 2489//2389 2518//2389
f 2487//2390 2518//2390 2517//2390
f 2489//2391 2491//2391 2519//2391
f 2489//2392 2519//2392 2518//2392
f 2491//2393 2493//2393 2520//2393
f 2491//2394 2520//2394 2519//2394
f 2493//2395 2495//2395 2521//2395
f 2493//2396 2521//2396 2520//2396
f 2522//2397 2523//2397 2444//2397
f 2523//2398 2524//2398 2444//2398
f 2524//2399 2525//2399 2445//2399
f 2525//2400 2526//2400 2448//2400
f 2526//2401 2527//2401 2450//2401
f 2527//2402 2528//2402 2452//2402
f 2528//2403 2529//2403 2454//2403
f 2529//2404 2530//2404 2456//2404
f 2530//2405 2531//2405 2458//2405
f 2531//2406 2532//2406 2462//2406
f 2532//2407 2533//2407 2464//2407
f 2533//2408 2534//2408 2466//2408
f 2534//2409 2535//2409 2468//2409
f 2535//2410 2536//2410 2470//2410
f 2536//2411 2537//2411 2472//2411
f 2537//2412 2538//2412 2474//2412
f 2538//2413 2539//2413 2476//2413
f 2539//2414 2540//2414 2478//2414
f 2540//2415 2541//2415 2480//2415
f 2541//2416 2542//2416 2482//2416
f 2542//2417 2543//2417 2484//2417
f 2543//2418 2544//2418 2488//2418
f 2544//2419 2545//2419 2490//2419
f 2545//2420 2546//2420 2492//2420
f 2546//2421 2547//2421 2494//2421
f 2547//2422 2523//2422 2494//2422
f 2523//2423 2522//2423 2494//2423
f 2522//2424 2548//2424 2495//2424
f 2548//2425 1881//2425 2521//2425
f 1881//2426 1882//2426 2520//2426
f 1882//2427 1883//2427 2518//2427
f 1883//2428 1884//2428 2517//2428
f 1884//2429 1885//2429 2516//2429
f 1885//2430 1886//2430 2515//2430
f 1886//2431 1887//2431 2514//2431
f 1887//2432 1888//2432 2513//2432
f 1888//2433 1889//2433 2512//2433
f 1889//2434 1890//2434 2511//2434
f 1890//2435 1891//2435 2508//2435
f 1891//2436 1892//2436 2506//2436
f 1892//2437 1893//2437 2505//2437
f 1893//2438 1894//2438 2504//2438
f 1894//2439 1895//2439 2503//2439
f 1895//2440 1896//2440 2502//2440
f 1896//2441 1897//2441 2501//2441
f 1897//2442 1898//2442 2500//2442
f 1898//2443 1899//2443 2499//2443
f 1899//2444 1881//2444 2496//2444
f 1881//2445 2548//2445 2496//2445
f 2548//2446 2522//2446 2447//2446
f 2445//2447 2444//2447 2524//2447
f 2448//2448 2445//2448 2525//2448
f 2450//2449 2448//2449 2526//2449
f 2452//2450 2450//2450 2527//2450
f 2454//2451 2452//2451 2528//2451
f 2456//2452 2454//2452 2529//2452
f 2458//2453 2456//2453 2530//2453
f 2444//2454 2447//2454 2522//2454
f 2447//2455 2496//2455 2548//2455
f 2496//2456 2497//2456 1899//2456
f 2497//2457 2498//2457 1899//2457
f 2498//2458 2499//2458 1899//2458
f 2499//2459 2500//2459 1898//2459
f 2500//2460 2501//2460 1897//2460
f 2501//2461 2502//2461 1896//2461
f 2502//2462 2503//2462 1895//2462
f 2460//2463 2458//2463 2531//2463
f 2462//2464 2460//2464 2531//2464
f 2464//2465 2462//2465 2532//2465
f 2466//2466 2464//2466 2533//2466
f 2468//2467 2466//2467 2534//2467
f 2470//2468 2468//2468 2535//2468
f 2472//2469 2470//2469 2536//2469
f 2474//2470 2472//2470 2537//2470
f 2503//2471 2504//2471 1894//2471
f 2504//2472 2505//2472 1893//2472
f 2505//2473 2506//2473 1892//2473
f 2506//2474 2507//2474 1891//2474
f 2507//2475 2508//2475 1891//2475
f 2508//2476 2509//2476 1890//2476
f 2509//2477 2510//2477 1890//2477
f 2510//2478 2511//2478 1890//2478
f 2476//2479 2474//2479 2538//2479
f 2478//2480 2476//2480 2539//2480
f 2480//2481 2478//2481 2540//2481
f 2482//2482 2480//2482 2541//2482
f 2484//2483 2482//2483 2542//2483
f 2486//2484 2484//2484 2543//2484
f 2488//2485 2486//2485 2543//2485
f 2490//2486 2488//2486 2544//2486
f 2511//2487 2512//2487 1889//2487
f 2512//2488 2513//2488 1888//2488
f 2513//2489 2514//2489 1887//2489
f 2514//2490 2515//2490 1886//2490
f 2515//2491 2516//2491 1885//2491
f 2516//2492 2517//2492 1884//2492
f 2517//2493 2518//2493 1883//2493
f 2518//2494 2519//2494 1882//2494
f 2492//2495 2490//2495 2545//2495
f 2494//2496 2492//2496 2546//2496
f 2495//2497 2494//2497 2522//2497
f 2521//2498 2495//2498 2548//2498
f 2519//2499 2520//2499 1882//2499
f 2520//2500 2521//2500 1881//2500
f 2549//2501 2550//2501 2551//2501
f 2549//2502 2551//2502 2552//2502
f 2550//2503 2553//2503 2554//2503
f 2550//2504 2554//2504 2551//2504
f 2553//2505 2555//2505 2556//2505
f 2553//2506 2556//2506 2554//2506
f 2555//2507 2557//2507 2558//2507
f 2555//2508 2558//2508 2556//2508
f 2557//2509 2559//2509 2560//2509
f 2557//2510 2560//2510 2558//2510
f 2559//2511 2561//2511 2562//2511
f 2559//2512 2562//2512 2560//2512
f 2561//2513 2563//2513 2562//2513
f 2562//2514 2563//2514 2564//2514
f 2563//2515 2565//2515 2564//2515
f 2564//2516 2565//2516 2566//2516
f 2565//2517 2567//2517 2566//2517
f 2566//2518 2567//2518 2568//2518
f 2567//2519 2569//2519 2568//2519
f 2568//2520 2569//2520 2570//2520
f 2569//2521 2571//2521 2570//2521
f 2570//2522 2571//2522 2572//2522
f 2571//2523 2573//2523 2572//2523
f 2572//2524 2573//2524 2574//2524
f 2573//2525 2575//2525 2576//2525
f 2573//2526 2576//2526 2574//2526
f 2575//2527 2577//2527 2578//2527
f 2575//2528 2578//2528 2576//2528
f 2577//2529 2579//2529 2580//2529
f 2577//2530 2580//2530 2578//2530
f 2579//2531 2581//2531 2582//2531
f 2579//2532 2582//2532 2580//2532
f 2581//2533 2583//2533 2584//2533
f 2581//2534 2584//2534 2582//2534
f 2583//2535 2585//2535 2586//2535
f 2583//2536 2586//2536 2584//2536
f 2585//2537 2587//2537 2588//2537
f 2585//2538 2588//2538 2586//2538
f 2587//2539 2589//2539 2588//2539
f 2588//2540 2589//2540 2590//2540
f 2589//2541 2591//2541 2590//2541
f 2590//2542 2591//2542 2592//2542
f 2591//2543 2593//2543 2592//2543
f 2592//2544 2593//2544 2594//2544
f 2593//2545 2595//2545 2594//2545
f 2594//2546 2595//2546 2596//2546
f 2595//2547 2597//2547 2596//2547
f 2596//2548 2597//2548 2598//2548
f 2597//2549 2599//2549 2598//2549
f 2598//2550 2599//2550 2600//2550
f 2552//2551 2551//2551 2601//2551
f 2601//2552 2551//2552 2602//2552
f 2551//2553 2554//2553 2602//2553
f 2602//2554 2554//2554 2603//2554
f 2554//2555 2556//2555 2603//2555
f 2603//2556 2556//2556 2604//2556
f 2556//2557 2558//2557 2604//2557
f 2604//2558 2558//2558 2605//2558
f 2558//2559 2560//2559 2605//2559
f 2605//2560 2560//2560 2606//2560
f 2560//2561 2562//2561 2606//2561
f 2606//2562 2562//2562 2607//2562
f 2562//2563 2564//2563 2608//2563
f 2562//2564 2608//2564 2607//2564
f 2564//2565 2566//2565 2609//2565
f 2564//2566 2609//2566 2608//2566
f 2566//2567 2568//2567 2610//2567
f 2566//2568 2610//2568 2609//2568
f 2568//2569 2570//2569 2611//2569
f 2568//2570 2611//2570 2610//2570
f 2570//2571 2572//2571 2612//2571
f 2570//2572 2612//2572 2611//2572
f 2572//2573 2574//2573 2613//2573
f 2572//2574 2613//2574 2612//2574
f 2574//2575 2576//2575 2613//2575
f 2613//2576 2576//2576 2614//2576
f 2576//2577 2578//2577 2614//2577
f 2614//2578 2578//2578 2615//2578
f 2578//2579 2580//2579 2615//2579
f 2615//2580 2580//2580 2616//2580
f 2580//2581 2582//2581 2616//2581
f 2616//2582 2582//2582 2617//2582
f 2582//2583 2584//2583 2617//2583
f 2617//2584 2584//2584 2618//2584
f 2584//2585 2586//2585 2618//2585
f 2618//2586 2586//2586 2619//2586
f 2586//2587 2588//2587 2619//2587
f 2619//2588 2588//2588 2620//2588
f 2588//2589 2590//2589 2621//2589
f 2588//2590 2621//2590 2620//2590
f 2590//2591 2592//2591 2622//2591
f 2590//2592 2622//2592 2621//2592
f 2592//2593 2594//2593 2623//2593
f 2592//2594 2623//2594 2622//2594
f 2594//2595 2596//2595 2624//2595
f 2594//2596 2624//2596 2623//2596
f 2596//2597 2598//2597 2625//2597
f 2596//2598 2625//2598 2624//2598
f 2598//2599 2600//2599 2626//2599
f 2598//2600 2626//2600 2625//2600
f 2627//2601 2628//2601 2549//2601
f 2628//2602 2629//2602 2549//2602
f 2629//2603 2630//2603 2550//2603
f 2630//2604 2631//2604 2553//2604
f 2631//2605 2632//2605 2555//2605
f 2632//2606 2633//2606 2557//2606
f 2633//2607 2634//2607 2559//2607
f 2634//2608 2635//2608 2561//2608
f 2635//2609 2636//2609 2563//2609
f 2636//2610 2637//2610 2567//2610
f 2637//2611 2638//2611 2569//2611
f 2638//2612 2639//2612 2571//2612
f 2639//2613 2640//2613 2573//2613
f 2640//2614 2641//2614 2575//2614
f 2641//2615 2642//2615 2577//2615
f 2642//2616 2643//2616 2579//2616
f 2643//2617 2644//2617 2581//2617
f 2644//2618 2645//2618 2583//2618
f 2645//2619 2646//2619 2585//2619
f 2646//2620 2647//2620 2587//2620
f 2647//2621 2648//2621 2589//2621
f 2648//2622 2649//2622 2593//2622
f 2649//2623 2650//2623 2595//2623
f 2650//2624 2651//2624 2597//2624
f 2651//2625 2652//2625 2599//2625
f 2652//2626 2628//2626 2599//2626
f 2628//2627 2627//2627 2599//2627
f 2627//2628 2653//2628 2600//2628
f 2653//2629 1900//2629 2626//2629
f 1900//2630 1901//2630 2625//2630
f 1901//2631 1902//2631 2623//2631
f 1902//2632 1903//2632 2622//2632
f 1903//2633 1904//2633 2621//2633
f 1904//2634 1905//2634 2620//2634
f 1905//2635 1906//2635 2619//2635
f 1906//2636 1907//2636 2618//2636
f 1907//2637 1908//2637 2617//2637
f 1908//2638 1909//2638 2616//2638
f 1909//2639 1910//2639 2613//2639
f 1910//2640 1911//2640 2611//2640
f 1911//2641 1912//2641 2610//2641
f 1912//2642 1913//2642 2609//2642
f 1913//2643 1914//2643 2608//2643
f 1914//2644 1915//2644 2607//2644
f 1915//2645 1916//2645 2606//2645
f 1916//2646 1917//2646 2605//2646
f 1917//2647 1918//2647 2604//2647
f 1918//2648 1900//2648 2601//2648
f 1900//2649 2653//2649 2601//2649
f 2653//2650 2627//2650 2552//2650
f 2550//2651 2549//2651 2629//2651
f 2553//2652 2550//2652 2630//2652
f 2555//2653 2553//2653 2631//2653
f 2557//2654 2555//2654 2632//2654
f 2559//2655 2557//2655 2633//2655
f 2561//2656 2559//2656 2634//2656
f 2563//2657 2561//2657 2635//2657
f 2549//2658 2552//2658 2627//2658
f 2552//2659 2601//2659 2653//2659
f 2601//2660 2602//2660 1918//2660
f 2602//2661 2603//2661 1918//2661
f 2603//2662 2604//2662 1918//2662
f 2604//2663 2605//2663 1917//2663
f 2605//2664 2606//2664 1916//2664
f 2606//2665 2607//2665 1915//2665
f 2607//2666 2608//2666 1914//2666
f 2565//2667 2563//2667 2636//2667
f 2567//2668 2565//2668 2636//2668
f 2569//2669 2567//2669 2637//2669
f 2571//2670 2569//2670 2638//2670
f 2573//2671 2571//2671 2639//2671
f 2575//2672 2573//2672 2640//2672
f 2577//2673 2575//2673 2641//2673
f 2579//2674 2577//2674 2642//2674
f 2608//2675 2609//2675 1913//2675
f 2609//2676 2610//2676 1912//2676
f 2610//2677 2611//2677 1911//2677
f 2611//2678 2612//2678 1910//2678
f 2612//2679 2613//2679 1910//2679
f 2613//2680 2614//2680 1909//2680
f 2614//2681 2615//2681 1909//2681
f 2615//2682 2616//2682 1909//2682
f 2581//2683 2579//2683 2643//2683
f 2583//2684 2581//2684 2644//2684
f 2585//2685 2583//2685 2645//2685
f 2587//2686 2585//2686 2646//2686
f 2589//2687 2587//2687 2647//2687
f 2591//2688 2589//2688 2648//2688
f 2593//2689 2591//2689 2648//2689
f 2595//2690 2593//2690 2649//2690
f 2616//2691 2617//2691 1908//2691
f 2617//2692 2618//2692 1907//2692
f 2618//2693 2619//2693 1906//2693
f 2619//2694 2620//2694 1905//2694
f 2620//2695 2621//2695 1904//2695
f 2621//2696 2622//2696 1903//2696
f 2622//2697 2623//2697 1902//2697
f 2623//2698 2624//2698 1901//2698
f 2597//2699 2595//2699 2650//2699
f 2599//2700 2597//2700 2651//2700
f 2600//2701 2599//2701 2627//2701
f 2626//2702 2600//2702 2653//2702
f 2624//2703 2625//2703 1901//2703
f 2625//2704 2626//2704 1900//2704
f 2654//2705 2655//2705 2656//2705
f 2654//2705 2656//2705 2657//2705
f 2655//2706 2658//2706 2659//2706
f 2655//2706 2659//2706 2656//2706
f 2658//2707 2660//2707 2661//2707
f 2658//2707 2661//2707 2659//2707
f 2660//2708 2662//2708 2663//2708
f 2660//2708 2663//2708 2661//2708
f 2662//2709 2664//2709 2663//2709
f 2663//2709 2664//2709 2665//2709
f 2664//2710 2666//2710 2667//2710
f 2664//2710 2667//2710 2665//2710
f 2666//2711 2668//2711 2669//2711
f 2666//2711 2669//2711 2667//2711
f 2668//2712 2670//2712 2669//2712
f 2669//2712 2670//2712 2671//2712
f 2670//2713 2672//2713 2673//2713
f 2670//2713 2673//2713 2671//2713
f 2672//2714 2674//2714 2673//2714
f 2673//2714 2674//2714 2675//2714
f 2674//2715 2676//2715 2675//2715
f 2675//2715 2676//2715 2677//2715
f 2676//2716 2678//2716 2679//2716
f 2676//2716 2679//2716 2677//2716
f 2678//2717 2680//2717 2681//2717
f 2678//2717 2681//2717 2679//2717
f 2680//2718 2682//2718 2683//2718
f 2680//2718 2683//2718 2681//2718
f 2682//2719 2684//2719 2685//2719
f 2682//2719 2685//2719 2683//2719
f 2684//2720 2686//2720 2685//2720
f 2685//2720 2686//2720 2687//2720
f 2686//2721 2688//2721 2689//2721
f 2686//2721 2689//2721 2687//2721
f 2688//2722 2690//2722 2691//2722
f 2688//2722 2691//2722 2689//2722
f 2690//2723 2692//2723 2691//2723
f 2691//2723 2692//2723 2693//2723
f 2692//2724 2694//2724 2693//2724
f 2693//2724 2694//2724 2695//2724
f 2694//2725 2696//2725 2695//2725
f 2695//2725 2696//2725 2697//2725
f 2696//2726 2698//2726 2697//2726
f 2697//2726 2698//2726 2699//2726
f 2698//2727 2700//2727 2701//2727
f 2698//2727 2701//2727 2699//2727
f 2700//2728 2702//2728 2703//2728
f 2700//2728 2703//2728 2701//2728
f 2702//2729 2704//2729 2703//2729
f 2703//2729 2704//2729 2705//2729
f 2704//2730 2706//2730 2707//2730
f 2704//2730 2707//2730 2705//2730
f 2706//2731 2708//2731 2707//2731
f 2707//2731 2708//2731 2709//2731
f 2708//2732 2710//2732 2709//2732
f 2709//2732 2710//2732 2711//2732
f 2710//2733 2712//2733 2713//2733
f 2710//2733 2713//2733 2711//2733
f 2712//2734 2714//2734 2713//2734
f 2713//2734 2714//2734 2715//2734
f 2714//2735 2716//2735 2715//2735
f 2715//2735 2716//2735 2717//2735
f 2716//2736 2718//2736 2717//2736
f 2717//2736 2718//2736 2719//2736
f 2718//2737 2720//2737 2719//2737
f 2719//2737 2720//2737 2721//2737
f 2657//2738 2656//2738 2722//2738
f 2657//2738 2722//2738 2723//2738
f 2656//2739 2659//2739 2724//2739
f 2656//2739 2724//2739 2722//2739
f 2659//2740 2661//2740 2724//2740
f 2724//2740 2661//2740 2725//2740
f 2663//2741 2665//2741 2726//2741
f 2663//2741 2726//2741 2727//2741
f 2665//2742 2667//2742 2726//2742
f 2726//2742 2667//2742 2728//2742
f 2667//2743 2669//2743 2728//2743
f 2728//2743 2669//2743 2729//2743
f 2671//2744 2673//2744 2730//2744
f 2671//2744 2730//2744 2731//2744
f 2673//2745 2675//2745 2732//2745
f 2673//2745 2732//2745 2730//2745
f 2675//2746 2677//2746 2733//2746
f 2675//2746 2733//2746 2732//2746
f 2681//2747 2683//2747 2734//2747
f 2681//2747 2734//2747 2735//2747
f 2683//2748 2685//2748 2736//2748
f 2683//2748 2736//2748 2734//2748
f 2685//2749 2687//2749 2737//2749
f 2685//2749 2737//2749 2736//2749
f 2689//2750 2691//2750 2738//2750
f 2738//2750 2691//2750 2739//2750
f 2691//2751 2693//2751 2739//2751
f 2739//2751 2693//2751 2740//2751
f 2693//2752 2695//2752 2740//2752
f 2740//2752 2695//2752 2741//2752
f 2699//2753 2701//2753 2742//2753
f 2742//2753 2701//2753 2743//2753
f 2701//2754 2703//2754 2743//2754
f 2743//2754 2703//2754 2744//2754
f 2703//2755 2705//2755 2744//2755
f 2744//2755 2705//2755 2745//2755
f 2707//2756 2709//2756 2746//2756
f 2707//2756 2746//2756 2747//2756
f 2709//2757 2711//2757 2748//2757
f 2709//2757 2748//2757 2746//2757
f 2711//2758 2713//2758 2748//2758
f 2748//2758 2713//2758 2749//2758
f 2715//2759 2717//2759 2750//2759
f 2715//2759 2750//2759 2751//2759
f 2717//2760 2719//2760 2750//2760
f 2750//2760 2719//2760 2752//2760
f 2719//2761 2721//2761 2752//2761
f 2752//2761 2721//2761 2753//2761
f 2723//2762 2722//2762 2754//2762
f 2754//2762 2722//2762 2755//2762
f 2722//2763 2724//2763 2755//2763
f 2755//2763 2724//2763 2756//2763
f 2727//2764 2726//2764 2757//2764
f 2757//2764 2726//2764 2758//2764
f 2726//2765 2728//2765 2758//2765
f 2758//2765 2728//2765 2759//2765
f 2728//2766 2729//2766 2759//2766
f 2759//2766 2729//2766 2760//2766
f 2730//2767 2732//2767 2761//2767
f 2730//2767 2761//2767 2762//2767
f 2732//2768 2733//2768 2761//2768
f 2761//2768 2733//2768 2763//2768
f 2735//2769 2734//2769 2764//2769
f 2735//2769 2764//2769 2765//2769
f 2734//2770 2736//2770 2764//2770
f 2764//2770 2736//2770 2766//2770
f 2736//2771 2737//2771 2767//2771
f 2736//2771 2767//2771 2766//2771
f 2738//2772 2739//2772 2768//2772
f 2768//2772 2739//2772 2769//2772
f 2739//2773 2740//2773 2770//2773
f 2739//2773 2770//2773 2769//2773
f 2740//2774 2741//2774 2770//2774
f 2770//2774 2741//2774 2771//2774
f 2742//2775 2743//2775 2772//2775
f 2742//2775 2772//2775 2773//2775
f 2743//2776 2744//2776 2772//2776
f 2772//2776 2744//2776 2774//2776
f 2747//2777 2746//2777 2775//2777
f 2747//2777 2775//2777 2776//2777
f 2746//2778 2748//2778 2777//2778
f 2746//2778 2777//2778 2775//2778
f 2748//2779 2749//2779 2778//2779
f 2748//2779 2778//2779 2777//2779
f 2750//2780 2752//2780 2779//2780
f 2750//2780 2779//2780 2780//2780
f 2752//2781 2753//2781 2781//2781
f 2752//2781 2781//2781 2779//2781
f 2754//2782 2755//2782 2782//2782
f 2754//2782 2782//2782 2783//2782
f 2755//2782 2756//2782 2784//2782
f 2755//2782 2784//2782 2782//2782
f 2757//2782 2758//2782 2785//2782
f 2757//2782 2785//2782 2786//2782
f 2758//2782 2759//2782 2787//2782
f 2758//2782 2787//2782 2785//2782
f 2759//2782 2760//2782 2787//2782
f 2787//2782 2760//2782 2788//2782
f 2762//2782 2761//2782 2789//2782
f 2762//2782 2789//2782 2790//2782
f 2761//2782 2763//2782 2789//2782
f 2789//2782 2763//2782 2791//2782
f 2765//2782 2764//2782 2792//2782
f 2792//2782 2764//2782 2793//2782
f 2764//2782 2766//2782 2794//2782
f 2764//2782 2794//2782 2793//2782
f 2766//2782 2767//2782 2794//2782
f 2794//2782 2767//2782 2795//2782
f 2768//2782 2769//2782 2796//2782
f 2768//2782 2796//2782 2797//2782
f 2769//2782 2770//2782 2796//2782
f 2796//2782 2770//2782 2798//2782
f 2770//2782 2771//2782 2799//2782
f 2770//2782 2799//2782 2798//2782
f 2773//2782 2772//2782 2800//2782
f 2773//2782 2800//2782 2801//2782
f 2772//2782 2774//2782 2800//2782
f 2800//2782 2774//2782 2802//2782
f 2776//2782 2775//2782 2803//2782
f 2776//2782 2803//2782 2804//2782
f 2775//2782 2777//2782 2803//2782
f 2803//2782 2777//2782 2805//2782
f 2777//2782 2778//2782 2805//2782
f 2805//2782 2778//2782 2806//2782
f 2780//2782 2779//2782 2807//2782
f 2807//2782 2779//2782 2808//2782
f 2779//2782 2781//2782 2808//2782
f 2808//2782 2781//2782 2809//2782
f 2783//2783 2782//2783 2810//2783
f 2783//2783 2810//2783 2811//2783
f 2782//2784 2784//2784 2810//2784
f 2810//2784 2784//2784 2812//2784
f 2786//2785 2785//2785 2813//2785
f 2786//2785 2813//2785 2814//2785
f 2785//2786 2787//2786 2815//2786
f 2785//2786 2815//2786 2813//2786
f 2787//2787 2788//2787 2816//2787
f 2787//2787 2816//2787 2815//2787
f 2790//2788 2789//2788 2817//2788
f 2817//2788 2789//2788 2818//2788
f 2789//2789 2791//2789 2819//2789
f 2789//2789 2819//2789 2818//2789
f 2792//2790 2793//2790 2820//2790
f 2792//2790 2820//2790 2821//2790
f 2793//2791 2794//2791 2822//2791
f 2793//2791 2822//2791 2820//2791
f 2794//2792 2795//2792 2823//2792
f 2794//2792 2823//2792 2822//2792
f 2797//2793 2796//2793 2824//2793
f 2797//2793 2824//2793 2825//2793
f 2796//2794 2798//2794 2824//2794
f 2824//2794 2798//2794 2826//2794
f 2798//2795 2799//2795 2826//2795
f 2826//2795 2799//2795 2827//2795
f 2801//2796 2800//2796 2828//2796
f 2828//2796 2800//2796 2829//2796
f 2800//2797 2802//2797 2830//2797
f 2800//2797 2830//2797 2829//2797
f 2804//2798 2803//2798 2831//2798
f 2831//2798 2803//2798 2832//2798
f 2803//2799 2805//2799 2832//2799
f 2832//2799 2805//2799 2833//2799
f 2805//2800 2806//2800 2833//2800
f 2833//2800 2806//2800 2834//2800
f 2807//2801 2808//2801 2835//2801
f 2807//2801 2835//2801 2836//2801
f 2808//2802 2809//2802 2835//2802
f 2835//2802 2809//2802 2837//2802
f 2811//2803 2810//2803 2838//2803
f 2838//2803 2810//2803 2839//2803
f 2810//2804 2812//2804 2840//2804
f 2810//2804 2840//2804 2839//2804
f 2812//2805 2841//2805 2842//2805
f 2812//2805 2842//2805 2840//2805
f 2814//2806 2813//2806 2843//2806
f 2843//2806 2813//2806 2844//2806
f 2813//2807 2815//2807 2845//2807
f 2813//2807 2845//2807 2844//2807
f 2815//2808 2816//2808 2846//2808
f 2815//2808 2846//2808 2845//2808
f 2847//2809 2817//2809 2848//2809
f 2848//2809 2817//2809 2849//2809
f 2817//2810 2818//2810 2849//2810
f 2849//2810 2818//2810 2850//2810
f 2818//2811 2819//2811 2851//2811
f 2818//2811 2851//2811 2850//2811
f 2821//2812 2820//2812 2852//2812
f 2852//2812 2820//2812 2853//2812
f 2820//2813 2822//2813 2853//2813
f 2853//2813 2822//2813 2854//2813
f 2822//2814 2823//2814 2854//2814
f 2854//2814 2823//2814 2855//2814
f 2825//2815 2824//2815 2856//2815
f 2825//2815 2856//2815 2857//2815
f 2824//2816 2826//2816 2858//2816
f 2824//2816 2858//2816 2856//2816
f 2826//2817 2827//2817 2859//2817
f 2826//2817 2859//2817 2858//2817
f 2828//2818 2829//2818 2860//2818
f 2860//2818 2829//2818 2861//2818
f 2829//2819 2830//2819 2862//2819
f 2829//2819 2862//2819 2861//2819
f 2830//2820 2863//2820 2864//2820
f 2830//2820 2864//2820 2862//2820
f 2831//2821 2832//2821 2865//2821
f 2865//2821 2832//2821 2866//2821
f 2832//2822 2833//2822 2866//2822
f 2866//2822 2833//2822 2867//2822
f 2833//2823 2834//2823 2868//2823
f 2833//2823 2868//2823 2867//2823
f 2869//2824 2836//2824 2870//2824
f 2870//2824 2836//2824 2871//2824
f 2836//2825 2835//2825 2871//2825
f 2871//2825 2835//2825 2872//2825
f 2835//2826 2837//2826 2873//2826
f 2835//2826 2873//2826 2872//2826
f 2838//2827 2839//2827 2874//2827
f 2874//2827 2839//2827 2875//2827
f 2839//2828 2840//2828 2875//2828
f 2875//2828 2840//2828 2876//2828
f 2840//2829 2842//2829 2876//2829
f 2876//2829 2842//2829 2877//2829
f 2842//2830 2843//2830 2878//2830
f 2842//2830 2878//2830 2877//2830
f 2843//2831 2844//2831 2879//2831
f 2843//2831 2879//2831 2878//2831
f 2844//2832 2845//2832 2879//2832
f 2879//2832 2845//2832 2880//2832
f 2845//2833 2846//2833 2880//2833
f 2880//2833 2846//2833 2881//2833
f 2846//2834 2848//2834 2881//2834
f 2881//2834 2848//2834 2882//2834
f 2848//2835 2849//2835 2883//2835
f 2848//2835 2883//2835 2882//2835
f 2849//2836 2850//2836 2884//2836
f 2849//2836 2884//2836 2883//2836
f 2850//2837 2851//2837 2885//2837
f 2850//2837 2885//2837 2884//2837
f 2851//2838 2886//2838 2885//2838
f 2885//2838 2886//2838 2887//2838
f 2886//2839 2852//2839 2887//2839
f 2887//2839 2852//2839 2888//2839
f 2852//2840 2853//2840 2888//2840
f 2888//2840 2853//2840 2889//2840
f 2853//2841 2854//2841 2890//2841
f 2853//2841 2890//2841 2889//2841
f 2854//2842 2855//2842 2891//2842
f 2854//2842 2891//2842 2890//2842
f 2855//2843 2857//2843 2892//2843
f 2855//2843 2892//2843 2891//2843
f 2857//2844 2856//2844 2893//2844
f 2857//2844 2893//2844 2892//2844
f 2856//2845 2858//2845 2893//2845
f 2893//2845 2858//2845 2894//2845
f 2858//2846 2859//2846 2895//2846
f 2858//2846 2895//2846 2894//2846
f 2859//2847 2896//2847 2897//2847
f 2859//2847 2897//2847 2895//2847
f 2896//2848 2860//2848 2898//2848
f 2896//2848 2898//2848 2897//2848
f 2860//2849 2861//2849 2898//2849
f 2898//2849 2861//2849 2899//2849
f 2861//2850 2862//2850 2899//2850
f 2899//2850 2862//2850 2900//2850
f 2862//2851 2864//2851 2901//2851
f 2862//2851 2901//2851 2900//2851
f 2864//2852 2865//2852 2902//2852
f 2864//2852 2902//2852 2901//2852
f 2865//2853 2866//2853 2903//2853
f 2865//2853 2903//2853 2902//2853
f 2866//2854 2867//2854 2904//2854
f 2866//2854 2904//2854 2903//2854
f 2867//2855 2868//2855 2904//2855
f 2904//2855 2868//2855 2905//2855
f 2868//2856 2870//2856 2905//2856
f 2905//2856 2870//2856 2906//2856
f 2870//2857 2871//2857 2907//2857
f 2870//2857 2907//2857 2906//2857
f 2871//2858 2872//2858 2908//2858
f 2871//2858 2908//2858 2907//2858
f 2872//2859 2873//2859 2909//2859
f 2872//2859 2909//2859 2908//2859
f 2910//2860 2911//2860 2838//2860
f 2911//2861 2912//2861 2838//2861
f 2912//2862 2913//2862 2811//2862
f 2913//2863 2914//2863 2811//2863
f 2914//2864 2915//2864 2811//2864
f 2915//2865 2916//2865 2811//2865
f 2916//2866 2917//2866 2783//2866
f 2917//2867 2918//2867 2754//2867
f 2918//2868 2919//2868 2754//2868
f 2919//2869 2920//2869 2723//2869
f 2920//2870 2921//2870 2723//2870
f 2921//2871 2922//2871 2657//2871
f 2922//2872 2923//2872 2657//2872
f 2923//2873 2924//2873 2925//2873
f 2925//2874 2926//2874 2654//2874
f 2926//2875 2927//2875 2928//2875
f 2928//2876 2929//2876 2654//2876
f 2929//2877 2930//2877 2655//2877
f 2930//2878 2931//2878 2658//2878
f 2931//2879 2932//2879 2660//2879
f 2932//2880 2933//2880 2662//2880
f 2933//2881 2934//2881 2664//2881
f 2934//2882 2935//2882 2666//2882
f 2935//2883 2936//2883 2668//2883
f 2936//2884 2937//2884 2670//2884
f 2937//2885 2938//2885 2672//2885
f 2938//2886 2939//2886 2674//2886
f 2939//2887 2940//2887 2676//2887
f 2940//2888 2941//2888 2678//2888
f 2941//2889 2942//2889 2680//2889
f 2942//2890 2943//2890 2682//2890
f 2943//2891 2944//2891 2684//2891
f 2944//2892 2945//2892 2686//2892
f 2945//2893 2946//2893 2688//2893
f 2946//2894 2947//2894 2690//2894
f 2947//2895 2948//2895 2692//2895
f 2948//2896 2949//2896 2694//2896
f 2949//2897 2950//2897 2696//2897
f 2950//2898 2951//2898 2698//2898
f 2951//2899 2952//2899 2700//2899
f 2952//2900 2953//2900 2702//2900
f 2953//2901 2954//2901 2704//2901
f 2954//2902 2955//2902 2706//2902
f 2955//2903 2956//2903 2708//2903
f 2956//2904 2957//2904 2710//2904
f 2957//2905 2958//2905 2712//2905
f 2958//2906 2959//2906 2714//2906
f 2959//2907 2960//2907 2716//2907
f 2960//2908 2961//2908 2718//2908
f 2961//2909 2927//2909 2926//2909
f 2926//2910 2925//2910 2720//2910
f 2925//2911 2924//2911 2721//2911
f 2924//2912 2962//2912 2721//2912
f 2962//2913 2963//2913 2753//2913
f 2963//2914 2964//2914 2753//2914
f 2964//2915 2965//2915 2753//2915
f 2965//2916 2966//2916 2753//2916
f 2966//2917 2967//2917 2781//2917
f 2967//2918 2968//2918 2781//2918
f 2968//2919 2969//2919 2809//2919
f 2969//2920 2970//2920 2837//2920
f 2970//2921 2971//2921 2837//2921
f 2971//2922 2972//2922 2873//2922
f 2972//2923 2911//2923 2910//2923
f 2910//2924 2973//2924 2909//2924
f 2973//2925 2974//2925 2975//2925
f 2975//2926 2976//2926 2908//2926
f 2976//2927 2977//2927 2907//2927
f 2977//2928 2978//2928 2906//2928
f 2978//2929 2979//2929 2905//2929
f 2979//2930 2980//2930 2904//2930
f 2980//2931 2981//2931 2903//2931
f 2981//2932 2982//2932 2902//2932
f 2982//2933 2983//2933 2901//2933
f 2983//2934 2984//2934 2900//2934
f 2984//2935 2985//2935 2899//2935
f 2985//2936 2986//2936 2898//2936
f 2986//2937 2987//2937 2897//2937
f 2987//2938 2988//2938 2895//2938
f 2988//2939 2989//2939 2894//2939
f 2989//2940 2990//2940 2893//2940
f 2990//2941 2991//2941 2892//2941
f 2991//2942 2992//2942 2891//2942
f 2992//2943 2993//2943 2890//2943
f 2993//2944 2994//2944 2889//2944
f 2994//2945 2995//2945 2888//2945
f 2995//2946 2996//2946 2887//2946
f 2996//2947 2997//2947 2885//2947
f 2997//2948 2998//2948 2884//2948
f 2998//2949 2999//2949 2883//2949
f 2999//2950 3000//2950 2882//2950
f 3000//2951 3001//2951 2881//2951
f 3001//2952 3002//2952 2880//2952
f 3002//2953 3003//2953 2879//2953
f 3003//2954 3004//2954 2878//2954
f 3004//2955 3005//2955 2877//2955
f 3005//2956 3006//2956 2876//2956
f 3006//2957 3007//2957 2875//2957
f 3007//2958 3008//2958 2874//2958
f 3008//2959 2974//2959 2973//2959
f 2973//2960 2910//2960 2874//2960
f 1999//2961 1998//2961 2868//2961
f 1998//2962 2022//2962 2870//2962
f 2022//2963 2021//2963 2870//2963
f 2021//2964 2020//2964 2870//2964
f 2020//2965 2019//2965 2869//2965
f 2019//2966 2018//2966 2869//2966
f 2018//2967 2017//2967 2807//2967
f 2017//2968 2016//2968 2807//2968
f 2016//2969 2015//2969 2780//2969
f 2015//2970 2014//2970 2751//2970
f 2014//2971 2013//2971 2751//2971
f 2013//2972 2012//2972 2751//2972
f 2012//2973 2011//2973 2715//2973
f 2011//2974 2010//2974 2715//2974
f 2010//2975 2009//2975 2715//2975
f 2009//2976 2008//2976 2713//2976
f 2008//2977 2007//2977 2749//2977
f 2007//2978 2006//2978 2749//2978
f 2006//2979 2005//2979 2778//2979
f 2005//2980 2004//2980 2806//2980
f 2004//2981 2003//2981 2806//2981
f 2003//2982 2002//2982 2834//2982
f 2002//2983 2001//2983 2834//2983
f 2001//2984 2000//2984 2834//2984
f 2000//2985 1999//2985 2868//2985
f 2209//2986 2208//2986 2859//2986
f 2208//2987 2232//2987 2896//2987
f 2232//2988 2231//2988 2896//2988
f 2231//2989 2230//2989 2860//2989
f 2230//2990 2229//2990 2828//2990
f 2229//2991 2228//2991 2828//2991
f 2228//2992 2227//2992 2801//2992
f 2227//2993 2226//2993 2801//2993
f 2226//2994 2225//2994 2773//2994
f 2225//2995 2224//2995 2742//2995
f 2224//2996 2223//2996 2742//2996
f 2223//2997 2222//2997 2742//2997
f 2222//2998 2221//2998 2742//2998
f 2221//2999 2220//2999 2699//2999
f 2220//3000 2219//3000 2697//3000
f 2219//3001 2218//3001 2695//3001
f 2218//3002 2217//3002 2741//3002
f 2217//3003 2216//3003 2741//3003
f 2216//3004 2215//3004 2771//3004
f 2215//3005 2214//3005 2799//3005
f 2214//3006 2213//3006 2799//3006
f 2213//3007 2212//3007 2827//3007
f 2212//3008 2211//3008 2827//3008
f 2211//3009 2210//3009 2827//3009
f 2210//3010 2209//3010 2827//3010
f 2419//3011 2418//3011 2886//3011
f 2418//3012 2442//3012 2886//3012
f 2442//3013 2441//3013 2886//3013
f 2441//3014 2440//3014 2852//3014
f 2440//3015 2439//3015 2821//3015
f 2439//3016 2438//3016 2821//3016
f 2438//3017 2437//3017 2792//3017
f 2437//3018 2436//3018 2792//3018
f 2436//3019 2435//3019 2765//3019
f 2435//3020 2434//3020 2735//3020
f 2434//3021 2433//3021 2735//3021
f 2433//3022 2432//3022 2735//3022
f 2432//3023 2431//3023 2735//3023
f 2431//3024 2430//3024 2681//3024
f 2430//3025 2429//3025 2679//3025
f 2429//3026 2428//3026 2677//3026
f 2428//3027 2427//3027 2733//3027
f 2427//3028 2426//3028 2733//3028
f 2426//3029 2425//3029 2763//3029
f 2425//3030 2424//3030 2791//3030
f 2424//3031 2423//3031 2791//3031
f 2423//3032 2422//3032 2819//3032
f 2422//3033 2421//3033 2819//3033
f 2421//3034 2420//3034 2819//3034
f 2420//3035 2419//3035 2819//3035
f 2629//3036 2628//3036 2842//3036
f 2628//3037 2652//3037 2842//3037
f 2652//3038 2651//3038 2843//3038
f 2651//3039 2650//3039 2843//3039
f 2650//3040 2649//3040 2814//3040
f 2649//3041 2648//3041 2814//3041
f 2648//3042 2647//3042 2786//3042
f 2647//3043 2646//3043 2786//3043
f 2646//3044 2645//3044 2757//3044
f 2645//3045 2644//3045 2727//3045
f 2644//3046 2643//3046 2727//3046
f 2643//3047 2642//3047 2727//3047
f 2642//3048 2641//3048 2727//3048
f 2641//3049 2640//3049 2663//3049
f 2640//3050 2639//3050 2661//3050
f 2639//3051 2638//3051 2661//3051
f 2638//3052 2637//3052 2725//3052
f 2637//3053 2636//3053 2725//3053
f 2636//3054 2635//3054 2756//3054
f 2635//3055 2634//3055 2784//3055
f 2634//3056 2633//3056 2784//3056
f 2633//3057 2632//3057 2841//3057
f 2632//3058 2631//3058 2841//3058
f 2631//3059 2630//3059 2841//3059
f 2630//3060 2629//3060 2842//3060
f 2524//3061 2523//3061 2846//3061
f 2523//3062 2547//3062 2848//3062
f 2547//3063 2546//3063 2848//3063
f 2546//3064 2545//3064 2848//3064
f 2545//3065 2544//3065 2848//3065
f 2544//3066 2543//3066 2847//3066
f 2543//3067 2542//3067 2790//3067
f 2542//3068 2541//3068 2790//3068
f 2541//3069 2540//3069 2762//3069
f 2540//3070 2539//3070 2730//3070
f 2539//3071 2538//3071 2731//3071
f 2538//3072 2537//3072 2671//3072
f 2537//3073 2536//3073 2671//3073
f 2536//3074 2535//3074 2671//3074
f 2535//3075 2534//3075 2671//3075
f 2534//3076 2533//3076 2669//3076
f 2533//3077 2532//3077 2729//3077
f 2532//3078 2531//3078 2729//3078
f 2531//3079 2530//3079 2760//3079
f 2530//3080 2529//3080 2788//3080
f 2529//3081 2528//3081 2788//3081
f 2528//3082 2527//3082 2816//3082
f 2527//3083 2526//3083 2816//3083
f 2526//3084 2525//3084 2816//3084
f 2525//3085 2524//3085 2846//3085
f 2314//3086 2313//3086 2855//3086
f 2313//3087 2337//3087 2857//3087
f 2337//3088 2336//3088 2857//3088
f 2336//3089 2335//3089 2857//3089
f 2335//3090 2334//3090 2825//3090
f 2334//3091 2333//3091 2825//3091
f 2333//3092 2332//3092 2825//3092
f 2332//3093 2331//3093 2797//3093
f 2331//3094 2330//3094 2768//3094
f 2330//3095 2329//3095 2738//3095
f 2329//3096 2328//3096 2738//3096
f 2328//3097 2327//3097 2738//3097
f 2327//3098 2326//3098 2738//3098
f 2326//3099 2325//3099 2689//3099
f 2325//3100 2324//3100 2687//3100
f 2324//3101 2323//3101 2687//3101
f 2323//3102 2322//3102 2737//3102
f 2322//3103 2321//3103 2737//3103
f 2321//3104 2320//3104 2767//3104
f 2320//3105 2319//3105 2795//3105
f 2319//3106 2318//3106 2823//3106
f 2318//3107 2317//3107 2823//3107
f 2317//3108 2316//3108 2823//3108
f 2316//3109 2315//3109 2823//3109
f 2315//3110 2314//3110 2855//3110
f 2104//3111 2103//3111 2864//3111
f 2103//3112 2127//3112 2864//3112
f 2127//3113 2126//3113 2865//3113
f 2126//3114 2125//3114 2865//3114
f 2125//3115 2124//3115 2831//3115
f 2124//3116 2123//3116 2831//3116
f 2123//3117 2122//3117 2804//3117
f 2122//3118 2121//3118 2804//3118
f 2121//3119 2120//3119 2776//3119
f 2120//3120 2119//3120 2747//3120
f 2119//3121 2118//3121 2747//3121
f 2118//3122 2117//3122 2747//3122
f 2117//3123 2116//3123 2747//3123
f 2116//3124 2115//3124 2707//3124
f 2115//3125 2114//3125 2705//3125
f 2114//3126 2113//3126 2705//3126
f 2113//3127 2112//3127 2745//3127
f 2112//3128 2111//3128 2744//3128
f 2111//3129 2110//3129 2774//3129
f 2110//3130 2109//3130 2802//3130
f 2109//3131 2108//3131 2802//3131
f 2108//3132 2107//3132 2863//3132
f 2107//3133 2106//3133 2863//3133
f 2106//3134 2105//3134 2864//3134
f 2105//3135 2104//3135 2864//3135
f 2655//2876 2654//2876 2929//2876
f 2658//2877 2655//2877 2930//2877
f 2660//2878 2658//2878 2931//2878
f 2662//2879 2660//2879 2932//2879
f 2664//2880 2662//2880 2933//2880
f 2666//2881 2664//2881 2934//2881
f 2668//2882 2666//2882 2935//2882
f 2654//3136 2657//3136 2925//3136
f 2657//3137 2723//3137 2921//3137
f 2661//3138 2663//3138 2640//3138
f 2725//3139 2661//3139 2638//3139
f 2663//3140 2727//3140 2641//3140
f 2723//3141 2754//3141 2919//3141
f 2724//3142 2725//3142 2756//3142
f 2727//3143 2757//3143 2645//3143
f 2754//3144 2783//3144 2917//3144
f 2784//3145 2756//3145 2635//3145
f 2757//3146 2786//3146 2646//3146
f 2783//3147 2811//3147 2916//3147
f 2841//3148 2812//3148 2784//3148
f 2786//3149 2814//3149 2648//3149
f 2811//3150 2838//3150 2912//3150
f 2843//3151 2842//3151 2652//3151
f 2842//3152 2841//3152 2630//3152
f 2814//3153 2843//3153 2650//3153
f 2838//3154 2874//3154 2910//3154
f 2670//2883 2668//2883 2936//2883
f 2672//2884 2670//2884 2937//2884
f 2674//2885 2672//2885 2938//2885
f 2676//2886 2674//2886 2939//2886
f 2678//2887 2676//2887 2940//2887
f 2680//2888 2678//2888 2941//2888
f 2682//2889 2680//2889 2942//2889
f 2684//2890 2682//2890 2943//2890
f 2669//3155 2671//3155 2534//3155
f 2729//3156 2669//3156 2533//3156
f 2671//3157 2731//3157 2538//3157
f 2679//3158 2681//3158 2430//3158
f 2681//3159 2735//3159 2431//3159
f 2760//3160 2729//3160 2531//3160
f 2730//3161 2762//3161 2540//3161
f 2763//3162 2733//3162 2426//3162
f 2735//3163 2765//3163 2435//3163
f 2788//3164 2760//3164 2530//3164
f 2762//3165 2790//3165 2541//3165
f 2791//3166 2763//3166 2425//3166
f 2765//3167 2792//3167 2436//3167
f 2816//3168 2788//3168 2528//3168
f 2817//3169 2847//3169 2543//3169
f 2790//3170 2817//3170 2543//3170
f 2819//3171 2791//3171 2423//3171
f 2792//3172 2821//3172 2438//3172
f 2848//3173 2846//3173 2523//3173
f 2846//3174 2816//3174 2525//3174
f 2847//3175 2848//3175 2544//3175
f 2886//3176 2851//3176 2819//3176
f 2852//3177 2886//3177 2441//3177
f 2821//3178 2852//3178 2440//3178
f 2686//2891 2684//2891 2944//2891
f 2688//2892 2686//2892 2945//2892
f 2690//2893 2688//2893 2946//2893
f 2692//2894 2690//2894 2947//2894
f 2694//2895 2692//2895 2948//2895
f 2696//2896 2694//2896 2949//2896
f 2698//2897 2696//2897 2950//2897
f 2700//2898 2698//2898 2951//2898
f 2687//3179 2689//3179 2325//3179
f 2737//3180 2687//3180 2323//3180
f 2689//3181 2738//3181 2326//3181
f 2695//3182 2697//3182 2219//3182
f 2741//3183 2695//3183 2218//3183
f 2767//3184 2737//3184 2321//3184
f 2738//3185 2768//3185 2330//3185
f 2771//3186 2741//3186 2216//3186
f 2742//3187 2773//3187 2225//3187
f 2795//3188 2767//3188 2320//3188
f 2768//3189 2797//3189 2331//3189
f 2799//3190 2771//3190 2215//3190
f 2773//3191 2801//3191 2226//3191
f 2823//3192 2795//3192 2319//3192
f 2797//3193 2825//3193 2332//3193
f 2827//3194 2799//3194 2213//3194
f 2801//3195 2828//3195 2228//3195
f 2857//3086 2855//3086 2313//3086
f 2855//3196 2823//3196 2315//3196
f 2825//3197 2857//3197 2335//3197
f 2896//3198 2859//3198 2208//3198
f 2859//3199 2827//3199 2209//3199
f 2702//2899 2700//2899 2952//2899
f 2704//2900 2702//2900 2953//2900
f 2706//2901 2704//2901 2954//2901
f 2708//2902 2706//2902 2955//2902
f 2710//2903 2708//2903 2956//2903
f 2712//2904 2710//2904 2957//2904
f 2714//2905 2712//2905 2958//2905
f 2716//2906 2714//2906 2959//2906
f 2705//3200 2707//3200 2115//3200
f 2745//3201 2705//3201 2113//3201
f 2707//3202 2747//3202 2116//3202
f 2713//3203 2715//3203 2009//3203
f 2749//3204 2713//3204 2008//3204
f 2715//3205 2751//3205 2012//3205
f 2774//3206 2744//3206 2111//3206
f 2747//3207 2776//3207 2120//3207
f 2778//3208 2749//3208 2006//3208
f 2751//3209 2750//3209 2780//3209
f 2802//3210 2774//3210 2110//3210
f 2776//3211 2804//3211 2121//3211
f 2806//3212 2778//3212 2005//3212
f 2780//3213 2807//3213 2016//3213
f 2863//3214 2830//3214 2108//3214
f 2830//3215 2802//3215 2108//3215
f 2804//3216 2831//3216 2123//3216
f 2834//3217 2806//3217 2003//3217
f 2836//3218 2869//3218 2807//3218
f 2865//3219 2864//3219 2127//3219
f 2864//3220 2863//3220 2106//3220
f 2831//3221 2865//3221 2125//3221
f 2870//3222 2868//3222 1998//3222
f 2868//3223 2834//3223 2000//3223
f 2869//3224 2870//3224 2020//3224
f 2718//2907 2716//2907 2960//2907
f 2720//2908 2718//2908 2961//2908
f 2721//3225 2720//3225 2925//3225
f 2753//3226 2721//3226 2962//3226
f 2781//3227 2753//3227 2966//3227
f 2809//3228 2781//3228 2968//3228
f 2837//3229 2809//3229 2969//3229
f 2873//3230 2837//3230 2971//3230
f 2909//3231 2873//3231 2910//3231
f 2874//2958 2875//2958 3007//2958
f 2875//2957 2876//2957 3006//2957
f 2876//2956 2877//2956 3005//2956
f 2877//2955 2878//2955 3004//2955
f 2878//2954 2879//2954 3003//2954
f 2879//2953 2880//2953 3002//2953
f 2880//2952 2881//2952 3001//2952
f 2881//2951 2882//2951 3000//2951
f 2882//2950 2883//2950 2999//2950
f 2883//2949 2884//2949 2998//2949
f 2884//2948 2885//2948 2997//2948
f 2885//2947 2887//2947 2996//2947
f 2887//2946 2888//2946 2995//2946
f 2888//2945 2889//2945 2994//2945
f 2889//2944 2890//2944 2993//2944
f 2890//2943 2891//2943 2992//2943
f 2891//2942 2892//2942 2991//2942
f 2892//2941 2893//2941 2990//2941
f 2893//2940 2894//2940 2989//2940
f 2894//2939 2895//2939 2988//2939
f 2895//2938 2897//2938 2987//2938
f 2897//2937 2898//2937 2986//2937
f 2898//2936 2899//2936 2985//2936
f 2899//2935 2900//2935 2984//2935
f 2900//2934 2901//2934 2983//2934
f 2901//2933 2902//2933 2982//2933
f 2902//2932 2903//2932 2981//2932
f 2903//2931 2904//2931 2980//2931
f 2904//2930 2905//2930 2979//2930
f 2905//2929 2906//2929 2978//2929
f 2906//2928 2907//2928 2977//2928
f 2907//2927 2908//2927 2976//2927
f 2908//2926 2909//2926 2975//2926
f 2657//3232 2923//3232 2925//3232
f 2654//3233 2926//3233 2928//3233
f 2961//3234 2926//3234 2720//3234
f 2873//3235 2972//3235 2910//3235
f 2909//3236 2973//3236 2975//3236
f 2874//3237 3008//3237 2973//3237
f 2869//3238 2018//3238 2807//3238
f 2780//3239 2015//3239 2751//3239
f 2896//3240 2231//3240 2860//3240
f 2860//3241 2230//3241 2828//3241
f 2742//3242 2221//3242 2699//3242
f 2699//3243 2220//3243 2697//3243
f 2419//3244 2886//3244 2819//3244
f 2679//3245 2429//3245 2677//3245
f 2677//3246 2428//3246 2733//3246
f 2725//3247 2636//3247 2756//3247
f 2784//3248 2633//3248 2841//3248
f 2730//3249 2539//3249 2731//3249
f 2745//3250 2112//3250 2744//3250
f 3009//3251 3010//3251 3011//3251
f 3012//3252 3009//3252 3011//3252
f 3013//3253 3014//3253 3010//3253
f 3009//3254 3013//3254 3010//3254
f 3015//3255 3016//3255 3014//3255
f 3013//3256 3015//3256 3014//3256
f 3017//3257 3018//3257 3016//3257
f 3015//3258 3017//3258 3016//3258
f 3019//3259 3020//3259 3018//3259
f 3017//3260 3019//3260 3018//3260
f 3021//3261 3022//3261 3020//3261
f 3019//3262 3021//3262 3020//3262
f 3021//3263 3023//3263 3022//3263
f 3024//3264 3023//3264 3021//3264
f 3024//3265 3025//3265 3023//3265
f 3026//3266 3025//3266 3024//3266
f 3026//3267 3027//3267 3025//3267
f 3028//3268 3027//3268 3026//3268
f 3028//3269 3029//3269 3027//3269
f 3030//3270 3029//3270 3028//3270
f 3030//3271 3031//3271 3029//3271
f 3032//3272 3031//3272 3030//3272
f 3033//3273 3009//3273 3012//3273
f 3034//3274 3009//3274 3033//3274
f 3034//3275 3013//3275 3009//3275
f 3035//3276 3013//3276 3034//3276
f 3035//3277 3015//3277 3013//3277
f 3036//3278 3015//3278 3035//3278
f 3036//3279 3017//3279 3015//3279
f 3037//3280 3017//3280 3036//3280
f 3037//3281 3019//3281 3017//3281
f 3038//3282 3019//3282 3037//3282
f 3038//3283 3021//3283 3019//3283
f 3039//3284 3021//3284 3038//3284
f 3040//3285 3024//3285 3021//3285
f 3039//3286 3040//3286 3021//3286
f 3041//3287 3026//3287 3024//3287
f 3040//3288 3041//3288 3024//3288
f 3042//3289 3028//3289 3026//3289
f 3041//3290 3042//3290 3026//3290
f 3043//3291 3030//3291 3028//3291
f 3042//3292 3043//3292 3028//3292
f 3044//3293 3032//3293 3030//3293
f 3043//3294 3044//3294 3030//3294
f 3031//3295 3045//3295 2924//3295
f 3032//3296 3046//3296 3045//3296
f 3044//3297 3047//3297 3046//3297
f 3044//3298 3048//3298 3047//3298
f 3043//3299 3049//3299 3048//3299
f 3042//3300 3050//3300 3049//3300
f 3041//3301 3051//3301 3050//3301
f 3040//3302 3052//3302 3051//3302
f 3039//3303 3053//3303 3052//3303
f 3038//3304 3054//3304 3053//3304
f 3037//3305 3055//3305 3054//3305
f 3035//3306 3056//3306 3055//3306
f 3033//3307 3057//3307 3056//3307
f 3033//3308 3058//3308 3057//3308
f 3012//3309 3059//3309 3058//3309
f 3011//3310 2911//3310 3059//3310
f 3011//3311 2912//3311 2911//3311
f 3010//3312 2913//3312 2912//3312
f 3014//3313 2914//3313 2913//3313
f 3016//3314 2915//3314 2914//3314
f 3018//3315 2916//3315 2915//3315
f 3020//3316 2917//3316 2916//3316
f 3022//3317 2918//3317 2917//3317
f 3025//3318 2919//3318 2918//3318
f 3027//3319 2920//3319 2919//3319
f 3029//3320 2921//3320 2920//3320
f 3029//3321 2922//3321 2921//3321
f 3031//3322 2923//3322 2922//3322
f 3031//3323 2924//3323 2923//3323
f 2912//3324 3011//3324 3010//3324
f 2913//3325 3010//3325 3014//3325
f 2914//3326 3014//3326 3016//3326
f 2915//3327 3016//3327 3018//3327
f 2916//3328 3018//3328 3020//3328
f 2917//3329 3020//3329 3022//3329
f 2918//3330 3022//3330 3023//3330
f 3059//3331 3012//3331 3011//3331
f 3058//3332 3033//3332 3012//3332
f 3056//3333 3034//3333 3033//3333
f 3056//3334 3035//3334 3034//3334
f 3055//3335 3036//3335 3035//3335
f 3055//3336 3037//3336 3036//3336
f 3054//3337 3038//3337 3037//3337
f 3053//3338 3039//3338 3038//3338
f 3052//3339 3040//3339 3039//3339
f 2918//3340 3023//3340 3025//3340
f 2919//3341 3025//3341 3027//3341
f 2920//3342 3027//3342 3029//3342
f 2922//3343 3029//3343 3031//3343
f 3045//3344 3031//3344 3032//3344
f 3046//3345 3032//3345 3044//3345
f 3051//3346 3041//3346 3040//3346
f 3050//3347 3042//3347 3041//3347
f 3049//3348 3043//3348 3042//3348
f 3048//3349 3044//3349 3043//3349
f 3060//3350 3061//3350 3062//3350
f 3060//3350 3062//3350 3063//3350
f 3061//3351 3064//3351 3065//3351
f 3061//3351 3065//3351 3062//3351
f 3064//3352 3066//3352 3067//3352
f 3064//3352 3067//3352 3065//3352
f 3066//3353 3068//3353 3069//3353
f 3066//3353 3069//3353 3067//3353
f 3068//3354 3070//3354 3071//3354
f 3068//3354 3071//3354 3069//3354
f 3070//3355 3072//3355 3073//3355
f 3070//3355 3073//3355 3071//3355
f 3072//3356 3074//3356 3075//3356
f 3072//3356 3075//3356 3073//3356
f 3074//3357 3076//3357 3077//3357
f 3074//3357 3077//3357 3075//3357
f 3076//3358 3078//3358 3079//3358
f 3076//3358 3079//3358 3077//3358
f 3078//3359 3080//3359 3081//3359
f 3078//3359 3081//3359 3079//3359
f 3080//3360 3082//3360 3083//3360
f 3080//3360 3083//3360 3081//3360
f 3082//3361 3084//3361 3085//3361
f 3082//3361 3085//3361 3083//3361
f 3084//3362 3086//3362 3087//3362
f 3084//3362 3087//3362 3085//3362
f 3086//3363 3088//3363 3089//3363
f 3086//3363 3089//3363 3087//3363
f 3088//3364 3090//3364 3091//3364
f 3088//3364 3091//3364 3089//3364
f 3090//3365 3092//3365 3093//3365
f 3090//3365 3093//3365 3091//3365
f 3092//3366 3094//3366 3095//3366
f 3092//3366 3095//3366 3093//3366
f 3094//3367 3096//3367 3097//3367
f 3094//3367 3097//3367 3095//3367
f 3096//3368 3098//3368 3099//3368
f 3096//3368 3099//3368 3097//3368
f 3098//3369 3100//3369 3101//3369
f 3098//3369 3101//3369 3099//3369
f 3100//3370 3102//3370 3103//3370
f 3100//3370 3103//3370 3101//3370
f 3102//3371 3104//3371 3105//3371
f 3102//3371 3105//3371 3103//3371
f 3104//3372 3106//3372 3107//3372
f 3104//3372 3107//3372 3105//3372
f 3106//3373 3108//3373 3109//3373
f 3106//3373 3109//3373 3107//3373
f 3108//3374 3110//3374 3111//3374
f 3108//3374 3111//3374 3109//3374
f 3110//3375 3112//3375 3113//3375
f 3110//3375 3113//3375 3111//3375
f 3112//3376 3114//3376 3115//3376
f 3112//3376 3115//3376 3113//3376
f 3114//3377 3116//3377 3117//3377
f 3114//3377 3117//3377 3115//3377
f 3116//3378 3118//3378 3119//3378
f 3116//3378 3119//3378 3117//3378
f 3118//3379 3120//3379 3121//3379
f 3118//3379 3121//3379 3119//3379
f 3120//3380 3122//3380 3123//3380
f 3120//3380 3123//3380 3121//3380
f 3122//3381 3124//3381 3125//3381
f 3122//3381 3125//3381 3123//3381
f 3124//3382 3126//3382 3127//3382
f 3124//3382 3127//3382 3125//3382
f 3126//3383 3128//3383 3129//3383
f 3126//3383 3129//3383 3127//3383
f 3128//3384 3130//3384 3131//3384
f 3128//3384 3131//3384 3129//3384
f 3063//3350 3062//3350 2928//3350
f 3063//3350 2928//3350 3132//3350
f 3062//3351 3065//3351 2929//3351
f 3062//3351 2929//3351 2928//3351
f 3065//3352 3067//3352 2930//3352
f 3065//3352 2930//3352 2929//3352
f 3067//3353 3069//3353 2931//3353
f 3067//3353 2931//3353 2930//3353
f 3069//3354 3071//3354 2932//3354
f 3069//3354 2932//3354 2931//3354
f 3071//3355 3073//3355 2933//3355
f 3071//3355 2933//3355 2932//3355
f 3073//3356 3075//3356 2934//3356
f 3073//3356 2934//3356 2933//3356
f 3075//3357 3077//3357 2935//3357
f 3075//3357 2935//3357 2934//3357
f 3077//3358 3079//3358 2936//3358
f 3077//3358 2936//3358 2935//3358
f 3079//3359 3081//3359 2937//3359
f 3079//3359 2937//3359 2936//3359
f 3081//3360 3083//3360 2938//3360
f 3081//3360 2938//3360 2937//3360
f 3083//3361 3085//3361 2939//3361
f 3083//3361 2939//3361 2938//3361
f 3085//3362 3087//3362 2940//3362
f 3085//3362 2940//3362 2939//3362
f 3087//3363 3089//3363 2941//3363
f 3087//3363 2941//3363 2940//3363
f 3089//3364 3091//3364 2942//3364
f 3089//3364 2942//3364 2941//3364
f 3091//3365 3093//3365 2943//3365
f 3091//3365 2943//3365 2942//3365
f 3093//3366 3095//3366 2944//3366
f 3093//3366 2944//3366 2943//3366
f 3095//3367 3097//3367 2945//3367
f 3095//3367 2945//3367 2944//3367
f 3097//3368 3099//3368 2946//3368
f 3097//3368 2946//3368 2945//3368
f 3099//3369 3101//3369 2947//3369
f 3099//3369 2947//3369 2946//3369
f 3101//3370 3103//3370 2948//3370
f 3101//3370 2948//3370 2947//3370
f 3103//3371 3105//3371 2949//3371
f 3103//3371 2949//3371 2948//3371
f 3105//3372 3107//3372 2950//3372
f 3105//3372 2950//3372 2949//3372
f 3107//3373 3109//3373 2951//3373
f 3107//3373 2951//3373 2950//3373
f 3109//3374 3111//3374 2952//3374
f 3109//3374 2952//3374 2951//3374
f 3111//3375 3113//3375 2953//3375
f 3111//3375 2953//3375 2952//3375
f 3113//3376 3115//3376 2954//3376
f 3113//3376 2954//3376 2953//3376
f 3115//3377 3117//3377 2955//3377
f 3115//3377 2955//3377 2954//3377
f 3117//3378 3119//3378 2956//3378
f 3117//3378 2956//3378 2955//3378
f 3119//3379 3121//3379 2957//3379
f 3119//3379 2957//3379 2956//3379
f 3121//3380 3123//3380 2958//3380
f 3121//3380 2958//3380 2957//3380
f 3123//3381 3125//3381 2959//3381
f 3123//3381 2959//3381 2958//3381
f 3125//3382 3127//3382 2960//3382
f 3125//3382 2960//3382 2959//3382
f 3127//3383 3129//3383 2961//3383
f 3127//3383 2961//3383 2960//3383
f 3129//3384 3131//3384 3133//3384
f 3129//3384 3133//3384 2961//3384
f 3134//3385 3135//3385 3136//3385
f 3137//3386 3134//3386 3136//3386
f 3138//3387 3139//3387 3135//3387
f 3134//3388 3138//3388 3135//3388
f 3140//3389 3141//3389 3139//3389
f 3138//3390 3140//3390 3139//3390
f 3142//3391 3143//3391 3141//3391
f 3140//3392 3142//3392 3141//3392
f 3144//3393 3145//3393 3143//3393
f 3142//3394 3144//3394 3143//3394
f 3146//3395 3147//3395 3145//3395
f 3144//3396 3146//3396 3145//3396
f 3146//3397 3148//3397 3147//3397
f 3149//3398 3148//3398 3146//3398
f 3149//3399 3150//3399 3148//3399
f 3151//3400 3150//3400 3149//3400
f 3151//3401 3152//3401 3150//3401
f 3153//3402 3152//3402 3151//3402
f 3153//3403 3154//3403 3152//3403
f 3155//3404 3154//3404 3153//3404
f 3155//3405 3156//3405 3154//3405
f 3157//3406 3156//3406 3155//3406
f 3158//3407 3134//3407 3137//3407
f 3159//3408 3134//3408 3158//3408
f 3159//3409 3138//3409 3134//3409
f 3160//3410 3138//3410 3159//3410
f 3160//3411 3140//3411 3138//3411
f 3161//3412 3140//3412 3160//3412
f 3161//3413 3142//3413 3140//3413
f 3162//3414 3142//3414 3161//3414
f 3162//3415 3144//3415 3142//3415
f 3163//3416 3144//3416 3162//3416
f 3163//3417 3146//3417 3144//3417
f 3164//3418 3146//3418 3163//3418
f 3165//3419 3149//3419 3146//3419
f 3164//3420 3165//3420 3146//3420
f 3166//3421 3151//3421 3149//3421
f 3165//3422 3166//3422 3149//3422
f 3167//3423 3153//3423 3151//3423
f 3166//3424 3167//3424 3151//3424
f 3168//3425 3155//3425 3153//3425
f 3167//3426 3168//3426 3153//3426
f 3169//3427 3157//3427 3155//3427
f 3168//3428 3169//3428 3155//3428
f 3156//3429 3059//3429 2911//3429
f 3157//3430 3058//3430 3059//3430
f 3169//3431 3057//3431 3058//3431
f 3169//3432 3170//3432 3057//3432
f 3168//3433 3171//3433 3170//3433
f 3167//3434 3172//3434 3171//3434
f 3166//3435 3173//3435 3172//3435
f 3165//3436 3174//3436 3173//3436
f 3164//3437 3175//3437 3174//3437
f 3163//3438 3176//3438 3175//3438
f 3162//3439 3177//3439 3176//3439
f 3161//3440 3178//3440 3177//3440
f 3158//3441 3047//3441 3178//3441
f 3158//3442 3046//3442 3047//3442
f 3137//3443 3045//3443 3046//3443
f 3136//3444 2924//3444 3045//3444
f 3136//3445 2962//3445 2924//3445
f 3135//3446 2963//3446 2962//3446
f 3139//3447 2964//3447 2963//3447
f 3141//3448 2965//3448 2964//3448
f 3143//3449 2966//3449 2965//3449
f 3145//3450 2967//3450 2966//3450
f 3147//3451 2968//3451 2967//3451
f 3150//3452 2969//3452 2968//3452
f 3152//3453 2970//3453 2969//3453
f 3154//3454 2971//3454 2970//3454
f 3156//3455 2972//3455 2971//3455
f 3156//3456 2911//3456 2972//3456
f 2962//3457 3136//3457 3135//3457
f 2963//3458 3135//3458 3139//3458
f 2964//3459 3139//3459 3141//3459
f 2965//3460 3141//3460 3143//3460
f 2966//3461 3143//3461 3145//3461
f 2967//3462 3145//3462 3147//3462
f 2968//3463 3147//3463 3148//3463
f 3045//3464 3137//3464 3136//3464
f 3046//3465 3158//3465 3137//3465
f 3178//3466 3159//3466 3158//3466
f 3178//3467 3160//3467 3159//3467
f 3178//3468 3161//3468 3160//3468
f 3177//3469 3162//3469 3161//3469
f 3176//3470 3163//3470 3162//3470
f 3175//3471 3164//3471 3163//3471
f 3174//3472 3165//3472 3164//3472
f 2968//3473 3148//3473 3150//3473
f 2969//3474 3150//3474 3152//3474
f 2970//3475 3152//3475 3154//3475
f 2971//3476 3154//3476 3156//3476
f 3059//3477 3156//3477 3157//3477
f 3058//3478 3157//3478 3169//3478
f 3173//3479 3166//3479 3165//3479
f 3172//3480 3167//3480 3166//3480
f 3171//3481 3168//3481 3167//3481
f 3170//3482 3169//3482 3168//3482
f 3179//3483 3180//3483 3181//3483
f 3179//3483 3181//3483 3182//3483
f 3180//3484 3183//3484 3184//3484
f 3180//3484 3184//3484 3181//3484
f 3183//3485 3185//3485 3186//3485
f 3183//3485 3186//3485 3184//3485
f 3185//3486 3187//3486 3186//3486
f 3186//3486 3187//3486 3188//3486
f 3187//3487 3189//3487 3188//3487
f 3188//3487 3189//3487 3190//3487
f 3189//3488 3191//3488 3190//3488
f 3190//3488 3191//3488 3192//3488
f 3191//3489 3193//3489 3194//3489
f 3191//3489 3194//3489 3192//3489
f 3193//3490 3195//3490 3194//3490
f 3194//3490 3195//3490 3196//3490
f 3195//3491 3197//3491 3198//3491
f 3195//3491 3198//3491 3196//3491
f 3197//3492 3199//3492 3198//3492
f 3198//3492 3199//3492 3200//3492
f 3199//3493 3201//3493 3200//3493
f 3200//3493 3201//3493 3202//3493
f 3201//3494 3203//3494 3202//3494
f 3202//3494 3203//3494 3204//3494
f 3203//3495 3205//3495 3206//3495
f 3203//3495 3206//3495 3204//3495
f 3205//3496 3207//3496 3208//3496
f 3205//3496 3208//3496 3206//3496
f 3207//3497 3209//3497 3210//3497
f 3207//3497 3210//3497 3208//3497
f 3209//3498 3211//3498 3210//3498
f 3210//3498 3211//3498 3212//3498
f 3211//3499 3213//3499 3214//3499
f 3211//3499 3214//3499 3212//3499
f 3213//3500 3215//3500 3216//3500
f 3213//3500 3216//3500 3214//3500
f 3215//3501 3217//3501 3218//3501
f 3215//3501 3218//3501 3216//3501
f 3217//3502 3219//3502 3220//3502
f 3217//3502 3220//3502 3218//3502
f 3219//3503 3221//3503 3222//3503
f 3219//3503 3222//3503 3220//3503
f 3221//3504 3223//3504 3224//3504
f 3221//3504 3224//3504 3222//3504
f 3223//3505 3225//3505 3224//3505
f 3224//3505 3225//3505 3226//3505
f 3225//3506 3227//3506 3228//3506
f 3225//3506 3228//3506 3226//3506
f 3227//3507 3229//3507 3230//3507
f 3227//3507 3230//3507 3228//3507
f 3229//3508 3231//3508 3232//3508
f 3229//3508 3232//3508 3230//3508
f 3231//3509 3233//3509 3232//3509
f 3232//3509 3233//3509 3234//3509
f 3233//3510 3235//3510 3234//3510
f 3234//3510 3235//3510 3236//3510
f 3235//3511 3237//3511 3236//3511
f 3236//3511 3237//3511 3238//3511
f 3182//3512 3181//3512 3239//3512
f 3182//3512 3239//3512 3240//3512
f 3181//3513 3184//3513 3239//3513
f 3239//3513 3184//3513 3241//3513
f 3184//3514 3186//3514 3241//3514
f 3241//3514 3186//3514 3242//3514
f 3186//3515 3188//3515 3243//3515
f 3186//3515 3243//3515 3242//3515
f 3188//3516 3190//3516 3244//3516
f 3188//3516 3244//3516 3243//3516
f 3190//3517 3192//3517 3245//3517
f 3190//3517 3245//3517 3244//3517
f 3192//3518 3194//3518 3246//3518
f 3192//3518 3246//3518 3245//3518
f 3194//3519 3196//3519 3246//3519
f 3246//3519 3196//3519 3247//3519
f 3196//3520 3198//3520 3248//3520
f 3196//3520 3248//3520 3247//3520
f 3198//3521 3200//3521 3249//3521
f 3198//3521 3249//3521 3248//3521
f 3200//3522 3202//3522 3250//3522
f 3200//3522 3250//3522 3249//3522
f 3202//3523 3204//3523 3251//3523
f 3202//3523 3251//3523 3250//3523
f 3204//3524 3206//3524 3251//3524
f 3251//3524 3206//3524 3252//3524
f 3206//3525 3208//3525 3252//3525
f 3252//3525 3208//3525 3253//3525
f 3208//3526 3210//3526 3254//3526
f 3208//3526 3254//3526 3253//3526
f 3210//3527 3212//3527 3255//3527
f 3210//3527 3255//3527 3254//3527
f 3212//3528 3214//3528 3256//3528
f 3212//3528 3256//3528 3255//3528
f 3214//3529 3216//3529 3256//3529
f 3256//3529 3216//3529 3257//3529
f 3216//3530 3218//3530 3257//3530
f 3257//3530 3218//3530 3258//3530
f 3218//3531 3220//3531 3258//3531
f 3258//3531 3220//3531 3259//3531
f 3220//3532 3222//3532 3259//3532
f 3259//3532 3222//3532 3260//3532
f 3222//3533 3224//3533 3261//3533
f 3222//3533 3261//3533 3260//3533
f 3224//3534 3226//3534 3261//3534
f 3261//3534 3226//3534 3262//3534
f 3226//3535 3228//3535 3262//3535
f 3262//3535 3228//3535 3263//3535
f 3228//3536 3230//3536 3263//3536
f 3263//3536 3230//3536 3264//3536
f 3230//3537 3232//3537 3264//3537
f 3264//3537 3232//3537 3265//3537
f 3232//3538 3234//3538 3266//3538
f 3232//3538 3266//3538 3265//3538
f 3234//3539 3236//3539 3267//3539
f 3234//3539 3267//3539 3266//3539
f 3236//3540 3238//3540 3268//3540
f 3236//3540 3268//3540 3267//3540
f 3240//3541 3239//3541 3269//3541
f 3240//3541 3269//3541 3270//3541
f 3239//3542 3241//3542 3271//3542
f 3239//3542 3271//3542 3269//3542
f 3241//3543 3242//3543 3272//3543
f 3241//3543 3272//3543 3271//3543
f 3242//3544 3243//3544 3273//3544
f 3242//3544 3273//3544 3272//3544
f 3243//3545 3244//3545 3273//3545
f 3273//3545 3244//3545 3274//3545
f 3244//3546 3245//3546 3274//3546
f 3274//3546 3245//3546 3275//3546
f 3245//3547 3246//3547 3276//3547
f 3245//3547 3276//3547 3275//3547
f 3246//3548 3247//3548 3276//3548
f 3276//3548 3247//3548 3277//3548
f 3247//3549 3248//3549 3277//3549
f 3277//3549 3248//3549 3278//3549
f 3248//3550 3249//3550 3278//3550
f 3278//3550 3249//3550 3279//3550
f 3249//3551 3250//3551 3279//3551
f 3279//3551 3250//3551 3280//3551
f 3250//3552 3251//3552 3281//3552
f 3250//3552 3281//3552 3280//3552
f 3251//3553 3252//3553 3282//3553
f 3251//3553 3282//3553 3281//3553
f 3252//3554 3253//3554 3283//3554
f 3252//3554 3283//3554 3282//3554
f 3253//3555 3254//3555 3284//3555
f 3253//3555 3284//3555 3283//3555
f 3254//3556 3255//3556 3284//3556
f 3284//3556 3255//3556 3285//3556
f 3255//3557 3256//3557 3285//3557
f 3285//3557 3256//3557 3286//3557
f 3256//3558 3257//3558 3286//3558
f 3286//3558 3257//3558 3287//3558
f 3257//3559 3258//3559 3288//3559
f 3257//3559 3288//3559 3287//3559
f 3258//3560 3259//3560 3289//3560
f 3258//3560 3289//3560 3288//3560
f 3259//3561 3260//3561 3290//3561
f 3259//3561 3290//3561 3289//3561
f 3260//3562 3261//3562 3291//3562
f 3260//3562 3291//3562 3290//3562
f 3261//3563 3262//3563 3291//3563
f 3291//3563 3262//3563 3292//3563
f 3262//3564 3263//3564 3293//3564
f 3262//3564 3293//3564 3292//3564
f 3263//3565 3264//3565 3294//3565
f 3263//3565 3294//3565 3293//3565
f 3264//3566 3265//3566 3294//3566
f 3294//3566 3265//3566 3295//3566
f 3265//3567 3266//3567 3295//3567
f 3295//3567 3266//3567 3296//3567
f 3266//3568 3267//3568 3296//3568
f 3296//3568 3267//3568 3297//3568
f 3267//3569 3268//3569 3297//3569
f 3297//3569 3268//3569 3298//3569
f 3299//3570 2974//3570 3179//3570
f 2974//3571 3008//3571 3179//3571
f 3008//3572 3007//3572 3179//3572
f 3007//3573 3006//3573 3180//3573
f 3006//3574 3005//3574 3183//3574
f 3005//3575 3004//3575 3185//3575
f 3004//3576 3003//3576 3187//3576
f 3003//3577 3002//3577 3189//3577
f 3002//3578 3001//3578 3191//3578
f 3001//3579 3000//3579 3193//3579
f 3000//3580 2999//3580 3193//3580
f 2999//3581 2998//3581 3195//3581
f 2998//3582 2997//3582 3197//3582
f 2997//3583 2996//3583 3199//3583
f 2996//3584 2995//3584 3201//3584
f 2995//3585 2994//3585 3203//3585
f 2994//3586 2993//3586 3205//3586
f 2993//3587 2992//3587 3207//3587
f 2992//3588 2991//3588 3207//3588
f 2991//3589 2990//3589 3209//3589
f 2990//3590 2989//3590 3211//3590
f 2989//3591 2988//3591 3213//3591
f 2988//3592 2987//3592 3215//3592
f 2987//3593 2986//3593 3217//3593
f 2986//3594 2985//3594 3219//3594
f 2985//3595 2984//3595 3221//3595
f 2984//3596 2983//3596 3223//3596
f 2983//3597 2982//3597 3223//3597
f 2982//3598 2981//3598 3225//3598
f 2981//3599 2980//3599 3227//3599
f 2980//3600 2979//3600 3229//3600
f 2979//3601 2978//3601 3231//3601
f 2978//3602 2977//3602 3233//3602
f 2977//3603 2976//3603 3235//3603
f 2976//3604 2975//3604 3237//3604
f 2975//3605 2974//3605 3237//3605
f 2974//3606 3299//3606 3237//3606
f 3299//3607 3300//3607 3238//3607
f 3300//3608 3301//3608 3268//3608
f 3301//3609 3302//3609 3298//3609
f 3302//3610 3303//3610 3298//3610
f 3303//3611 3304//3611 3297//3611
f 3304//3612 3305//3612 3296//3612
f 3305//3613 3306//3613 3295//3613
f 3306//3614 3307//3614 3294//3614
f 3307//3615 3308//3615 3293//3615
f 3308//3616 3309//3616 3292//3616
f 3309//3617 3310//3617 3291//3617
f 3310//3618 3311//3618 3290//3618
f 3311//3619 3312//3619 3289//3619
f 3312//3620 3313//3620 3288//3620
f 3313//3621 3314//3621 3287//3621
f 3314//3622 3315//3622 3286//3622
f 3315//3623 3316//3623 3285//3623
f 3316//3624 3317//3624 3284//3624
f 3317//3625 3318//3625 3283//3625
f 3318//3626 3319//3626 3282//3626
f 3319//3627 3320//3627 3281//3627
f 3320//3628 3321//3628 3280//3628
f 3321//3629 3322//3629 3279//3629
f 3322//3630 3323//3630 3278//3630
f 3323//3631 3324//3631 3277//3631
f 3324//3632 3325//3632 3276//3632
f 3325//3633 3326//3633 3275//3633
f 3326//3634 3327//3634 3274//3634
f 3327//3635 3328//3635 3273//3635
f 3328//3636 3329//3636 3272//3636
f 3329//3637 3330//3637 3271//3637
f 3330//3638 3331//3638 3269//3638
f 3331//3639 3332//3639 3270//3639
f 3332//3640 3302//3640 3270//3640
f 3302//3641 3301//3641 3270//3641
f 3301//3642 3300//3642 3240//3642
f 3300//3643 3299//3643 3182//3643
f 3180//3644 3179//3644 3007//3644
f 3183//3645 3180//3645 3006//3645
f 3185//3646 3183//3646 3005//3646
f 3187//3647 3185//3647 3004//3647
f 3189//3648 3187//3648 3003//3648
f 3191//3649 3189//3649 3002//3649
f 3193//3650 3191//3650 3001//3650
f 3179//3651 3182//3651 3299//3651
f 3182//3652 3240//3652 3300//3652
f 3240//3653 3270//3653 3301//3653
f 3270//3639 3269//3639 3331//3639
f 3269//3638 3271//3638 3330//3638
f 3271//3637 3272//3637 3329//3637
f 3272//3636 3273//3636 3328//3636
f 3273//3635 3274//3635 3327//3635
f 3274//3634 3275//3634 3326//3634
f 3275//3633 3276//3633 3325//3633
f 3195//3654 3193//3654 2999//3654
f 3197//3655 3195//3655 2998//3655
f 3199//3656 3197//3656 2997//3656
f 3201//3657 3199//3657 2996//3657
f 3203//3658 3201//3658 2995//3658
f 3205//3659 3203//3659 2994//3659
f 3207//3660 3205//3660 2993//3660
f 3209//3588 3207//3588 2991//3588
f 3276//3632 3277//3632 3324//3632
f 3277//3631 3278//3631 3323//3631
f 3278//3630 3279//3630 3322//3630
f 3279//3629 3280//3629 3321//3629
f 3280//3628 3281//3628 3320//3628
f 3281//3627 3282//3627 3319//3627
f 3282//3626 3283//3626 3318//3626
f 3283//3625 3284//3625 3317//3625
f 3211//3661 3209//3661 2990//3661
f 3213//3662 3211//3662 2989//3662
f 3215//3663 3213//3663 2988//3663
f 3217//3664 3215//3664 2987//3664
f 3219//3665 3217//3665 2986//3665
f 3221//3666 3219//3666 2985//3666
f 3223//3667 3221//3667 2984//3667
f 3225//3668 3223//3668 2982//3668
f 3284//3624 3285//3624 3316//3624
f 3285//3623 3286//3623 3315//3623
f 3286//3622 3287//3622 3314//3622
f 3287//3621 3288//3621 3313//3621
f 3288//3620 3289//3620 3312//3620
f 3289//3619 3290//3619 3311//3619
f 3290//3618 3291//3618 3310//3618
f 3291//3617 3292//3617 3309//3617
f 3227//3669 3225//3669 2981//3669
f 3229//3670 3227//3670 2980//3670
f 3231//3671 3229//3671 2979//3671
f 3233//3672 3231//3672 2978//3672
f 3235//3673 3233//3673 2977//3673
f 3237//3674 3235//3674 2976//3674
f 3238//3675 3237//3675 3299//3675
f 3268//3676 3238//3676 3300//3676
f 3298//3677 3268//3677 3301//3677
f 3292//3616 3293//3616 3308//3616
f 3293//3615 3294//3615 3307//3615
f 3294//3614 3295//3614 3306//3614
f 3295//3613 3296//3613 3305//3613
f 3296//3612 3297//3612 3304//3612
f 3297//3611 3298//3611 3303//3611
f 3057//3678 3333//3678 3056//3678
f 3333//3679 3334//3679 3056//3679
f 3334//3680 3335//3680 3055//3680
f 3335//3681 3336//3681 3054//3681
f 3336//3682 3337//3682 3053//3682
f 3337//3683 3338//3683 3052//3683
f 3338//3684 3339//3684 3051//3684
f 3339//3685 3340//3685 3050//3685
f 3340//3686 3341//3686 3049//3686
f 3341//3687 3342//3687 3048//3687
f 3342//3688 3343//3688 3178//3688
f 3343//3689 3344//3689 3177//3689
f 3344//3690 3345//3690 3176//3690
f 3345//3691 3346//3691 3175//3691
f 3346//3692 3347//3692 3174//3692
f 3347//3693 3348//3693 3173//3693
f 3348//3694 3349//3694 3172//3694
f 3349//3695 3350//3695 3172//3695
f 3350//3696 3333//3696 3170//3696
f 3333//3697 3057//3697 3170//3697
f 3170//3698 3171//3698 3350//3698
f 3171//3699 3172//3699 3350//3699
f 3172//3700 3173//3700 3348//3700
f 3173//3701 3174//3701 3347//3701
f 3174//3702 3175//3702 3346//3702
f 3175//3703 3176//3703 3345//3703
f 3176//3704 3177//3704 3344//3704
f 3177//3705 3178//3705 3343//3705
f 3178//3706 3047//3706 3342//3706
f 3047//3707 3048//3707 3342//3707
f 3048//3708 3049//3708 3341//3708
f 3049//3709 3050//3709 3340//3709
f 3050//3710 3051//3710 3339//3710
f 3051//3711 3052//3711 3338//3711
f 3052//3712 3053//3712 3337//3712
f 3053//3713 3054//3713 3336//3713
f 3054//3714 3055//3714 3335//3714
f 3055//3715 3056//3715 3334//3715
f 3061//847 3351//847 3064//847
f 3351//847 3128//847 3064//847
f 3064//847 3128//847 3066//847
f 3128//847 3126//847 3066//847
f 3066//847 3126//847 3068//847
f 3126//847 3124//847 3068//847
f 3068//847 3124//847 3070//847
f 3124//847 3122//847 3070//847
f 3070//847 3122//847 3072//847
f 3122//847 3120//847 3072//847
f 3072//847 3120//847 3074//847
f 3120//847 3118//847 3074//847
f 3074//847 3118//847 3076//847
f 3118//847 3116//847 3076//847
f 3076//847 3116//847 3078//847
f 3116//847 3114//847 3078//847
f 3078//847 3114//847 3080//847
f 3114//847 3112//847 3080//847
f 3080//847 3112//847 3082//847
f 3112//847 3110//847 3082//847
f 3082//847 3110//847 3084//847
f 3110//847 3108//847 3084//847
f 3084//847 3108//847 3086//847
f 3108//847 3106//847 3086//847
f 3086//847 3106//847 3088//847
f 3106//847 3104//847 3088//847
f 3088//847 3104//847 3090//847
f 3104//847 3102//847 3090//847
f 3090//847 3102//847 3092//847
f 3102//847 3100//847 3092//847
f 3092//847 3100//847 3094//847
f 3100//847 3098//847 3094//847
f 3094//847 3098//847 3096//847
f 3303//2782 3302//2782 3304//2782
f 3302//2782 3332//2782 3304//2782
f 3304//2782 3332//2782 3305//2782
f 3332//2782 3331//2782 3305//2782
f 3305//2782 3331//2782 3306//2782
f 3331//2782 3330//2782 3306//2782
f 3306//2782 3330//2782 3307//2782
f 3330//2782 3329//2782 3307//2782
f 3307//2782 3329//2782 3308//2782
f 3329//2782 3328//2782 3308//2782
f 3308//2782 3328//2782 3309//2782
f 3328//2782 3327//2782 3309//2782
f 3309//2782 3327//2782 3310//2782
f 3327//2782 3326//2782 3310//2782
f 3310//2782 3326//2782 3311//2782
f 3326//2782 3325//2782 3311//2782
f 3311//2782 3325//2782 3312//2782
f 3325//2782 3324//2782 3312//2782
f 3312//2782 3324//2782 3313//2782
f 3324//2782 3323//2782 3313//2782
f 3313//2782 3323//2782 3314//2782
f 3323//2782 3322//2782 3314//2782
f 3314//2782 3322//2782 3315//2782
f 3322//2782 3321//2782 3315//2782
f 3315//2782 3321//2782 3316//2782
f 3321//2782 3320//2782 3316//2782
f 3316//2782 3320//2782 3317//2782
f 3320//2782 3319//2782 3317//2782
f 3317//2782 3319//2782 3318//2782
f 3352//359 3353//359 3354//359
f 3354//359 3353//359 3355//359
f 3353//361 3356//361 3357//361
f 3353//361 3357//361 3355//361
f 3356//362 3358//362 3359//362
f 3356//362 3359//362 3357//362
f 3358//363 3360//363 3361//363
f 3358//363 3361//363 3359//363
f 3360//364 3362//364 3361//364
f 3361//364 3362//364 3363//364
f 3362//365 3364//365 3363//365
f 3363//365 3364//365 3365//365
f 3364//366 3366//366 3367//366
f 3364//366 3367//366 3365//366
f 3366//3716 3368//3716 3369//3716
f 3366//3716 3369//3716 3367//3716
f 3368//3717 3370//3717 3369//3717
f 3369//3717 3370//3717 3371//3717
f 3370//348 3372//348 3371//348
f 3371//348 3372//348 3373//348
f 3372//350 3374//350 3375//350
f 3372//350 3375//350 3373//350
f 3374//351 3376//351 3377//351
f 3374//351 3377//351 3375//351
f 3376//352 3378//352 3379//352
f 3376//352 3379//352 3377//352
f 3378//353 3380//353 3379//353
f 3379//353 3380//353 3381//353
f 3380//354 3382//354 3381//354
f 3381//354 3382//354 3383//354
f 3382//355 3384//355 3385//355
f 3382//355 3385//355 3383//355
f 3354//930 3355//930 3386//930
f 3386//931 3355//931 3387//931
f 3355//381 3357//381 3387//381
f 3387//381 3357//381 3388//381
f 3357//382 3359//382 3388//382
f 3388//382 3359//382 3389//382
f 3359//383 3361//383 3390//383
f 3359//383 3390//383 3389//383
f 3361//384 3363//384 3391//384
f 3361//384 3391//384 3390//384
f 3363//385 3365//385 3392//385
f 3363//385 3392//385 3391//385
f 3365//932 3367//932 3393//932
f 3365//387 3393//387 3392//387
f 3367//3718 3369//3718 3393//3718
f 3393//3718 3369//3718 3394//3718
f 3369//3719 3371//3719 3395//3719
f 3369//3719 3395//3719 3394//3719
f 3371//927 3373//927 3395//927
f 3395//928 3373//928 3396//928
f 3373//370 3375//370 3396//370
f 3396//370 3375//370 3397//370
f 3375//371 3377//371 3397//371
f 3397//371 3377//371 3398//371
f 3377//372 3379//372 3399//372
f 3377//372 3399//372 3398//372
f 3379//373 3381//373 3400//373
f 3379//373 3400//373 3399//373
f 3381//374 3383//374 3401//374
f 3381//374 3401//374 3400//374
f 3383//929 3385//929 3402//929
f 3383//376 3402//376 3401//376
f 3386//397 3387//397 3403//397
f 3403//397 3387//397 3404//397
f 3387//398 3388//398 3404//398
f 3404//398 3388//398 3405//398
f 3388//399 3389//399 3405//399
f 3405//399 3389//399 3406//399
f 3389//400 3390//400 3407//400
f 3389//400 3407//400 3406//400
f 3390//401 3391//401 3408//401
f 3390//401 3408//401 3407//401
f 3391//402 3392//402 3409//402
f 3391//402 3409//402 3408//402
f 3392//403 3393//403 3410//403
f 3392//403 3410//403 3409//403
f 3393//3720 3394//3720 3410//3720
f 3410//3720 3394//3720 3411//3720
f 3394//3721 3395//3721 3412//3721
f 3394//3721 3412//3721 3411//3721
f 3395//388 3396//388 3412//388
f 3412//388 3396//388 3413//388
f 3396//389 3397//389 3413//389
f 3413//389 3397//389 3414//389
f 3397//390 3398//390 3414//390
f 3414//390 3398//390 3415//390
f 3398//391 3399//391 3416//391
f 3398//391 3416//391 3415//391
f 3399//392 3400//392 3417//392
f 3399//392 3417//392 3416//392
f 3400//393 3401//393 3418//393
f 3400//393 3418//393 3417//393
f 3401//394 3402//394 3419//394
f 3401//394 3419//394 3418//394
f 3420//3722 3333//3722 3352//3722
f 3333//404 3350//404 3352//404
f 3350//405 3349//405 3352//405
f 3349//406 3348//406 3353//406
f 3348//407 3347//407 3356//407
f 3347//408 3346//408 3358//408
f 3346//409 3345//409 3360//409
f 3345//410 3344//410 3362//410
f 3344//411 3343//411 3364//411
f 3343//412 3342//412 3366//412
f 3342//439 3341//439 3368//439
f 3341//440 3340//440 3370//440
f 3340//441 3339//441 3372//441
f 3339//442 3338//442 3376//442
f 3338//443 3337//443 3378//443
f 3337//444 3336//444 3380//444
f 3336//445 3335//445 3382//445
f 3335//446 3334//446 3384//446
f 3334//447 3333//447 3384//447
f 3333//3723 3420//3723 3384//3723
f 3420//3724 3421//3724 3385//3724
f 3421//3725 3422//3725 3402//3725
f 3422//3726 3423//3726 3419//3726
f 3423//426 3424//426 3419//426
f 3424//427 3425//427 3418//427
f 3425//428 3426//428 3417//428
f 3426//429 3427//429 3416//429
f 3427//430 3428//430 3415//430
f 3428//431 3429//431 3414//431
f 3429//451 3430//451 3413//451
f 3430//433 3431//433 3412//433
f 3431//434 3432//434 3411//434
f 3432//417 3433//417 3410//417
f 3433//418 3434//418 3409//418
f 3434//419 3435//419 3408//419
f 3435//420 3436//420 3407//420
f 3436//421 3437//421 3406//421
f 3437//422 3438//422 3405//422
f 3438//452 3439//452 3404//452
f 3439//424 3440//424 3403//424
f 3440//425 3423//425 3403//425
f 3423//3727 3422//3727 3403//3727
f 3422//3728 3421//3728 3386//3728
f 3421//3729 3420//3729 3354//3729
f 3353//405 3352//405 3349//405
f 3356//406 3353//406 3348//406
f 3358//407 3356//407 3347//407
f 3360//408 3358//408 3346//408
f 3362//409 3360//409 3345//409
f 3364//410 3362//410 3344//410
f 3366//411 3364//411 3343//411
f 3352//3730 3354//3730 3420//3730
f 3354//3731 3386//3731 3421//3731
f 3386//3732 3403//3732 3422//3732
f 3403//424 3404//424 3439//424
f 3404//452 3405//452 3438//452
f 3405//422 3406//422 3437//422
f 3406//421 3407//421 3436//421
f 3407//420 3408//420 3435//420
f 3408//419 3409//419 3434//419
f 3409//418 3410//418 3433//418
f 3368//412 3366//412 3342//412
f 3370//439 3368//439 3341//439
f 3372//440 3370//440 3340//440
f 3374//441 3372//441 3339//441
f 3376//442 3374//442 3339//442
f 3378//443 3376//443 3338//443
f 3380//444 3378//444 3337//444
f 3382//445 3380//445 3336//445
f 3410//417 3411//417 3432//417
f 3411//434 3412//434 3431//434
f 3412//433 3413//433 3430//433
f 3413//451 3414//451 3429//451
f 3414//431 3415//431 3428//431
f 3415//430 3416//430 3427//430
f 3416//429 3417//429 3426//429
f 3417//428 3418//428 3425//428
f 3384//446 3382//446 3335//446
f 3385//3733 3384//3733 3420//3733
f 3402//3734 3385//3734 3421//3734
f 3419//3735 3402//3735 3422//3735
f 3418//427 3419//427 3424//427
f 3441//847 3442//847 3443//847
f 3442//847 3444//847 3443//847
f 3443//847 3444//847 3445//847
f 3444//847 3446//847 3445//847
f 3445//847 3440//847 3447//847
f 3440//849 3439//849 3447//849
f 3447//847 3439//847 3448//847
f 3439//847 3438//847 3448//847
f 3448//847 3438//847 3449//847
f 3438//847 3437//847 3449//847
f 3449//847 3437//847 3450//847
f 3437//847 3436//847 3450//847
f 3450//847 3436//847 3451//847
f 3436//847 3435//847 3451//847
f 3451//847 3435//847 3452//847
f 3435//847 3434//847 3452//847
f 3452//847 3434//847 3453//847
f 3434//848 3433//848 3453//848
f 3453//847 3433//847 3454//847
f 3433//847 3432//847 3454//847
f 3454//847 3432//847 3455//847
f 3432//847 3431//847 3455//847
f 3455//847 3431//847 3456//847
f 3431//848 3430//848 3456//848
f 3456//847 3430//847 3457//847
f 3430//847 3429//847 3457//847
f 3457//847 3429//847 3458//847
f 3429//847 3428//847 3458//847
f 3458//847 3428//847 3446//847
f 3428//847 3427//847 3446//847
f 3446//847 3423//847 3445//847
f 3423//847 3440//847 3445//847
f 3423//847 3446//847 3424//847
f 3424//847 3446//847 3425//847
f 3446//847 3426//847 3425//847
f 3426//847 3446//847 3427//847
f 3459//359 3460//359 3461//359
f 3462//360 3459//360 3461//360
f 3463//361 3464//361 3460//361
f 3459//361 3463//361 3460//361
f 3465//362 3466//362 3464//362
f 3463//362 3465//362 3464//362
f 3467//363 3468//363 3466//363
f 3465//363 3467//363 3466//363
f 3467//364 3469//364 3468//364
f 3470//364 3469//364 3467//364
f 3470//365 3471//365 3469//365
f 3472//365 3471//365 3470//365
f 3472//366 3473//366 3471//366
f 3474//367 3473//367 3472//367
f 3474//3716 3475//3716 3473//3716
f 3476//3716 3475//3716 3474//3716
f 3477//3717 3478//3717 3475//3717
f 3476//3717 3477//3717 3475//3717
f 3479//348 3480//348 3478//348
f 3477//349 3479//349 3478//349
f 3481//350 3482//350 3480//350
f 3479//350 3481//350 3480//350
f 3483//351 3484//351 3482//351
f 3481//351 3483//351 3482//351
f 3485//352 3486//352 3484//352
f 3483//352 3485//352 3484//352
f 3485//353 3487//353 3486//353
f 3488//353 3487//353 3485//353
f 3488//354 3489//354 3487//354
f 3490//354 3489//354 3488//354
f 3490//355 3491//355 3489//355
f 3492//356 3491//356 3490//356
f 3493//379 3459//379 3462//379
f 3494//380 3459//380 3493//380
f 3494//381 3463//381 3459//381
f 3495//381 3463//381 3494//381
f 3495//382 3465//382 3463//382
f 3496//382 3465//382 3495//382
f 3497//383 3467//383 3465//383
f 3496//383 3497//383 3465//383
f 3498//384 3470//384 3467//384
f 3497//384 3498//384 3467//384
f 3499//385 3472//385 3470//385
f 3498//385 3499//385 3470//385
f 3500//386 3474//386 3472//386
f 3499//387 3500//387 3472//387
f 3501//3718 3476//3718 3474//3718
f 3500//3718 3501//3718 3474//3718
f 3501//3719 3477//3719 3476//3719
f 3502//3719 3477//3719 3501//3719
f 3502//368 3479//368 3477//368
f 3503//369 3479//369 3502//369
f 3503//370 3481//370 3479//370
f 3504//370 3481//370 3503//370
f 3504//371 3483//371 3481//371
f 3505//371 3483//371 3504//371
f 3506//372 3485//372 3483//372
f 3505//372 3506//372 3483//372
f 3507//373 3488//373 3485//373
f 3506//373 3507//373 3485//373
f 3508//374 3490//374 3488//374
f 3507//374 3508//374 3488//374
f 3509//375 3492//375 3490//375
f 3508//376 3509//376 3490//376
f 3510//397 3494//397 3493//397
f 3511//397 3510//397 3493//397
f 3512//398 3495//398 3494//398
f 3510//398 3512//398 3494//398
f 3513//399 3496//399 3495//399
f 3512//399 3513//399 3495//399
f 3514//400 3497//400 3496//400
f 3513//400 3514//400 3496//400
f 3514//401 3498//401 3497//401
f 3515//401 3498//401 3514//401
f 3515//402 3499//402 3498//402
f 3516//402 3499//402 3515//402
f 3516//403 3500//403 3499//403
f 3517//403 3500//403 3516//403
f 3517//3720 3501//3720 3500//3720
f 3518//3720 3501//3720 3517//3720
f 3519//3721 3502//3721 3501//3721
f 3518//3721 3519//3721 3501//3721
f 3520//388 3503//388 3502//388
f 3519//388 3520//388 3502//388
f 3521//389 3504//389 3503//389
f 3520//389 3521//389 3503//389
f 3522//390 3505//390 3504//390
f 3521//390 3522//390 3504//390
f 3523//391 3506//391 3505//391
f 3522//391 3523//391 3505//391
f 3523//392 3507//392 3506//392
f 3524//392 3507//392 3523//392
f 3524//393 3508//393 3507//393
f 3525//393 3508//393 3524//393
f 3525//394 3509//394 3508//394
f 3526//394 3509//394 3525//394
f 3475//439 3527//439 3528//439
f 3478//440 3529//440 3527//440
f 3480//441 3530//441 3529//441
f 3482//442 3531//442 3530//442
f 3484//443 3532//443 3531//443
f 3486//444 3533//444 3532//444
f 3489//445 3534//445 3533//445
f 3491//446 3535//446 3534//446
f 3491//447 3536//447 3535//447
f 3491//3736 3537//3736 3536//3736
f 3492//3737 3538//3737 3537//3737
f 3509//3738 3539//3738 3538//3738
f 3526//3739 3442//3739 3539//3739
f 3526//426 3444//426 3442//426
f 3525//427 3446//427 3444//427
f 3524//428 3458//428 3446//428
f 3523//429 3457//429 3458//429
f 3522//430 3456//430 3457//430
f 3521//431 3455//431 3456//431
f 3520//432 3454//432 3455//432
f 3519//433 3453//433 3454//433
f 3518//434 3452//434 3453//434
f 3517//417 3451//417 3452//417
f 3516//418 3450//418 3451//418
f 3515//419 3449//419 3450//419
f 3514//420 3448//420 3449//420
f 3513//421 3447//421 3448//421
f 3512//422 3445//422 3447//422
f 3510//423 3443//423 3445//423
f 3511//424 3441//424 3443//424
f 3511//425 3442//425 3441//425
f 3511//3740 3539//3740 3442//3740
f 3493//3741 3538//3741 3539//3741
f 3462//3742 3537//3742 3538//3742
f 3461//3743 3536//3743 3537//3743
f 3461//404 3540//404 3536//404
f 3461//405 3541//405 3540//405
f 3460//406 3542//406 3541//406
f 3464//407 3543//407 3542//407
f 3466//408 3544//408 3543//408
f 3468//409 3545//409 3544//409
f 3469//410 3546//410 3545//410
f 3471//411 3547//411 3546//411
f 3473//412 3528//412 3547//412
f 3541//405 3461//405 3460//405
f 3542//406 3460//406 3464//406
f 3543//407 3464//407 3466//407
f 3544//408 3466//408 3468//408
f 3545//409 3468//409 3469//409
f 3546//410 3469//410 3471//410
f 3547//411 3471//411 3473//411
f 3537//3744 3462//3744 3461//3744
f 3538//3745 3493//3745 3462//3745
f 3539//3746 3511//3746 3493//3746
f 3443//424 3510//424 3511//424
f 3445//452 3512//452 3510//452
f 3447//422 3513//422 3512//422
f 3448//421 3514//421 3513//421
f 3449//420 3515//420 3514//420
f 3450//419 3516//419 3515//419
f 3451//418 3517//418 3516//418
f 3528//412 3473//412 3475//412
f 3527//439 3475//439 3478//439
f 3529//440 3478//440 3480//440
f 3530//441 3480//441 3482//441
f 3531//442 3482//442 3484//442
f 3532//443 3484//443 3486//443
f 3533//444 3486//444 3487//444
f 3533//445 3487//445 3489//445
f 3452//417 3518//417 3517//417
f 3453//434 3519//434 3518//434
f 3454//433 3520//433 3519//433
f 3455//451 3521//451 3520//451
f 3456//431 3522//431 3521//431
f 3457//430 3523//430 3522//430
f 3458//429 3524//429 3523//429
f 3446//428 3525//428 3524//428
f 3534//446 3489//446 3491//446
f 3537//3747 3491//3747 3492//3747
f 3538//3748 3492//3748 3509//3748
f 3539//3749 3509//3749 3526//3749
f 3444//427 3526//427 3525//427
f 3548//774 3535//774 3536//774
f 3549//775 3534//775 3535//775
f 3550//776 3533//776 3534//776
f 3551//777 3532//777 3533//777
f 3552//778 3531//778 3532//778
f 3553//779 3530//779 3531//779
f 3554//780 3529//780 3530//780
f 3555//781 3527//781 3529//781
f 3556//782 3528//782 3527//782
f 3556//796 3557//796 3528//796
f 3556//574 3558//574 3557//574
f 3559//795 3528//795 3557//795
f 3559//763 3547//763 3528//763
f 3560//764 3546//764 3547//764
f 3561//765 3545//765 3546//765
f 3562//766 3544//766 3545//766
f 3563//767 3543//767 3544//767
f 3564//768 3542//768 3543//768
f 3565//769 3541//769 3542//769
f 3566//770 3540//770 3541//770
f 3567//771 3536//771 3540//771
f 3558//671 3556//671 3568//671
f 3558//576 3568//576 3555//576
f 3558//793 3555//793 3569//793
f 3558//581 3569//581 3570//581
f 3558//582 3570//582 3554//582
f 3558//3750 3554//3750 3571//3750
f 3558//584 3571//584 3553//584
f 3527//797 3555//797 3568//797
f 3529//3751 3570//3751 3569//3751
f 3530//799 3571//799 3554//799
f 3558//585 3553//585 3572//585
f 3558//586 3572//586 3552//586
f 3558//587 3552//587 3573//587
f 3558//592 3573//592 3551//592
f 3558//593 3551//593 3574//593
f 3558//594 3574//594 3550//594
f 3558//595 3550//595 3575//595
f 3558//596 3575//596 3576//596
f 3531//800 3572//800 3553//800
f 3532//801 3551//801 3573//801
f 3533//804 3550//804 3574//804
f 3534//3752 3576//3752 3575//3752
f 3558//803 3576//803 3549//803
f 3558//598 3549//598 3577//598
f 3558//599 3577//599 3548//599
f 3558//604 3548//604 3578//604
f 3558//605 3578//605 3567//605
f 3558//606 3567//606 3579//606
f 3558//607 3579//607 3566//607
f 3558//783 3566//783 3580//783
f 3535//806 3577//806 3549//806
f 3536//773 3578//773 3548//773
f 3536//772 3567//772 3578//772
f 3540//785 3566//785 3579//785
f 3558//609 3580//609 3581//609
f 3558//610 3581//610 3565//610
f 3558//611 3565//611 3582//611
f 3558//616 3582//616 3564//616
f 3558//683 3564//683 3583//683
f 3558//618 3583//618 3563//618
f 3558//619 3563//619 3584//619
f 3558//620 3584//620 3562//620
f 3541//3753 3581//3753 3580//3753
f 3542//787 3582//787 3565//787
f 3543//788 3583//788 3564//788
f 3544//789 3562//789 3584//789
f 3558//621 3562//621 3585//621
f 3558//3754 3585//3754 3561//3754
f 3558//636 3561//636 3586//636
f 3558//559 3586//559 3587//559
f 3558//792 3587//792 3560//792
f 3558//571 3560//571 3588//571
f 3558//670 3588//670 3559//670
f 3545//790 3561//790 3585//790
f 3546//3755 3587//3755 3586//3755
f 3547//794 3588//794 3560//794
f 3577//815 3535//815 3548//815
f 3576//816 3534//816 3549//816
f 3575//817 3550//817 3534//817
f 3574//759 3551//759 3533//759
f 3573//818 3552//818 3532//818
f 3572//819 3531//819 3552//819
f 3571//629 3530//629 3553//629
f 3570//820 3529//820 3554//820
f 3569//821 3555//821 3529//821
f 3568//822 3556//822 3527//822
f 3557//573 3558//573 3559//573
f 3588//807 3547//807 3559//807
f 3587//808 3546//808 3560//808
f 3586//809 3561//809 3546//809
f 3585//750 3562//750 3545//750
f 3584//810 3563//810 3544//810
f 3583//811 3543//811 3563//811
f 3582//640 3542//640 3564//640
f 3581//812 3541//812 3565//812
f 3580//813 3566//813 3541//813
f 3579//814 3567//814 3540//814
